CustomerID,Recency,Frequency,Monetary,R,F,M,RFM_score,Segment
12346,326,1,77183.6,5,1,5,515,Inactive
12347,2,182,4310.0,1,5,5,155,Inactive
12348,75,31,1797.24,4,3,4,434,Potential Loyalists
12349,19,73,1757.55,2,4,4,244,Potential Loyalists
12350,310,17,334.4,5,2,2,522,Inactive
12352,36,85,2506.04,3,4,5,345,Consistent Buyers
12353,204,4,89.0,5,1,1,511,Inactive
12354,232,58,1079.4,5,4,4,544,VIP
12355,214,13,459.4,5,1,2,512,Inactive
12356,23,59,2811.43,2,4,5,245,Potential Loyalists
12357,33,131,6207.67,2,5,5,255,Potential Loyalists
12358,2,19,1168.06,1,2,4,124,Inactive
12359,58,245,6310.03,3,5,5,355,Consistent Buyers
12360,52,129,2662.06,3,5,5,355,Consistent Buyers
12361,287,10,189.9,5,1,1,511,Inactive
12362,3,266,5226.23,1,5,5,155,Inactive
12363,110,23,552.0,4,2,3,423,Inactive
12364,8,85,1313.1,1,4,4,144,Inactive
12365,291,22,641.38,5,2,3,523,Inactive
12367,4,11,168.9,1,1,1,111,Inactive
12370,51,166,3541.94,3,5,5,355,Consistent Buyers
12371,45,63,1887.96,3,4,4,344,Consistent Buyers
12372,72,52,1298.04,3,3,4,334,Potential Loyalists
12373,311,14,364.6,5,1,2,512,Inactive
12374,25,33,742.9300000000001,2,3,3,233,Potential Loyalists
12375,11,17,457.5,1,2,2,122,Inactive
12377,315,77,1628.12,5,4,4,544,VIP
12378,130,219,4008.62,4,5,5,455,VIP
12379,82,40,852.24,4,3,3,433,Potential Loyalists
12380,22,104,2724.81,2,4,5,245,Potential Loyalists
12381,5,87,1845.31,1,4,4,144,Inactive
12383,185,99,1850.56,5,4,4,544,VIP
12384,29,27,585.27,2,2,3,223,Inactive
12386,338,10,401.9,5,1,2,512,Inactive
12388,16,100,2780.66,2,4,5,245,Potential Loyalists
12390,80,32,549.84,4,3,3,433,Potential Loyalists
12391,22,93,439.66,2,4,2,242,Potential Loyalists
12393,72,64,1582.6000000000001,3,4,4,344,Consistent Buyers
12394,64,27,1272.48,3,2,4,324,Inactive
12395,19,156,3018.63,2,5,5,255,Potential Loyalists
12397,36,126,2409.9,3,5,5,355,Consistent Buyers
12398,46,85,1635.6599999999999,3,4,4,344,Consistent Buyers
12399,119,59,1108.65,4,4,4,444,VIP
12401,303,5,84.3,5,1,1,511,Inactive
12402,323,11,225.6,5,1,1,511,Inactive
12403,50,5,427.7,3,1,2,312,Inactive
12405,149,54,1710.39,4,3,4,434,Potential Loyalists
12406,22,105,3415.3,2,4,5,245,Potential Loyalists
12407,50,77,1708.1200000000001,3,4,4,344,Consistent Buyers
12408,33,105,2888.55,2,4,5,245,Potential Loyalists
12409,79,109,11072.67,4,4,5,445,VIP
12410,309,26,693.3299999999999,5,2,3,523,Inactive
12412,75,61,1226.88,4,4,4,444,VIP
12413,67,38,758.1,3,3,3,333,Potential Loyalists
12414,217,18,562.41,5,2,3,523,Inactive
12415,24,716,124914.53,2,5,5,255,Potential Loyalists
12417,3,192,3649.1,1,5,5,155,Inactive
12418,113,34,668.58,4,3,3,433,Potential Loyalists
12420,64,29,600.39,3,2,3,323,Inactive
12421,16,45,807.04,2,3,3,233,Potential Loyalists
12422,96,39,803.5600000000001,4,3,3,433,Potential Loyalists
12423,1,125,1859.31,1,5,4,154,Inactive
12424,163,30,1760.96,4,3,4,434,Potential Loyalists
12425,78,36,777.2,4,3,3,433,Potential Loyalists
12426,195,30,582.73,5,3,3,533,Potential Loyalists
12427,22,31,825.8,2,3,3,233,Potential Loyalists
12428,26,294,7956.46,2,5,5,255,Potential Loyalists
12429,9,97,3750.4,1,4,5,145,Inactive
12430,43,11,256.4,3,1,2,312,Inactive
12431,36,235,6419.95,3,5,5,355,Consistent Buyers
12432,43,108,5059.32,3,4,5,345,Consistent Buyers
12433,1,420,13375.87,1,5,5,155,Inactive
12434,85,50,806.14,4,3,3,433,Potential Loyalists
12435,80,36,7829.89,4,3,5,435,Potential Loyalists
12436,100,16,509.01,4,2,3,423,Inactive
12437,2,200,4951.41,1,5,5,155,Inactive
12438,14,98,2906.85,2,4,5,245,Potential Loyalists
12441,367,11,173.55,5,1,1,511,Inactive
12442,3,12,172.06,1,1,1,111,Inactive
12444,21,177,5005.46,2,5,5,255,Potential Loyalists
12445,22,4,133.4,2,1,1,211,Inactive
12446,58,58,1002.3100000000001,3,4,4,344,Consistent Buyers
12447,243,26,476.49,5,2,2,522,Inactive
12448,44,22,449.45,3,2,2,322,Inactive
12449,22,191,4067.29,2,5,5,255,Potential Loyalists
12450,156,8,197.88,4,1,1,411,Inactive
12451,11,354,9035.52,1,5,5,155,Inactive
12452,17,22,430.57,2,2,2,222,Inactive
12453,134,43,707.09,4,3,3,433,Potential Loyalists
12454,56,15,3528.34,3,2,5,325,Inactive
12455,73,90,2466.86,4,4,5,445,VIP
12456,44,125,3181.04,3,5,5,355,Consistent Buyers
12457,66,63,2363.23,3,4,5,345,Consistent Buyers
12458,71,38,947.4,3,3,4,334,Potential Loyalists
12461,94,35,826.88,4,3,3,433,Potential Loyalists
12462,19,62,1189.59,2,4,4,244,Potential Loyalists
12463,53,83,1344.78,3,4,4,344,Consistent Buyers
12464,10,29,1212.05,1,2,4,124,Inactive
12465,17,47,742.1899999999999,2,3,3,233,Potential Loyalists
12468,188,38,729.5400000000001,5,3,3,533,Potential Loyalists
12471,2,459,19788.65,1,5,5,155,Inactive
12472,32,339,6572.11,2,5,5,255,Potential Loyalists
12473,29,167,3928.0499999999997,2,5,5,255,Potential Loyalists
12474,17,422,7324.09,2,5,5,255,Potential Loyalists
12475,54,36,723.38,3,3,3,333,Potential Loyalists
12476,16,233,6816.42,2,5,5,255,Potential Loyalists
12477,23,300,13219.74,2,5,5,255,Potential Loyalists
12478,4,36,680.99,1,3,3,133,Inactive
12479,11,31,527.2,1,3,3,133,Inactive
12480,28,154,3281.63,2,5,5,255,Potential Loyalists
12481,23,216,5579.82,2,5,5,255,Potential Loyalists
12483,17,75,2484.98,2,4,5,245,Potential Loyalists
12484,33,343,4527.32,2,5,5,255,Potential Loyalists
12488,10,55,1298.66,1,3,4,134,Inactive
12489,336,15,334.93,5,2,2,522,Inactive
12490,5,245,5417.93,1,5,5,155,Inactive
12491,39,26,460.40000000000003,3,2,2,322,Inactive
12492,63,20,263.21000000000004,3,2,2,322,Inactive
12493,166,22,433.74,4,2,2,422,Inactive
12494,16,77,1246.1000000000001,2,4,4,244,Potential Loyalists
12497,82,14,1043.1,4,1,4,414,Inactive
12498,21,23,403.70000000000005,2,2,2,222,Inactive
12500,23,61,4257.82,2,4,5,245,Potential Loyalists
12501,337,149,2169.39,5,5,5,555,VIP
12502,96,147,3723.87,4,5,5,455,VIP
12504,18,9,482.04999999999995,2,1,2,212,Inactive
12506,233,23,73.5,5,2,1,521,Inactive
12507,134,22,1304.81,4,2,4,424,Inactive
12508,26,68,397.88,2,4,2,242,Potential Loyalists
12509,284,7,176.5,5,1,1,511,Inactive
12510,143,33,982.5699999999999,4,3,4,434,Potential Loyalists
12512,66,31,132.18,3,3,1,331,Inactive
12513,113,35,612.29,4,3,3,433,Potential Loyalists
12514,267,51,1017.68,5,3,4,534,Potential Loyalists
12515,353,16,383.7,5,2,2,522,Inactive
12516,78,26,1312.06,4,2,4,424,Inactive
12517,28,279,2481.6,2,5,5,255,Potential Loyalists
12518,1,124,2056.89,1,5,5,155,Inactive
12519,64,17,330.84,3,2,2,322,Inactive
12520,79,152,2634.26,4,5,5,455,VIP
12521,143,38,599.68,4,3,3,433,Potential Loyalists
12522,39,12,192.72,3,1,1,311,Inactive
12523,19,106,1789.77,2,4,4,244,Potential Loyalists
12524,9,144,4485.72,1,5,5,155,Inactive
12526,1,71,1316.66,1,4,4,144,Inactive
12527,82,18,348.71000000000004,4,2,2,422,Inactive
12528,9,92,1933.48,1,4,4,144,Inactive
12530,60,66,1662.28,3,4,4,344,Consistent Buyers
12531,15,17,125.22,2,2,1,221,Inactive
12532,30,16,349.83000000000004,2,2,2,222,Inactive
12534,131,63,1089.18,4,4,4,444,VIP
12535,92,34,716.35,4,3,3,433,Potential Loyalists
12536,43,261,12601.830000000002,3,5,5,355,Consistent Buyers
12538,29,21,363.95,2,2,2,222,Inactive
12539,22,273,5568.35,2,5,5,255,Potential Loyalists
12540,20,478,13400.24,2,5,5,255,Potential Loyalists
12541,30,52,981.18,2,3,4,234,Potential Loyalists
12544,36,19,372.7,3,2,2,322,Inactive
12545,75,50,1000.39,4,3,4,434,Potential Loyalists
12546,47,69,1161.5,3,4,4,344,Consistent Buyers
12547,198,8,207.79999999999998,5,1,1,511,Inactive
12548,166,5,95.19999999999999,4,1,1,411,Inactive
12550,79,57,964.83,4,3,4,434,Potential Loyalists
12551,358,10,168.0,5,1,1,511,Inactive
12552,39,20,437.82,3,2,2,322,Inactive
12553,8,191,3692.28,1,5,5,155,Inactive
12556,50,119,599.56,3,4,3,343,Consistent Buyers
12557,16,33,11990.960000000001,2,3,5,235,Potential Loyalists
12558,8,11,269.96,1,1,2,112,Inactive
12559,311,21,561.71,5,2,3,523,Inactive
12560,5,105,2134.01,1,4,5,145,Inactive
12561,303,16,238.85,5,2,1,521,Inactive
12562,8,168,3781.7400000000002,1,5,5,155,Inactive
12564,261,21,456.9,5,2,2,522,Inactive
12565,289,9,145.92,5,1,1,511,Inactive
12566,86,19,351.65,4,2,2,422,Inactive
12567,23,446,9401.28,2,5,5,255,Potential Loyalists
12569,2,188,4124.69,1,5,5,155,Inactive
12571,40,34,519.61,3,3,3,333,Potential Loyalists
12572,9,60,1020.42,1,4,4,144,Inactive
12573,227,28,160.54000000000002,5,2,1,521,Inactive
12574,316,11,218.45,5,1,1,511,Inactive
12576,36,88,1315.83,3,4,4,344,Consistent Buyers
12577,35,146,626.6,3,5,3,353,Consistent Buyers
12578,21,114,2794.51,2,4,5,245,Potential Loyalists
12579,78,29,440.42,4,2,2,422,Inactive
12580,247,24,415.7,5,2,2,522,Inactive
12581,40,15,197.71,3,2,1,321,Inactive
12582,239,22,511.36,5,2,3,523,Inactive
12583,3,247,7281.38,1,5,5,155,Inactive
12584,4,96,2338.15,1,4,5,145,Inactive
12585,234,87,2040.1,5,4,4,544,VIP
12586,17,11,196.94000000000003,2,1,1,211,Inactive
12587,8,4,144.0,1,1,1,111,Inactive
12588,39,10,214.89999999999998,3,1,1,311,Inactive
12589,29,35,646.68,2,3,3,233,Potential Loyalists
12590,211,68,9864.26,5,4,5,545,VIP
12591,317,26,452.84999999999997,5,2,2,522,Inactive
12592,92,18,437.6,4,2,2,422,Inactive
12593,109,21,418.09999999999997,4,2,2,422,Inactive
12594,38,118,3338.2200000000003,3,4,5,345,Consistent Buyers
12596,51,27,618.27,3,2,3,323,Inactive
12597,19,206,3811.22,2,5,5,255,Potential Loyalists
12598,10,132,3023.08,1,5,5,155,Inactive
12599,29,62,1032.58,2,4,4,244,Potential Loyalists
12600,29,64,2599.04,2,4,5,245,Potential Loyalists
12601,190,28,577.0600000000001,5,2,3,523,Inactive
12602,59,12,153.12,3,1,1,311,Inactive
12603,22,3,739.1999999999999,2,1,3,213,Inactive
12604,79,16,254.18,4,2,2,422,Inactive
12607,60,101,1579.51,3,4,4,344,Consistent Buyers
12609,78,60,1126.85,4,4,4,444,VIP
12610,23,106,2099.54,2,4,5,245,Potential Loyalists
12611,52,65,1193.32,3,4,4,344,Consistent Buyers
12612,74,19,704.0400000000001,4,2,3,423,Inactive
12613,57,153,3344.38,3,5,5,355,Consistent Buyers
12614,278,20,315.6,5,2,2,522,Inactive
12615,2,105,2291.19,1,4,5,145,Inactive
12616,95,32,713.3,4,3,3,433,Potential Loyalists
12617,29,41,352.98,2,3,2,232,Potential Loyalists
12618,22,11,177.31,2,1,1,211,Inactive
12619,16,90,3641.24,2,4,5,245,Potential Loyalists
12620,15,92,1339.41,2,4,4,244,Potential Loyalists
12621,2,467,13689.67,1,5,5,155,Inactive
12622,232,11,180.1,5,1,1,511,Inactive
12623,276,18,305.1,5,2,2,522,Inactive
12624,106,38,641.13,4,3,3,433,Potential Loyalists
12625,212,86,2683.82,5,4,5,545,VIP
12626,23,294,6620.48,2,5,5,255,Potential Loyalists
12627,11,230,4478.53,1,5,5,155,Inactive
12628,4,41,786.46,1,3,3,133,Inactive
12630,10,64,1270.88,1,4,4,144,Inactive
12631,57,31,640.5,3,3,3,333,Potential Loyalists
12633,59,101,2163.98,3,4,5,345,Consistent Buyers
12635,90,101,1689.18,4,4,4,444,VIP
12637,67,382,6002.9,3,5,5,355,Consistent Buyers
12638,33,39,671.69,2,3,3,233,Potential Loyalists
12639,239,22,486.1,5,2,2,522,Inactive
12640,24,53,1174.58,2,3,4,234,Potential Loyalists
12641,115,10,185.9,4,1,1,411,Inactive
12642,25,47,1013.26,2,3,4,234,Potential Loyalists
12643,128,24,3344.64,4,2,5,425,Inactive
12644,130,31,477.91,4,3,2,432,Potential Loyalists
12645,34,73,1775.18,3,4,4,344,Consistent Buyers
12646,5,45,1346.97,1,3,4,134,Inactive
12647,22,122,3722.82,2,5,5,255,Potential Loyalists
12648,155,21,318.05,4,2,2,422,Inactive
12649,107,31,623.51,4,3,3,433,Potential Loyalists
12650,3,20,314.44,1,2,2,122,Inactive
12651,335,9,114.0,5,1,1,511,Inactive
12652,331,48,919.98,5,3,3,533,Potential Loyalists
12653,149,43,2209.85,4,3,5,435,Potential Loyalists
12654,11,38,601.98,1,3,3,133,Inactive
12656,17,126,4051.17,2,5,5,255,Potential Loyalists
12657,11,47,1643.18,1,3,4,134,Inactive
12658,19,36,686.05,2,3,3,233,Potential Loyalists
12659,30,5,91.68,2,1,1,211,Inactive
12660,11,13,245.1,1,1,1,111,Inactive
12662,1,230,3849.78,1,5,5,155,Inactive
12664,8,37,4881.88,1,3,5,135,Inactive
12665,325,3,63.0,5,1,1,511,Inactive
12667,58,33,620.13,3,3,3,333,Potential Loyalists
12668,12,161,3807.15,1,5,5,155,Inactive
12669,151,101,2744.0299999999997,4,4,5,445,VIP
12670,10,92,2996.05,1,4,5,145,Inactive
12672,330,10,225.89999999999998,5,1,1,511,Inactive
12673,5,42,610.52,1,3,3,133,Inactive
12674,39,83,1970.6,3,4,4,344,Consistent Buyers
12676,25,45,1331.39,2,3,4,234,Potential Loyalists
12678,42,165,17628.46,3,5,5,355,Consistent Buyers
12679,59,48,1113.02,3,3,4,334,Potential Loyalists
12680,1,52,862.81,1,3,3,133,Inactive
12681,15,638,13787.54,2,5,5,255,Potential Loyalists
12682,4,524,12279.82,1,5,5,155,Inactive
12683,4,344,8476.57,1,5,5,155,Inactive
12684,8,105,2283.63,1,4,5,145,Inactive
12685,28,157,2863.08,2,5,5,255,Potential Loyalists
12686,372,7,89.14,5,1,1,511,Inactive
12688,114,171,4873.8099999999995,4,5,5,455,VIP
12689,26,72,1247.61,2,4,4,244,Potential Loyalists
12690,206,16,389.01,5,2,2,522,Inactive
12691,28,32,1035.8,2,3,4,234,Potential Loyalists
12693,127,39,855.91,4,3,3,433,Potential Loyalists
12694,70,37,869.67,3,3,3,333,Potential Loyalists
12695,7,27,582.1,1,2,3,123,Inactive
12697,29,41,957.59,2,3,4,234,Potential Loyalists
12700,8,268,4939.99,1,5,5,155,Inactive
12701,80,53,797.71,4,3,3,433,Potential Loyalists
12702,20,12,219.0,2,1,1,211,Inactive
12703,71,21,283.55,3,2,2,322,Inactive
12704,7,88,2340.84,1,4,5,145,Inactive
12705,15,334,6868.29,2,5,5,255,Potential Loyalists
12707,292,33,603.42,5,3,3,533,Potential Loyalists
12708,30,157,2712.91,2,5,5,255,Potential Loyalists
12709,15,207,9706.52,2,5,5,255,Potential Loyalists
12710,97,77,1149.02,4,4,4,444,VIP
12712,29,133,4396.13,2,5,5,255,Potential Loyalists
12713,1,38,848.55,1,3,3,133,Inactive
12714,9,259,4708.86,1,5,5,155,Inactive
12715,106,20,343.36,4,2,2,422,Inactive
12716,4,69,1053.49,1,4,4,144,Inactive
12717,151,55,1030.98,4,3,4,434,Potential Loyalists
12718,71,19,238.25,3,2,1,321,Inactive
12719,5,39,644.95,1,3,3,133,Inactive
12720,3,354,5781.73,1,5,5,155,Inactive
12721,32,161,2656.13,2,5,5,255,Potential Loyalists
12722,85,53,997.63,4,3,4,434,Potential Loyalists
12723,4,69,725.07,1,4,3,143,Inactive
12724,5,53,1031.41,1,3,4,134,Inactive
12725,371,24,427.8,5,2,2,522,Inactive
12726,28,124,2609.1,2,5,5,255,Potential Loyalists
12727,11,139,3980.7,1,5,5,155,Inactive
12728,71,46,836.33,3,3,3,333,Potential Loyalists
12729,114,26,453.01,4,2,2,422,Inactive
12731,24,274,18895.91,2,5,5,255,Potential Loyalists
12732,180,12,236.26000000000002,5,1,1,511,Inactive
12733,234,22,383.95,5,2,2,522,Inactive
12734,353,4,110.39999999999999,5,1,1,511,Inactive
12735,315,43,779.5699999999999,5,3,3,533,Potential Loyalists
12736,333,4,234.0,5,1,1,511,Inactive
12738,372,11,155.35,5,1,1,511,Inactive
12739,78,38,1013.04,4,3,4,434,Potential Loyalists
12740,64,27,427.6,3,2,2,322,Inactive
12743,134,131,540.13,4,5,3,453,Consistent Buyers
12744,52,222,21279.29,3,5,5,355,Consistent Buyers
12747,2,103,4196.01,1,4,5,145,Inactive
12748,1,4413,33053.19,1,5,5,155,Inactive
12749,4,199,4090.88,1,5,5,155,Inactive
12750,129,15,275.88,4,2,2,422,Inactive
12752,81,53,4366.78,4,3,5,435,Potential Loyalists
12753,23,197,21429.39,2,5,5,255,Potential Loyalists
12754,236,63,3010.74,5,4,5,545,VIP
12755,281,4,3811.95,5,1,5,515,Inactive
12756,87,4,112.07999999999998,4,1,1,411,Inactive
12757,16,364,7834.650000000001,2,5,5,255,Potential Loyalists
12758,117,97,2791.59,4,4,5,445,VIP
12759,52,95,1531.44,3,4,4,344,Consistent Buyers
12762,8,69,1898.52,1,4,4,144,Inactive
12763,138,18,494.08,4,2,3,423,Inactive
12764,317,45,1693.88,5,3,4,534,Potential Loyalists
12766,4,310,6989.63,1,5,5,155,Inactive
12769,239,32,1143.6,5,3,4,534,Potential Loyalists
12770,211,12,1351.45,5,1,4,514,Inactive
12772,60,55,892.47,3,3,3,333,Potential Loyalists
12775,17,66,1386.04,2,4,4,244,Potential Loyalists
12778,20,50,822.23,2,3,3,233,Potential Loyalists
12779,38,149,3981.36,3,5,5,355,Consistent Buyers
12781,64,25,826.74,3,2,3,323,Inactive
12782,5,103,2330.92,1,4,5,145,Inactive
12783,2,84,2225.91,1,4,5,145,Inactive
12784,9,57,532.8199999999999,1,3,3,133,Inactive
12785,364,14,311.95,5,1,2,512,Inactive
12787,10,20,463.66,1,2,2,122,Inactive
12789,65,4,91.85,3,1,1,311,Inactive
12790,192,21,324.92,5,2,2,522,Inactive
12791,374,2,192.60000000000002,5,1,1,511,Inactive
12792,257,25,400.53999999999996,5,2,2,522,Inactive
12793,335,24,545.48,5,2,3,523,Inactive
12794,53,45,860.41,3,3,3,333,Potential Loyalists
12795,19,14,430.48,2,1,2,212,Inactive
12797,366,13,254.03,5,1,2,512,Inactive
12798,10,8,6977.04,1,1,5,115,Inactive
12802,187,25,427.58,5,2,2,522,Inactive
12808,37,28,483.65000000000003,3,2,2,322,Inactive
12809,178,25,489.31,4,2,3,423,Inactive
12811,261,31,514.85,5,3,3,533,Potential Loyalists
12812,45,15,229.64000000000001,3,2,1,321,Inactive
12814,102,2,125.92,4,1,1,411,Inactive
12815,148,47,1063.46,4,3,4,434,Potential Loyalists
12816,96,29,572.2,4,2,3,423,Inactive
12817,281,4,166.04,5,1,1,511,Inactive
12818,262,14,1542.08,5,2,4,524,Inactive
12820,3,59,942.34,1,4,4,144,Inactive
12821,214,6,92.72,5,1,1,511,Inactive
12822,71,46,948.88,3,3,4,334,Potential Loyalists
12823,75,5,1759.5,4,1,4,414,Inactive
12824,60,25,397.12,3,2,2,322,Inactive
12826,3,91,1474.72,1,4,4,144,Inactive
12827,6,25,430.15000000000003,1,2,2,122,Inactive
12828,3,56,1018.71,1,3,4,134,Inactive
12829,337,11,293.0,5,1,2,512,Inactive
12830,38,38,6814.64,3,3,5,335,Potential Loyalists
12831,262,9,215.05,5,1,1,511,Inactive
12832,32,27,383.03,2,2,2,222,Inactive
12833,145,24,417.38,4,2,2,422,Inactive
12834,283,18,312.38,5,2,2,522,Inactive
12836,59,174,2610.36,3,5,5,355,Consistent Buyers
12837,173,12,134.1,4,1,1,411,Inactive
12838,34,120,671.95,3,4,3,343,Consistent Buyers
12839,3,314,5591.42,1,5,5,155,Inactive
12840,144,113,2726.77,4,4,5,445,VIP
12841,5,414,3991.58,1,5,5,155,Inactive
12842,70,34,1118.99,3,3,4,334,Potential Loyalists
12843,66,103,1702.26,3,4,4,344,Consistent Buyers
12844,29,52,325.96000000000004,2,3,2,232,Potential Loyalists
12845,267,27,354.09,5,2,2,522,Inactive
12847,22,84,843.64,2,4,3,243,Potential Loyalists
12849,31,48,1010.29,2,3,4,234,Potential Loyalists
12851,97,47,131.81,4,3,1,431,Inactive
12852,295,17,311.55,5,2,2,522,Inactive
12853,135,78,1957.1000000000001,4,4,4,444,VIP
12854,79,109,1316.25,4,4,4,444,VIP
12855,373,3,38.1,5,1,1,511,Inactive
12856,8,311,2170.78,1,5,5,155,Inactive
12857,211,46,1106.4,5,3,4,534,Potential Loyalists
12863,52,5,521.2,3,1,3,313,Inactive
12864,138,3,147.12,4,1,1,411,Inactive
12865,26,95,1568.23,2,4,4,244,Potential Loyalists
12866,283,26,559.12,5,2,3,523,Inactive
12867,26,534,4009.34,2,5,5,255,Potential Loyalists
12868,186,107,1607.0600000000002,5,4,4,544,VIP
12871,84,11,380.64,4,1,2,412,Inactive
12872,327,66,599.97,5,4,3,543,Consistent Buyers
12873,282,4,374.0,5,1,2,512,Inactive
12875,143,2,343.2300000000001,4,1,2,412,Inactive
12876,58,85,2218.02,3,4,5,345,Consistent Buyers
12877,4,154,1535.77,1,5,4,154,Inactive
12878,236,47,854.99,5,3,3,533,Potential Loyalists
12879,45,10,573.22,3,1,3,313,Inactive
12881,276,7,298.0,5,1,2,512,Inactive
12882,9,13,1463.04,1,1,4,114,Inactive
12883,25,42,703.47,2,3,3,233,Potential Loyalists
12884,88,7,309.05,4,1,2,412,Inactive
12885,63,71,1175.22,3,4,4,344,Consistent Buyers
12886,68,82,1378.4,3,4,4,344,Consistent Buyers
12888,214,5,354.12,5,1,2,512,Inactive
12890,24,79,376.71999999999997,2,4,2,242,Potential Loyalists
12891,186,3,331.0,5,1,2,512,Inactive
12893,31,31,176.55,2,3,1,231,Inactive
12895,42,22,372.8,3,2,2,322,Inactive
12897,205,4,216.5,5,1,1,511,Inactive
12901,9,116,17654.54,1,4,5,145,Inactive
12902,265,10,138.68,5,1,1,511,Inactive
12904,18,71,496.06,2,4,3,243,Potential Loyalists
12906,12,63,2919.81,1,4,5,145,Inactive
12908,176,2,750.0,4,1,3,413,Inactive
12909,40,91,2178.67,3,4,5,345,Consistent Buyers
12910,23,75,3075.04,2,4,5,245,Potential Loyalists
12912,3,24,1662.3,1,2,4,124,Inactive
12913,5,50,2483.63,1,3,5,135,Inactive
12915,149,22,363.65,4,2,2,422,Inactive
12916,139,103,2944.95,4,4,5,445,VIP
12917,128,2,594.0,4,1,3,413,Inactive
12919,8,50,1335.19,1,3,4,134,Inactive
12920,17,27,162.78,2,2,1,221,Inactive
12921,9,720,16587.09,1,5,5,155,Inactive
12922,161,28,405.38,4,2,2,422,Inactive
12923,64,28,172.82,3,2,1,321,Inactive
12924,88,30,933.7,4,3,4,434,Potential Loyalists
12925,5,45,694.05,1,3,3,133,Inactive
12928,35,84,2062.7000000000003,3,4,5,345,Consistent Buyers
12929,312,8,117.85,5,1,1,511,Inactive
12930,78,25,415.8,4,2,2,422,Inactive
12931,22,82,42055.96,2,4,5,245,Potential Loyalists
12933,24,106,607.53,2,4,3,243,Potential Loyalists
12935,2,129,2160.7,1,5,5,155,Inactive
12936,17,62,1063.9,2,4,4,244,Potential Loyalists
12937,15,120,1504.27,2,4,4,244,Potential Loyalists
12938,26,9,114.14,2,1,1,211,Inactive
12939,64,47,11581.8,3,3,5,335,Potential Loyalists
12940,55,96,899.69,3,4,3,343,Consistent Buyers
12942,131,70,675.6,4,4,3,443,Consistent Buyers
12944,36,30,604.51,3,3,3,333,Potential Loyalists
12945,288,23,462.95,5,2,2,522,Inactive
12947,144,97,1603.99,4,4,4,444,VIP
12948,16,116,2064.95,2,4,5,245,Potential Loyalists
12949,31,215,4167.22,2,5,5,255,Potential Loyalists
12950,2,23,1843.0,1,2,4,124,Inactive
12951,9,63,1064.07,1,4,4,144,Inactive
12952,6,79,1387.79,1,4,4,144,Inactive
12953,10,17,329.85,1,2,2,122,Inactive
12955,1,180,4757.16,1,5,5,155,Inactive
12956,306,19,108.07,5,2,1,521,Inactive
12957,10,238,4017.54,1,5,5,155,Inactive
12962,7,16,266.39,1,2,2,122,Inactive
12963,8,95,1856.63,1,4,4,144,Inactive
12965,89,108,769.8100000000001,4,4,3,443,Consistent Buyers
12966,10,10,160.18,1,1,1,111,Inactive
12967,358,19,1660.9,5,2,4,524,Inactive
12968,112,5,135.95,4,1,1,411,Inactive
12970,7,129,405.47,1,5,2,152,Inactive
12971,4,305,11189.91,1,5,5,155,Inactive
12974,198,8,144.8,5,1,1,511,Inactive
12976,212,22,738.6,5,2,3,523,Inactive
12977,156,9,39.239999999999995,4,1,1,411,Inactive
12980,158,20,7374.900000000001,4,2,5,425,Inactive
12981,30,20,372.21999999999997,2,2,2,222,Inactive
12982,243,28,390.54,5,2,2,522,Inactive
12984,19,4,97.5,2,1,1,211,Inactive
12985,1,76,1239.38,1,4,4,144,Inactive
12987,74,28,558.7,4,2,3,423,Inactive
12988,292,83,505.82,5,4,3,543,Consistent Buyers
12989,3,64,6924.110000000001,1,4,5,145,Inactive
12990,31,13,409.5,2,1,2,212,Inactive
12991,23,31,503.76,2,3,3,233,Potential Loyalists
12993,23,27,414.76,2,2,2,222,Inactive
12994,4,61,974.4200000000001,1,4,4,144,Inactive
12995,85,3,211.32,4,1,1,411,Inactive
12997,22,59,1226.89,2,4,4,244,Potential Loyalists
12999,196,28,455.88,5,2,2,522,Inactive
13000,107,31,534.85,4,3,3,433,Potential Loyalists
13001,4,337,9785.970000000001,1,5,5,155,Inactive
13002,318,7,120.94999999999999,5,1,1,511,Inactive
13003,106,6,149.05,4,1,1,411,Inactive
13004,12,404,5655.91,1,5,5,155,Inactive
13005,174,26,513.7,4,2,3,423,Inactive
13006,56,4,81.57,3,1,1,311,Inactive
13008,323,14,229.46999999999997,5,2,1,521,Inactive
13011,372,3,50.550000000000004,5,1,1,511,Inactive
13012,9,88,1646.8400000000001,1,4,4,144,Inactive
13013,1,219,4810.9400000000005,1,5,5,155,Inactive
13014,11,110,3466.2799999999997,1,4,5,145,Inactive
13015,53,175,3339.64,3,5,5,355,Consistent Buyers
13016,73,47,789.89,4,3,3,433,Potential Loyalists
13017,7,1,204.0,1,1,1,111,Inactive
13018,16,458,7277.7,2,5,5,255,Potential Loyalists
13021,4,131,2616.38,1,5,5,155,Inactive
13023,64,40,689.9,3,3,3,333,Potential Loyalists
13026,1,40,975.36,1,3,4,134,Inactive
13027,114,26,6912.0,4,2,5,425,Inactive
13028,23,45,661.3199999999999,2,3,3,233,Potential Loyalists
13029,31,10,1247.5,2,1,4,214,Inactive
13030,11,92,752.4399999999999,1,4,3,143,Inactive
13032,52,71,1010.18,3,4,4,344,Consistent Buyers
13033,357,11,190.55,5,1,1,511,Inactive
13034,55,37,642.77,3,3,3,333,Potential Loyalists
13035,74,27,921.88,4,2,3,423,Inactive
13037,138,48,881.07,4,3,3,433,Potential Loyalists
13038,80,28,908.46,4,2,3,423,Inactive
13040,9,43,676.99,1,3,3,133,Inactive
13043,273,13,516.42,5,1,3,513,Inactive
13044,291,33,560.47,5,3,3,533,Potential Loyalists
13045,99,18,305.28000000000003,4,2,2,422,Inactive
13046,31,35,629.31,2,3,3,233,Potential Loyalists
13047,32,172,3237.54,2,5,5,255,Potential Loyalists
13048,14,135,1819.41,2,5,4,254,Potential Loyalists
13049,64,14,656.6800000000001,3,2,3,323,Inactive
13050,15,403,5836.86,2,5,5,255,Potential Loyalists
13052,212,18,348.15000000000003,5,2,2,522,Inactive
13055,78,76,1214.41,4,4,4,444,VIP
13058,25,8,271.40000000000003,2,1,2,212,Inactive
13059,250,8,183.4,5,1,1,511,Inactive
13060,254,15,307.53,5,2,2,522,Inactive
13061,72,10,248.61,3,1,1,311,Inactive
13062,191,11,346.98,5,1,2,512,Inactive
13064,13,68,1105.59,1,4,4,144,Inactive
13065,373,14,205.86,5,2,1,521,Inactive
13066,24,48,470.8,2,3,2,232,Potential Loyalists
13067,82,15,115.46000000000001,4,2,1,421,Inactive
13068,10,2,344.0,1,1,2,112,Inactive
13069,1,424,4431.44,1,5,5,155,Inactive
13070,192,9,228.8,5,1,1,511,Inactive
13072,267,7,177.15,5,1,1,511,Inactive
13075,130,22,919.61,4,2,3,423,Inactive
13077,1,111,728.02,1,4,3,143,Inactive
13078,3,358,12627.94,1,5,5,155,Inactive
13079,4,6,220.10000000000002,1,1,1,111,Inactive
13080,179,6,58.08,4,1,1,411,Inactive
13081,12,1028,28337.38,1,5,5,155,Inactive
13082,126,73,3613.63,4,4,5,445,VIP
13083,4,18,303.75,1,2,2,122,Inactive
13085,158,22,416.08000000000004,4,2,2,422,Inactive
13089,3,1814,58762.08,1,5,5,155,Inactive
13090,9,155,8910.82,1,5,5,155,Inactive
13091,28,21,345.82,2,2,2,222,Inactive
13092,71,25,477.83,3,2,2,322,Inactive
13093,276,159,7832.47,5,5,5,555,VIP
13094,21,24,1927.3200000000002,2,2,4,224,Inactive
13095,71,6,74.39999999999999,3,1,1,311,Inactive
13097,33,421,6003.22,2,5,5,255,Potential Loyalists
13098,1,572,28882.44,1,5,5,155,Inactive
13099,99,1,207.35999999999999,4,1,1,411,Inactive
13101,234,8,101.19,5,1,1,511,Inactive
13102,1,304,6424.09,1,5,5,155,Inactive
13103,40,8,243.94,3,1,1,311,Inactive
13104,3,20,1098.48,1,2,4,124,Inactive
13106,133,1,76.5,4,1,1,411,Inactive
13107,44,58,1531.6200000000001,3,4,4,344,Consistent Buyers
13108,373,10,350.06,5,1,2,512,Inactive
13109,60,47,786.54,3,3,3,333,Potential Loyalists
13110,31,145,1488.67,2,5,4,254,Potential Loyalists
13113,1,201,12245.960000000001,1,5,5,155,Inactive
13115,12,120,2294.78,1,5,5,155,Inactive
13116,138,30,501.14,4,3,3,433,Potential Loyalists
13117,22,76,984.91,2,4,4,244,Potential Loyalists
13118,20,79,1197.81,2,4,4,244,Potential Loyalists
13120,239,1,30.599999999999998,5,1,1,511,Inactive
13121,269,50,283.73,5,3,2,532,Potential Loyalists
13122,94,55,922.39,4,3,3,433,Potential Loyalists
13124,90,222,3756.33,4,5,5,455,VIP
13126,5,140,2099.64,1,5,5,155,Inactive
13127,78,15,259.17,4,2,2,422,Inactive
13130,94,2,64.0,4,1,1,411,Inactive
13131,23,44,1073.3,2,3,4,234,Potential Loyalists
13132,262,3,77.3,5,1,1,511,Inactive
13133,274,7,109.8,5,1,1,511,Inactive
13134,86,98,1793.58,4,4,4,444,VIP
13135,197,1,3096.0,5,1,5,515,Inactive
13136,56,127,2607.61,3,5,5,355,Consistent Buyers
13137,11,687,3603.29,1,5,5,155,Inactive
13138,22,63,962.39,2,4,4,244,Potential Loyalists
13139,16,170,5064.94,2,5,5,255,Potential Loyalists
13140,108,45,422.47,4,3,2,432,Potential Loyalists
13141,85,135,2388.75,4,5,5,455,VIP
13142,19,23,307.09,2,2,2,222,Inactive
13144,333,3,110.95,5,1,1,511,Inactive
13145,40,6,618.52,3,1,3,313,Inactive
13146,26,17,228.91,2,2,1,221,Inactive
13147,10,4,712.8000000000001,1,1,3,113,Inactive
13148,29,312,3683.26,2,5,5,255,Potential Loyalists
13149,14,86,1676.06,2,4,4,244,Potential Loyalists
13151,296,74,1257.8700000000001,5,4,4,544,VIP
13153,6,15,486.22,1,2,2,122,Inactive
13155,33,85,971.76,2,4,4,244,Potential Loyalists
13157,49,87,1741.22,3,4,4,344,Consistent Buyers
13158,95,79,1201.06,4,4,4,444,VIP
13159,9,120,1429.35,1,5,4,154,Inactive
13160,22,4,91.8,2,1,1,211,Inactive
13161,313,8,112.75,5,1,1,511,Inactive
13162,122,79,1688.29,4,4,4,444,VIP
13165,46,42,1021.48,3,3,4,334,Potential Loyalists
13166,283,41,417.2,5,3,2,532,Potential Loyalists
13167,19,65,791.33,2,4,3,243,Potential Loyalists
13168,36,126,1299.59,3,5,4,354,Consistent Buyers
13169,64,13,712.88,3,1,3,313,Inactive
13170,27,30,108.81,2,3,1,231,Inactive
13171,22,46,468.41,2,3,2,232,Potential Loyalists
13173,4,43,353.65,1,3,2,132,Inactive
13174,16,293,2742.82,2,5,5,255,Potential Loyalists
13176,46,67,481.49,3,4,2,342,Potential Loyalists
13177,65,17,282.45,3,2,2,322,Inactive
13178,26,265,5725.47,2,5,5,255,Potential Loyalists
13182,45,11,121.18,3,1,1,311,Inactive
13183,8,94,3957.78,1,4,5,145,Inactive
13184,15,179,1668.95,2,5,4,254,Potential Loyalists
13185,268,1,71.4,5,1,1,511,Inactive
13186,40,79,1575.89,3,4,4,344,Consistent Buyers
13187,337,37,236.02,5,3,1,531,Inactive
13188,11,2,114.60000000000001,1,1,1,111,Inactive
13189,19,29,260.68,2,2,2,222,Inactive
13192,95,63,911.94,4,4,3,443,Consistent Buyers
13193,61,25,112.08,3,2,1,321,Inactive
13194,136,3,60.7,4,1,1,411,Inactive
13196,11,110,1797.78,1,4,4,144,Inactive
13198,10,226,3401.2400000000002,1,5,5,155,Inactive
13199,4,119,9817.12,1,4,5,145,Inactive
13200,19,46,870.09,2,3,3,233,Potential Loyalists
13203,10,57,869.46,1,3,3,133,Inactive
13207,15,8,250.26000000000002,2,1,2,212,Inactive
13208,59,148,1217.65,3,5,4,354,Consistent Buyers
13209,30,321,5891.61,2,5,5,255,Potential Loyalists
13210,94,22,353.48,4,2,2,422,Inactive
13211,10,55,1095.42,1,3,4,134,Inactive
13212,20,141,786.83,2,5,3,253,Potential Loyalists
13213,57,90,1520.58,3,4,4,344,Consistent Buyers
13216,268,5,333.74,5,1,2,512,Inactive
13217,122,4,533.98,4,1,3,413,Inactive
13218,127,5,62.63999999999999,4,1,1,411,Inactive
13220,78,21,819.2900000000001,4,2,3,423,Inactive
13221,240,66,847.41,5,4,3,543,Consistent Buyers
13223,200,5,163.20000000000002,5,1,1,511,Inactive
13224,60,108,2155.95,3,4,5,345,Consistent Buyers
13225,3,32,6463.84,1,3,5,135,Inactive
13226,273,16,108.21000000000001,5,2,1,521,Inactive
13227,202,9,257.7,5,1,2,512,Inactive
13228,81,2,358.0,4,1,2,412,Inactive
13229,226,10,160.95,5,1,1,511,Inactive
13230,4,587,2755.63,1,5,5,155,Inactive
13232,13,202,1328.35,1,5,4,154,Inactive
13233,74,43,605.12,4,3,3,433,Potential Loyalists
13235,212,58,1031.07,5,4,4,544,VIP
13236,25,36,744.85,2,3,3,233,Potential Loyalists
13238,17,31,700.73,2,3,3,233,Potential Loyalists
13239,262,22,329.56,5,2,2,522,Inactive
13240,96,67,663.65,4,4,3,443,Consistent Buyers
13242,112,13,270.40000000000003,4,1,2,412,Inactive
13243,203,57,585.12,5,3,3,533,Potential Loyalists
13244,93,27,121.74000000000001,4,2,1,421,Inactive
13245,51,16,430.5,3,2,2,322,Inactive
13246,18,136,1961.52,2,5,4,254,Potential Loyalists
13247,18,25,501.12,2,2,3,223,Inactive
13248,125,26,465.68,4,2,2,422,Inactive
13249,92,23,711.41,4,2,3,423,Inactive
13253,157,36,1030.4,4,3,4,434,Potential Loyalists
13255,9,13,399.51,1,1,2,112,Inactive
13256,14,1,0.0,2,1,1,211,Inactive
13258,12,36,672.83,1,3,3,133,Inactive
13259,62,81,283.18,3,4,2,342,Potential Loyalists
13260,61,8,557.62,3,1,3,313,Inactive
13261,269,9,944.1,5,1,4,514,Inactive
13262,263,11,200.29,5,1,1,511,Inactive
13263,1,1667,7436.93,1,5,5,155,Inactive
13265,53,90,2092.66,3,4,5,345,Consistent Buyers
13266,11,187,3834.2599999999998,1,5,5,155,Inactive
13267,3,211,4521.49,1,5,5,155,Inactive
13268,18,433,3174.75,2,5,5,255,Potential Loyalists
13269,1,315,5343.28,1,5,5,155,Inactive
13270,366,1,590.0,5,1,3,513,Inactive
13271,37,87,211.49,3,4,1,341,Inactive
13272,31,15,276.56,2,2,2,222,Inactive
13273,113,16,138.98,4,2,1,421,Inactive
13276,64,30,590.9300000000001,3,3,3,333,Potential Loyalists
13277,16,8,258.4,2,1,2,212,Inactive
13278,41,46,542.73,3,3,3,333,Potential Loyalists
13279,78,9,137.75,4,1,1,411,Inactive
13280,122,82,798.46,4,4,3,443,Consistent Buyers
13282,18,37,1132.14,2,3,4,234,Potential Loyalists
13283,60,7,93.66,3,1,1,311,Inactive
13284,331,13,201.19,5,1,1,511,Inactive
13285,23,187,2709.12,2,5,5,255,Potential Loyalists
13291,156,42,361.11,4,3,2,432,Potential Loyalists
13292,39,31,578.9399999999999,3,3,3,333,Potential Loyalists
13294,190,54,873.74,5,3,3,533,Potential Loyalists
13295,360,10,201.20000000000002,5,1,1,511,Inactive
13296,137,5,87.4,4,1,1,411,Inactive
13297,8,59,2089.85,1,4,5,145,Inactive
13298,1,2,360.0,1,1,2,112,Inactive
13299,268,5,142.5,5,1,1,511,Inactive
13300,169,20,371.89,4,2,2,422,Inactive
13301,104,81,618.09,4,4,3,443,Consistent Buyers
13302,155,1,63.75,4,1,1,411,Inactive
13304,351,21,300.42,5,2,2,522,Inactive
13305,4,81,2000.86,1,4,4,144,Inactive
13307,120,1,15.0,4,1,1,411,Inactive
13308,23,54,1385.51,2,3,4,234,Potential Loyalists
13309,7,107,1456.79,1,4,4,144,Inactive
13310,28,72,1132.03,2,4,4,244,Potential Loyalists
13311,4,26,598.57,1,2,3,123,Inactive
13313,22,78,1555.32,2,4,4,244,Potential Loyalists
13314,2,62,775.94,1,4,3,143,Inactive
13316,37,86,5732.93,3,4,5,345,Consistent Buyers
13317,66,124,2273.68,3,5,5,355,Consistent Buyers
13318,1,20,640.76,1,2,3,123,Inactive
13319,5,476,10845.550000000001,1,5,5,155,Inactive
13320,78,105,1532.2,4,4,4,444,VIP
13321,72,11,567.36,3,1,3,313,Inactive
13322,17,25,199.48000000000002,2,2,1,221,Inactive
13323,3,21,787.85,1,2,3,123,Inactive
13324,36,75,7121.95,3,4,5,345,Consistent Buyers
13325,82,12,675.3,4,1,3,413,Inactive
13327,39,108,3627.77,3,4,5,345,Consistent Buyers
13328,316,17,1308.48,5,2,4,524,Inactive
13329,32,17,789.0,2,2,3,223,Inactive
13330,93,53,1140.93,4,3,4,434,Potential Loyalists
13332,14,21,350.9,2,2,2,222,Inactive
13334,82,265,3502.32,4,5,5,455,VIP
13336,77,51,795.12,4,3,3,433,Potential Loyalists
13338,158,19,487.02,4,2,2,422,Inactive
13339,201,54,860.12,5,3,3,533,Potential Loyalists
13340,45,134,10736.48,3,5,5,355,Consistent Buyers
13341,261,42,775.85,5,3,3,533,Potential Loyalists
13343,178,19,353.43,4,2,2,422,Inactive
13344,68,116,2511.69,3,4,5,345,Consistent Buyers
13345,288,20,389.5,5,2,2,522,Inactive
13347,70,8,341.36,3,1,2,312,Inactive
13348,64,14,233.76,3,2,1,321,Inactive
13349,11,16,247.32,1,2,1,121,Inactive
13350,16,40,979.12,2,3,4,234,Potential Loyalists
13351,66,16,373.94,3,2,2,322,Inactive
13352,60,24,397.97999999999996,3,2,2,322,Inactive
13354,71,51,743.53,3,3,3,333,Potential Loyalists
13355,122,32,674.7,4,3,3,433,Potential Loyalists
13356,80,42,768.24,4,3,3,433,Potential Loyalists
13357,257,89,609.4,5,4,3,543,Consistent Buyers
13358,269,29,439.03,5,2,2,522,Inactive
13359,64,23,439.56,3,2,2,322,Inactive
13362,9,166,3090.7400000000002,1,5,5,155,Inactive
13363,18,60,992.5,2,4,4,244,Potential Loyalists
13364,71,10,134.95999999999998,3,1,1,311,Inactive
13365,34,128,2225.37,3,5,5,355,Consistent Buyers
13366,50,1,56.160000000000004,3,1,1,311,Inactive
13368,257,29,623.4,5,2,3,523,Inactive
13369,366,14,308.28000000000003,5,2,2,522,Inactive
13370,372,39,754.87,5,3,3,533,Potential Loyalists
13372,90,23,378.64,4,2,2,422,Inactive
13373,61,158,3312.25,3,5,5,355,Consistent Buyers
13375,89,37,778.65,4,3,3,433,Potential Loyalists
13376,99,53,1019.76,4,3,4,434,Potential Loyalists
13379,26,97,572.56,2,4,3,243,Potential Loyalists
13381,32,172,3639.31,2,5,5,255,Potential Loyalists
13382,281,15,222.99,5,2,1,521,Inactive
13384,31,152,4151.93,2,5,5,255,Potential Loyalists
13385,330,35,534.57,5,3,3,533,Potential Loyalists
13388,131,35,677.1,4,3,3,433,Potential Loyalists
13389,11,51,797.96,1,3,3,133,Inactive
13390,75,13,544.08,4,1,3,413,Inactive
13391,204,1,59.8,5,1,1,511,Inactive
13394,2,155,2520.02,1,5,5,155,Inactive
13395,185,21,307.72,5,2,2,522,Inactive
13396,29,43,1360.99,2,3,4,234,Potential Loyalists
13397,73,38,1544.13,4,3,4,434,Potential Loyalists
13398,192,26,457.34,5,2,2,522,Inactive
13402,127,39,621.23,4,3,3,433,Potential Loyalists
13403,18,3,75.0,2,1,1,211,Inactive
13404,1,11,252.49,1,1,2,112,Inactive
13405,74,27,572.451,4,2,3,423,Inactive
13408,2,478,28117.04,1,5,5,155,Inactive
13410,24,28,1003.06,2,2,4,224,Inactive
13411,107,18,213.55,4,2,1,421,Inactive
13414,134,24,1390.5,4,2,4,424,Inactive
13416,44,19,712.5,3,2,3,323,Inactive
13417,5,28,640.83,1,2,3,123,Inactive
13418,12,304,6127.43,1,5,5,155,Inactive
13419,64,16,221.06,3,2,1,321,Inactive
13420,150,8,159.85,4,1,1,411,Inactive
13421,40,102,1833.71,3,4,4,344,Consistent Buyers
13422,64,127,2626.3,3,5,5,355,Consistent Buyers
13425,108,78,1624.21,4,4,4,444,VIP
13426,1,157,3641.32,1,5,5,155,Inactive
13427,19,29,582.6,2,2,3,223,Inactive
13428,10,71,201.78,1,4,1,141,Inactive
13429,11,67,1006.8,1,4,4,144,Inactive
13430,19,49,679.45,2,3,3,233,Potential Loyalists
13431,67,46,1269.1,3,3,4,334,Potential Loyalists
13434,74,10,534.24,4,1,3,413,Inactive
13435,5,101,3809.8900000000003,1,4,5,145,Inactive
13436,2,12,196.89,1,1,1,111,Inactive
13437,14,167,3408.06,2,5,5,255,Potential Loyalists
13439,255,54,283.71,5,3,2,532,Potential Loyalists
13441,92,13,296.64,4,1,2,412,Inactive
13447,23,59,1129.14,2,4,4,244,Potential Loyalists
13448,17,194,3534.69,2,5,5,255,Potential Loyalists
13449,24,19,291.88,2,2,2,222,Inactive
13450,27,71,2043.7199999999998,2,4,4,244,Potential Loyalists
13451,26,433,2898.2599999999998,2,5,5,255,Potential Loyalists
13452,259,2,590.0,5,1,3,513,Inactive
13453,166,17,356.97999999999996,4,2,2,422,Inactive
13455,25,46,1058.34,2,3,4,234,Potential Loyalists
13456,18,63,1766.72,2,4,4,244,Potential Loyalists
13458,7,382,9646.57,1,5,5,155,Inactive
13460,29,17,183.44,2,2,1,221,Inactive
13461,39,27,1445.0,3,2,4,324,Inactive
13462,253,9,151.5,5,1,1,511,Inactive
13464,58,41,674.68,3,3,3,333,Potential Loyalists
13466,184,17,307.9,5,2,2,522,Inactive
13467,11,98,1071.91,1,4,4,144,Inactive
13468,2,302,5704.97,1,5,5,155,Inactive
13470,99,10,165.0,4,1,1,411,Inactive
13471,1,254,2501.84,1,5,5,155,Inactive
13473,61,21,422.64,3,2,2,322,Inactive
13474,236,62,226.84,5,4,1,541,Inactive
13475,191,86,1431.78,5,4,4,544,VIP
13476,179,58,1238.47,4,4,4,444,VIP
13477,38,79,1454.58,3,4,4,344,Consistent Buyers
13479,201,15,300.95,5,2,2,522,Inactive
13481,46,109,1804.56,3,4,4,344,Consistent Buyers
13482,232,11,184.64,5,1,1,511,Inactive
13483,66,10,140.34,3,1,1,311,Inactive
13484,241,8,313.8,5,1,2,512,Inactive
13485,233,23,454.24,5,2,2,522,Inactive
13486,78,69,1122.41,4,4,4,444,VIP
13487,58,34,575.4,3,3,3,333,Potential Loyalists
13488,17,422,8968.31,2,5,5,255,Potential Loyalists
13489,105,14,449.52,4,2,2,422,Inactive
13491,52,86,1215.82,3,4,4,344,Consistent Buyers
13492,136,50,1269.84,4,3,4,434,Potential Loyalists
13493,275,8,618.63,5,1,3,513,Inactive
13494,312,18,316.26000000000005,5,2,2,522,Inactive
13495,8,48,2044.8700000000001,1,3,4,134,Inactive
13496,11,35,653.33,1,3,3,133,Inactive
13497,283,19,348.05,5,2,2,522,Inactive
13499,18,42,1159.11,2,3,4,234,Potential Loyalists
13500,23,65,1166.77,2,4,4,244,Potential Loyalists
13501,288,52,1340.32,5,3,4,534,Potential Loyalists
13502,17,18,292.0,2,2,2,222,Inactive
13503,71,17,216.85,3,2,1,321,Inactive
13504,64,22,295.93,3,2,2,322,Inactive
13505,73,215,4393.63,4,5,5,455,VIP
13506,316,26,458.52,5,2,2,522,Inactive
13507,3,162,2479.16,1,5,5,155,Inactive
13508,244,12,110.97,5,1,1,511,Inactive
13509,9,44,979.72,1,3,4,134,Inactive
13510,1,115,1791.56,1,4,4,144,Inactive
13512,261,15,251.21,5,2,2,522,Inactive
13513,127,10,205.1,4,1,1,411,Inactive
13514,74,4,152.20000000000002,4,1,1,411,Inactive
13515,73,59,891.12,4,4,3,443,Consistent Buyers
13516,21,44,1389.41,2,3,4,234,Potential Loyalists
13517,60,141,2128.42,3,5,5,355,Consistent Buyers
13518,86,36,627.16,4,3,3,433,Potential Loyalists
13519,78,8,122.75,4,1,1,411,Inactive
13520,59,93,3624.35,3,4,5,345,Consistent Buyers
13521,1,418,1071.73,1,5,4,154,Inactive
13522,30,5,125.80000000000001,2,1,1,211,Inactive
13523,33,172,3964.88,2,5,5,255,Potential Loyalists
13524,41,27,680.1800000000001,3,2,3,323,Inactive
13525,15,6,628.78,2,1,3,213,Inactive
13527,34,217,2242.36,3,5,5,355,Consistent Buyers
13529,79,15,307.76,4,2,2,422,Inactive
13531,205,22,483.8,5,2,2,522,Inactive
13532,34,66,210.31,3,4,1,341,Inactive
13533,183,75,269.09,5,4,2,542,Potential Loyalists
13534,2,296,5870.08,1,5,5,155,Inactive
13536,1,178,3444.39,1,5,5,155,Inactive
13538,43,25,1280.85,3,2,4,324,Inactive
13539,86,37,631.34,4,3,3,433,Potential Loyalists
13544,40,78,276.06,3,4,2,342,Potential Loyalists
13546,12,97,621.09,1,4,3,143,Inactive
13548,96,123,678.16,4,5,3,453,Consistent Buyers
13549,26,51,918.2,2,3,3,233,Potential Loyalists
13551,319,4,91.80000000000001,5,1,1,511,Inactive
13552,66,109,3740.07,3,4,5,345,Consistent Buyers
13555,74,135,4098.88,4,5,5,455,VIP
13557,28,34,584.06,2,3,3,233,Potential Loyalists
13558,6,169,594.52,1,5,3,153,Inactive
13560,7,32,171.42000000000002,1,3,1,131,Inactive
13561,216,14,141.85999999999999,5,2,1,521,Inactive
13562,82,82,1799.33,4,4,4,444,VIP
13563,84,49,777.53,4,3,3,433,Potential Loyalists
13564,144,81,1724.67,4,4,4,444,VIP
13565,19,38,240.22,2,3,1,231,Inactive
13566,41,169,856.84,3,5,3,353,Consistent Buyers
13568,173,43,187.05,4,3,1,431,Inactive
13569,17,79,338.62,2,4,2,242,Potential Loyalists
13570,243,27,239.49,5,2,1,521,Inactive
13571,13,340,2088.94,1,5,5,155,Inactive
13572,206,33,1384.25,5,3,4,534,Potential Loyalists
13573,50,25,290.25,3,2,2,322,Inactive
13575,23,46,732.0699999999999,2,3,3,233,Potential Loyalists
13576,10,126,6717.34,1,5,5,155,Inactive
13577,25,83,1687.6000000000001,2,4,4,244,Potential Loyalists
13579,15,23,467.04,2,2,2,222,Inactive
13581,309,10,118.0,5,1,1,511,Inactive
13583,156,53,781.03,4,3,3,433,Potential Loyalists
13584,307,24,142.4,5,2,1,521,Inactive
13587,64,8,712.4,3,1,3,313,Inactive
13588,16,174,2478.95,2,5,5,255,Potential Loyalists
13589,15,21,379.65,2,2,2,222,Inactive
13590,11,87,1981.92,1,4,4,144,Inactive
13591,65,58,1117.13,3,4,4,344,Consistent Buyers
13592,36,16,247.95999999999998,3,2,1,321,Inactive
13593,108,127,2011.88,4,5,4,454,VIP
13594,53,26,396.97,3,2,2,322,Inactive
13596,6,146,664.11,1,5,3,153,Inactive
13598,47,35,160.04,3,3,1,331,Inactive
13599,1,246,5149.92,1,5,5,155,Inactive
13600,312,19,219.52,5,2,1,521,Inactive
13601,45,99,693.32,3,4,3,343,Consistent Buyers
13602,65,23,428.89,3,2,2,322,Inactive
13603,26,27,164.34,2,2,1,221,Inactive
13606,29,40,276.75,2,3,2,232,Potential Loyalists
13607,40,97,675.51,3,4,3,343,Consistent Buyers
13610,12,215,1082.33,1,5,4,154,Inactive
13611,89,72,1154.4,4,4,4,444,VIP
13614,24,195,1585.46,2,5,4,254,Potential Loyalists
13615,319,23,417.69,5,2,2,522,Inactive
13617,40,44,544.18,3,3,3,333,Potential Loyalists
13618,174,13,177.34,4,1,1,411,Inactive
13621,117,19,213.85,4,2,1,421,Inactive
13623,31,78,727.74,2,4,3,243,Potential Loyalists
13626,253,19,257.23,5,2,2,522,Inactive
13627,59,92,1638.47,3,4,4,344,Consistent Buyers
13629,23,59,7792.36,2,4,5,245,Potential Loyalists
13630,5,71,2031.78,1,4,4,144,Inactive
13631,100,11,3070.42,4,1,5,415,Inactive
13632,25,145,2118.93,2,5,5,255,Potential Loyalists
13634,33,186,1547.3600000000001,2,5,4,254,Potential Loyalists
13635,68,62,1071.03,3,4,4,344,Consistent Buyers
13636,37,63,949.12,3,4,4,344,Consistent Buyers
13637,52,99,804.3,3,4,3,343,Consistent Buyers
13638,16,8,122.64,2,1,1,211,Inactive
13639,74,40,1033.34,4,3,4,434,Potential Loyalists
13642,216,57,312.28,5,3,2,532,Potential Loyalists
13643,31,28,519.44,2,2,3,223,Inactive
13644,16,146,2624.26,2,5,5,255,Potential Loyalists
13645,120,5,252.1,4,1,2,412,Inactive
13647,10,78,1648.1200000000001,1,4,4,144,Inactive
13649,257,23,346.6,5,2,2,522,Inactive
13650,17,96,1836.34,2,4,4,244,Potential Loyalists
13651,35,6,94.2,3,1,1,311,Inactive
13652,46,63,1095.08,3,4,4,344,Consistent Buyers
13654,43,166,2707.33,3,5,5,355,Consistent Buyers
13655,114,56,932.97,4,3,3,433,Potential Loyalists
13656,165,49,379.65,4,3,2,432,Potential Loyalists
13657,11,16,382.14,1,2,2,122,Inactive
13658,10,108,2639.17,1,4,5,145,Inactive
13659,206,103,1563.0,5,4,4,544,VIP
13662,86,52,881.26,4,3,3,433,Potential Loyalists
13663,179,13,189.47,4,1,1,411,Inactive
13666,60,12,84.65,3,1,1,311,Inactive
13667,149,83,299.05,4,4,2,442,Potential Loyalists
13668,3,463,6309.83,1,5,5,155,Inactive
13669,51,9,218.55,3,1,1,311,Inactive
13670,75,25,349.7,4,2,2,422,Inactive
13672,301,6,186.39000000000001,5,1,1,511,Inactive
13673,19,60,387.44,2,4,2,242,Potential Loyalists
13675,151,25,486.82000000000005,4,2,2,422,Inactive
13678,152,16,232.6,4,2,1,421,Inactive
13680,1,194,3719.12,1,5,5,155,Inactive
13681,18,57,827.83,2,3,3,233,Potential Loyalists
13682,187,3,59.5,5,1,1,511,Inactive
13684,286,29,65.13,5,2,1,521,Inactive
13685,3,39,3119.44,1,3,5,135,Inactive
13686,183,8,72.0,5,1,1,511,Inactive
13689,63,6,910.0,3,1,3,313,Inactive
13690,59,9,172.25,3,1,1,311,Inactive
13692,25,53,1488.32,2,3,4,234,Potential Loyalists
13694,4,568,65039.62,1,5,5,155,Inactive
13695,31,90,2504.13,2,4,5,245,Potential Loyalists
13697,39,12,151.29999999999998,3,1,1,311,Inactive
13699,155,14,308.58000000000004,4,2,2,422,Inactive
13700,26,194,2248.63,2,5,5,255,Potential Loyalists
13703,318,1,99.5,5,1,1,511,Inactive
13704,5,134,2308.06,1,5,5,155,Inactive
13705,8,28,711.86,1,2,3,123,Inactive
13706,303,20,330.79,5,2,2,522,Inactive
13707,267,48,806.41,5,3,3,533,Potential Loyalists
13708,271,49,285.33,5,3,2,532,Potential Loyalists
13709,4,335,6307.650000000001,1,5,5,155,Inactive
13710,32,8,180.48,2,1,1,211,Inactive
13711,219,13,252.06,5,1,2,512,Inactive
13712,247,10,228.84,5,1,1,511,Inactive
13715,281,104,1077.39,5,4,4,544,VIP
13716,269,21,138.28,5,2,1,521,Inactive
13717,32,102,1445.01,2,4,4,244,Potential Loyalists
13718,246,12,306.55,5,1,2,512,Inactive
13719,15,60,1041.68,2,4,4,244,Potential Loyalists
13720,117,43,799.9,4,3,3,433,Potential Loyalists
13721,36,28,524.14,3,2,3,323,Inactive
13722,132,85,2375.41,4,4,5,445,VIP
13723,217,6,199.85000000000002,5,1,1,511,Inactive
13725,50,104,1980.56,3,4,4,344,Consistent Buyers
13726,39,42,1079.6599999999999,3,3,4,334,Potential Loyalists
13727,29,20,333.48,2,2,2,222,Inactive
13728,37,63,1016.14,3,4,4,344,Consistent Buyers
13730,136,43,752.6,4,3,3,433,Potential Loyalists
13731,219,38,610.59,5,3,3,533,Potential Loyalists
13732,28,33,491.86,2,3,3,233,Potential Loyalists
13735,25,195,2883.54,2,5,5,255,Potential Loyalists
13736,5,190,729.8,1,5,3,153,Inactive
13737,200,30,339.59999999999997,5,3,2,532,Potential Loyalists
13739,18,3,216.9,2,1,1,211,Inactive
13740,241,23,350.75,5,2,2,522,Inactive
13741,72,34,668.4300000000001,3,3,3,333,Potential Loyalists
13742,17,313,3107.87,2,5,5,255,Potential Loyalists
13743,3,41,1341.6,1,3,4,134,Inactive
13744,95,63,1080.52,4,4,4,444,VIP
13745,162,25,300.04,4,2,2,422,Inactive
13747,374,1,79.6,5,1,1,511,Inactive
13748,96,28,948.25,4,2,4,424,Inactive
13750,54,24,1647.26,3,2,4,324,Inactive
13751,288,9,296.25,5,1,2,512,Inactive
13752,124,75,1175.38,4,4,4,444,VIP
13753,288,35,741.26,5,3,3,533,Potential Loyalists
13754,152,12,282.59999999999997,4,1,2,412,Inactive
13755,4,321,2108.06,1,5,5,155,Inactive
13756,2,142,5189.52,1,5,5,155,Inactive
13758,12,117,3190.55,1,4,5,145,Inactive
13759,33,25,659.4100000000001,2,2,3,223,Inactive
13760,54,57,286.79,3,3,2,332,Potential Loyalists
13761,50,70,1070.65,3,4,4,344,Consistent Buyers
13762,219,7,306.72,5,1,2,512,Inactive
13763,63,15,1714.96,3,2,4,324,Inactive
13764,71,207,1519.42,3,5,4,354,Consistent Buyers
13767,2,368,17220.36,1,5,5,155,Inactive
13769,2,135,2796.51,1,5,5,155,Inactive
13771,64,119,2634.45,3,4,5,345,Consistent Buyers
13772,34,173,1122.63,3,5,4,354,Consistent Buyers
13774,82,22,345.0,4,2,2,422,Inactive
13777,1,197,25977.16,1,5,5,155,Inactive
13778,103,9,178.7,4,1,1,411,Inactive
13780,7,57,360.01,1,3,2,132,Inactive
13781,251,17,127.84,5,2,1,521,Inactive
13782,13,113,908.86,1,4,3,143,Inactive
13784,10,31,2462.79,1,3,5,135,Inactive
13786,367,7,230.39999999999998,5,1,1,511,Inactive
13787,76,31,309.04,4,3,2,432,Potential Loyalists
13790,4,45,348.8,1,3,2,132,Inactive
13791,128,11,1516.0,4,1,4,414,Inactive
13792,66,13,195.55,3,1,1,311,Inactive
13798,1,349,37153.85,1,5,5,155,Inactive
13799,117,39,688.86,4,3,3,433,Potential Loyalists
13800,310,33,558.32,5,3,3,533,Potential Loyalists
13801,67,23,324.8,3,2,2,322,Inactive
13802,139,60,4599.42,4,4,5,445,VIP
13803,255,17,277.07,5,2,2,522,Inactive
13804,31,135,2588.39,2,5,5,255,Potential Loyalists
13805,52,13,924.6,3,1,3,313,Inactive
13806,64,10,256.38,3,1,2,312,Inactive
13807,367,7,112.6,5,1,1,511,Inactive
13808,6,76,1747.66,1,4,4,144,Inactive
13809,305,12,155.05,5,1,1,511,Inactive
13810,29,35,1499.01,2,3,4,234,Potential Loyalists
13811,184,13,814.5,5,1,3,513,Inactive
13812,42,36,539.0,3,3,3,333,Potential Loyalists
13813,40,69,1366.8600000000001,3,4,4,344,Consistent Buyers
13814,92,57,1579.12,4,3,4,434,Potential Loyalists
13815,22,176,4027.36,2,5,5,255,Potential Loyalists
13816,24,28,571.6700000000001,2,2,3,223,Inactive
13817,29,24,382.98,2,2,2,222,Inactive
13819,302,36,1140.35,5,3,4,534,Potential Loyalists
13821,145,59,385.64,4,4,2,442,Potential Loyalists
13822,6,96,632.0,1,4,3,143,Inactive
13823,19,40,957.66,2,3,4,234,Potential Loyalists
13824,33,46,1698.94,2,3,4,234,Potential Loyalists
13826,176,10,189.5,4,1,1,411,Inactive
13827,58,92,409.8,3,4,2,342,Potential Loyalists
13828,22,15,209.49,2,2,1,221,Inactive
13831,16,72,2198.45,2,4,5,245,Potential Loyalists
13832,19,3,52.199999999999996,2,1,1,211,Inactive
13833,159,28,383.85,4,2,2,422,Inactive
13835,25,55,834.57,2,3,3,233,Potential Loyalists
13837,212,18,266.59000000000003,5,2,2,522,Inactive
13838,6,165,674.82,1,5,3,153,Inactive
13841,253,1,85.0,5,1,1,511,Inactive
13842,59,206,3385.62,3,5,5,355,Consistent Buyers
13844,11,20,361.62,1,2,2,122,Inactive
13845,65,9,312.98,3,1,2,312,Inactive
13846,25,55,865.0600000000001,2,3,3,233,Potential Loyalists
13848,92,5,1255.0,4,1,4,414,Inactive
13849,52,101,1537.95,3,4,4,344,Consistent Buyers
13850,129,93,1595.48,4,4,4,444,VIP
13851,96,81,2651.46,4,4,5,445,VIP
13853,57,23,1090.14,3,2,4,324,Inactive
13854,9,110,8109.5199999999995,1,4,5,145,Inactive
13856,169,14,388.5,4,2,2,422,Inactive
13858,57,11,216.17,3,1,1,311,Inactive
13859,326,28,201.16,5,2,1,521,Inactive
13860,1,76,1245.9,1,4,4,144,Inactive
13862,18,139,2209.36,2,5,5,255,Potential Loyalists
13863,248,20,305.78,5,2,2,522,Inactive
13865,58,30,501.56,3,3,3,333,Potential Loyalists
13866,74,7,145.67000000000002,4,1,1,411,Inactive
13867,31,60,1005.09,2,4,4,244,Potential Loyalists
13868,7,33,3192.54,1,3,5,135,Inactive
13869,123,304,3083.65,4,5,5,455,VIP
13870,2,115,2770.94,1,4,5,145,Inactive
13871,23,336,6403.25,2,5,5,255,Potential Loyalists
13873,120,23,389.6,4,2,2,422,Inactive
13874,358,18,540.45,5,2,3,523,Inactive
13875,54,104,1786.79,3,4,4,344,Consistent Buyers
13876,64,7,122.7,3,1,1,311,Inactive
13877,86,3,117.24,4,1,1,411,Inactive
13878,55,35,1271.57,3,3,4,334,Potential Loyalists
13880,21,165,3219.77,2,5,5,255,Potential Loyalists
13881,4,178,17159.52,1,5,5,155,Inactive
13882,3,65,1191.13,1,4,4,144,Inactive
13883,11,142,2674.48,1,5,5,155,Inactive
13884,7,59,787.6,1,4,3,143,Inactive
13885,189,28,506.8,5,2,3,523,Inactive
13886,71,16,243.56,3,2,1,321,Inactive
13887,204,19,349.55,5,2,2,522,Inactive
13888,120,39,595.67,4,3,3,433,Potential Loyalists
13889,93,15,416.90000000000003,4,2,2,422,Inactive
13890,1,110,1883.8100000000002,1,4,4,144,Inactive
13892,27,27,632.97,2,2,3,223,Inactive
13893,298,21,821.1,5,2,3,523,Inactive
13894,24,27,564.62,2,2,3,223,Inactive
13895,28,118,2593.07,2,4,5,245,Potential Loyalists
13897,50,17,311.16,3,2,2,322,Inactive
13898,326,12,155.93,5,1,1,511,Inactive
13899,16,19,388.52,2,2,2,222,Inactive
13900,183,43,740.95,5,3,3,533,Potential Loyalists
13901,72,149,2867.2,3,5,5,355,Consistent Buyers
13904,37,26,332.64,3,2,2,322,Inactive
13908,80,122,2369.55,4,5,5,455,VIP
13911,57,148,2580.91,3,5,5,355,Consistent Buyers
13914,12,33,626.45,1,3,3,133,Inactive
13917,50,18,272.04,3,2,2,322,Inactive
13918,50,30,1212.8400000000001,3,3,4,334,Potential Loyalists
13919,59,28,384.81,3,2,2,322,Inactive
13922,352,7,172.25,5,1,1,511,Inactive
13923,54,20,351.13,3,2,2,322,Inactive
13924,2,117,1838.8500000000001,1,4,4,144,Inactive
13925,93,41,678.25,4,3,3,433,Potential Loyalists
13926,23,11,223.85000000000002,2,1,1,211,Inactive
13927,75,21,348.99,4,2,2,422,Inactive
13928,11,27,464.57,1,2,2,122,Inactive
13929,169,9,842.65,4,1,3,413,Inactive
13930,58,17,337.34,3,2,2,322,Inactive
13931,96,58,1237.53,4,4,4,444,VIP
13932,295,16,307.4,5,2,2,522,Inactive
13933,109,23,608.7900000000001,4,2,3,423,Inactive
13934,264,31,922.1,5,3,3,533,Potential Loyalists
13936,180,26,376.58,5,2,2,522,Inactive
13937,169,9,158.85,4,1,1,411,Inactive
13938,35,7,71.66,3,1,1,311,Inactive
13939,23,45,568.55,2,3,3,233,Potential Loyalists
13940,17,49,839.14,2,3,3,233,Potential Loyalists
13941,22,45,5112.96,2,3,5,235,Potential Loyalists
13946,79,11,561.5699999999999,4,1,3,413,Inactive
13947,65,5,90.6,3,1,1,311,Inactive
13948,361,3,102.0,5,1,1,511,Inactive
13949,3,160,2427.32,1,5,5,155,Inactive
13950,11,35,745.06,1,3,3,133,Inactive
13951,176,39,674.45,4,3,3,433,Potential Loyalists
13952,218,137,3251.071,5,5,5,555,VIP
13953,7,20,3515.68,1,2,5,125,Inactive
13954,2,25,439.92,1,2,2,122,Inactive
13955,154,33,322.96,4,3,2,432,Potential Loyalists
13956,5,147,1019.27,1,5,4,154,Inactive
13959,79,90,594.04,4,4,3,443,Consistent Buyers
13960,21,12,230.22,2,1,1,211,Inactive
13962,22,11,169.55,2,1,1,211,Inactive
13963,308,35,664.54,5,3,3,533,Potential Loyalists
13967,146,2,80.7,4,1,1,411,Inactive
13969,7,619,9024.17,1,5,5,155,Inactive
13971,19,149,2758.26,2,5,5,255,Potential Loyalists
13972,71,15,190.25,3,2,1,321,Inactive
13973,287,11,264.7,5,1,2,512,Inactive
13974,49,28,413.59000000000003,3,2,2,322,Inactive
13975,31,329,2461.2400000000002,2,5,5,255,Potential Loyalists
13976,207,10,357.98,5,1,2,512,Inactive
13978,15,15,196.79000000000002,2,2,1,221,Inactive
13979,73,54,869.87,4,3,3,433,Potential Loyalists
13980,60,11,200.14,3,1,1,311,Inactive
13982,39,111,1871.81,3,4,4,344,Consistent Buyers
13983,30,107,2603.43,2,4,5,245,Potential Loyalists
13984,27,16,920.51,2,2,3,223,Inactive
13985,4,351,7060.13,1,5,5,155,Inactive
13986,17,13,320.46,2,1,2,212,Inactive
13988,20,234,4147.96,2,5,5,255,Potential Loyalists
13989,66,41,1266.08,3,3,4,334,Potential Loyalists
13990,213,16,311.3,5,2,2,522,Inactive
13991,12,82,852.88,1,4,3,143,Inactive
13992,30,5,76.8,2,1,1,211,Inactive
13993,43,121,3466.36,3,5,5,355,Consistent Buyers
13994,4,148,2274.14,1,5,5,155,Inactive
13995,15,86,1393.69,2,4,4,244,Potential Loyalists
13999,10,208,3901.81,1,5,5,155,Inactive
14000,211,15,635.66,5,2,3,523,Inactive
14001,46,39,2043.0800000000002,3,3,4,334,Potential Loyalists
14002,134,47,529.73,4,3,3,433,Potential Loyalists
14004,43,171,4582.64,3,5,5,355,Consistent Buyers
14005,10,84,2874.72,1,4,5,145,Inactive
14006,116,30,962.19,4,3,4,434,Potential Loyalists
14009,198,42,695.61,5,3,3,533,Potential Loyalists
14012,278,11,328.8,5,1,2,512,Inactive
14013,110,34,473.02,4,3,2,432,Potential Loyalists
14014,77,39,505.18,4,3,3,433,Potential Loyalists
14015,53,20,917.34,3,2,3,323,Inactive
14016,162,161,4341.21,4,5,5,455,VIP
14019,47,66,1421.61,3,4,4,344,Consistent Buyers
14020,17,39,642.8,2,3,3,233,Potential Loyalists
14021,155,22,631.9,4,2,3,423,Inactive
14022,225,28,440.0,5,2,2,522,Inactive
14023,7,31,584.07,1,3,3,133,Inactive
14024,122,16,327.7,4,2,2,422,Inactive
14027,61,6,104.82,3,1,1,311,Inactive
14029,63,15,467.66,3,2,2,322,Inactive
14030,18,242,2358.84,2,5,5,255,Potential Loyalists
14031,7,250,17286.86,1,5,5,155,Inactive
14032,2,143,2975.59,1,5,5,155,Inactive
14034,22,86,648.89,2,4,3,243,Potential Loyalists
14035,29,66,1428.02,2,4,4,244,Potential Loyalists
14036,285,38,626.65,5,3,3,533,Potential Loyalists
14037,176,28,147.20000000000002,4,2,1,421,Inactive
14038,78,92,1560.38,4,4,4,444,VIP
14039,33,6,152.2,2,1,1,211,Inactive
14040,41,229,3560.32,3,5,5,355,Consistent Buyers
14041,266,21,141.41,5,2,1,521,Inactive
14044,27,206,646.42,2,5,3,253,Potential Loyalists
14045,109,6,1659.75,4,1,4,414,Inactive
14046,284,14,154.99,5,2,1,521,Inactive
14047,9,32,1308.6100000000001,1,3,4,134,Inactive
14048,305,85,409.93,5,4,2,542,Potential Loyalists
14049,17,478,5578.72,2,5,5,255,Potential Loyalists
14050,32,54,746.36,2,3,3,233,Potential Loyalists
14051,1,210,15610.390000000001,1,5,5,155,Inactive
14052,20,56,225.36,2,3,1,231,Inactive
14053,124,4,260.25,4,1,2,412,Inactive
14054,65,6,92.46,3,1,1,311,Inactive
14055,106,10,725.6400000000001,4,1,3,413,Inactive
14056,1,1088,8152.71,1,5,5,155,Inactive
14057,24,283,6211.66,2,5,5,255,Potential Loyalists
14059,267,8,183.6,5,1,1,511,Inactive
14060,5,202,6140.42,1,5,5,155,Inactive
14062,10,111,10464.85,1,4,5,145,Inactive
14064,29,77,1334.34,2,4,4,244,Potential Loyalists
14066,267,7,152.55,5,1,1,511,Inactive
14067,64,52,374.7,3,3,2,332,Potential Loyalists
14068,320,24,265.85,5,2,2,522,Inactive
14071,4,323,1437.57,1,5,4,154,Inactive
14073,32,13,151.04,2,1,1,211,Inactive
14075,5,43,942.26,1,3,4,134,Inactive
14076,129,44,118.67,4,3,1,431,Inactive
14077,41,42,499.41999999999996,3,3,3,333,Potential Loyalists
14078,102,65,1049.37,4,4,4,444,VIP
14079,125,12,375.1,4,1,2,412,Inactive
14080,33,4,45.599999999999994,2,1,1,211,Inactive
14081,302,150,921.62,5,5,3,553,Consistent Buyers
14082,365,29,182.25,5,2,1,521,Inactive
14083,4,177,1002.9,1,5,4,154,Inactive
14085,2,448,4421.29,1,5,5,155,Inactive
14087,3,68,191.47,1,4,1,141,Inactive
14088,10,589,50491.81,1,5,5,155,Inactive
14089,57,13,158.75,3,1,1,311,Inactive
14090,325,1,76.32000000000001,5,1,1,511,Inactive
14092,8,214,4076.91,1,5,5,155,Inactive
14093,12,100,433.86,1,4,2,142,Inactive
14096,4,5111,65164.79,1,5,5,155,Inactive
14098,37,21,147.35,3,2,1,321,Inactive
14099,16,250,3104.17,2,5,5,255,Potential Loyalists
14100,138,25,191.95000000000002,4,2,1,421,Inactive
14101,74,35,5976.79,4,3,5,435,Potential Loyalists
14102,5,58,1105.8799999999999,1,4,4,144,Inactive
14104,155,21,216.20999999999998,4,2,1,421,Inactive
14105,239,74,1266.23,5,4,4,544,VIP
14107,52,123,2703.23,3,5,5,355,Consistent Buyers
14108,31,34,597.91,2,3,3,233,Potential Loyalists
14109,73,9,144.2,4,1,1,411,Inactive
14110,4,156,5683.15,1,5,5,155,Inactive
14111,14,10,692.85,2,1,3,213,Inactive
14112,23,160,2915.15,2,5,5,255,Potential Loyalists
14113,4,34,1840.42,1,3,4,134,Inactive
14114,274,15,386.53,5,2,2,522,Inactive
14116,20,72,1382.74,2,4,4,244,Potential Loyalists
14117,144,3,90.0,4,1,1,411,Inactive
14121,4,159,2780.15,1,5,5,155,Inactive
14124,84,5,419.58000000000004,4,1,2,412,Inactive
14125,11,166,2720.63,1,5,5,155,Inactive
14126,8,15,706.1300000000001,1,2,3,123,Inactive
14127,123,44,709.71,4,3,3,433,Potential Loyalists
14128,61,46,637.5,3,3,3,333,Potential Loyalists
14129,2,52,1123.8600000000001,1,3,4,134,Inactive
14130,319,66,480.91,5,4,2,542,Potential Loyalists
14132,2,200,3586.0299999999997,1,5,5,155,Inactive
14133,130,28,605.64,4,2,3,423,Inactive
14135,2,134,4690.31,1,5,5,155,Inactive
14138,2,46,965.8800000000001,1,3,4,134,Inactive
14139,46,26,415.82,3,2,2,322,Inactive
14140,4,66,935.05,1,4,4,144,Inactive
14141,3,40,915.13,1,3,3,133,Inactive
14142,373,22,311.81,5,2,2,522,Inactive
14143,134,7,115.8,4,1,1,411,Inactive
14145,47,11,3742.2,3,1,5,315,Inactive
14146,9,210,4191.0,1,5,5,155,Inactive
14147,78,5,483.4,4,1,2,412,Inactive
14148,234,3,157.2,5,1,1,511,Inactive
14149,221,28,446.62,5,2,2,522,Inactive
14150,36,26,658.64,3,2,3,323,Inactive
14152,75,49,621.29,4,3,3,433,Potential Loyalists
14154,239,52,1345.62,5,3,4,534,Potential Loyalists
14155,266,6,118.75,5,1,1,511,Inactive
14156,10,1395,117210.08,1,5,5,155,Inactive
14157,20,46,424.89000000000004,2,3,2,232,Potential Loyalists
14158,40,41,507.66,3,3,3,333,Potential Loyalists
14159,20,1175,4630.35,2,5,5,255,Potential Loyalists
14161,216,104,1097.6200000000001,5,4,4,544,VIP
14162,174,25,289.36,4,2,2,422,Inactive
14163,87,52,2445.91,4,3,5,435,Potential Loyalists
14164,71,29,1631.77,3,2,4,324,Inactive
14165,276,24,120.44,5,2,1,521,Inactive
14167,39,50,562.59,3,3,3,333,Potential Loyalists
14171,98,58,363.79,4,4,2,442,Potential Loyalists
14173,11,29,450.84,1,2,2,122,Inactive
14174,33,26,134.46,2,2,1,221,Inactive
14175,60,149,3222.3,3,5,5,355,Consistent Buyers
14176,297,31,576.9000000000001,5,3,3,533,Potential Loyalists
14177,86,41,549.46,4,3,3,433,Potential Loyalists
14178,9,318,1600.26,1,5,4,154,Inactive
14179,41,157,701.57,3,5,3,353,Consistent Buyers
14180,11,240,4748.52,1,5,5,155,Inactive
14184,67,24,452.89,3,2,2,322,Inactive
14185,331,3,197.65,5,1,1,511,Inactive
14188,31,65,2054.36,2,4,4,244,Potential Loyalists
14189,2,265,4654.08,1,5,5,155,Inactive
14191,2,259,4684.76,1,5,5,155,Inactive
14193,68,42,853.39,3,3,3,333,Potential Loyalists
14194,5,579,11349.52,1,5,5,155,Inactive
14195,202,7,1012.0,5,1,4,514,Inactive
14196,107,6,335.52,4,1,2,412,Inactive
14198,18,39,701.4,2,3,3,233,Potential Loyalists
14199,218,2,185.39999999999998,5,1,1,511,Inactive
14201,60,37,747.44,3,3,3,333,Potential Loyalists
14204,2,39,150.61,1,3,1,131,Inactive
14205,17,24,466.7,2,2,2,222,Inactive
14206,239,20,328.15999999999997,5,2,2,522,Inactive
14208,95,10,151.74,4,1,1,411,Inactive
14209,11,87,2073.43,1,4,5,145,Inactive
14210,106,102,1905.8400000000001,4,4,4,444,VIP
14211,53,112,2241.1,3,4,5,345,Consistent Buyers
14212,90,9,1070.48,4,1,4,414,Inactive
14214,31,67,1004.38,2,4,4,244,Potential Loyalists
14215,12,108,1789.72,1,4,4,144,Inactive
14216,3,59,1839.3,1,4,4,144,Inactive
14217,2,100,2004.98,1,4,4,144,Inactive
14218,43,12,169.48000000000002,3,1,1,311,Inactive
14219,4,7,89.94,1,1,1,111,Inactive
14220,247,21,632.4,5,2,3,523,Inactive
14221,42,193,3432.8,3,5,5,355,Consistent Buyers
14222,177,41,683.17,4,3,3,433,Potential Loyalists
14223,92,60,991.13,4,4,4,444,VIP
14224,110,113,1009.73,4,4,4,444,VIP
14226,29,66,2214.79,2,4,5,245,Potential Loyalists
14227,26,175,3350.96,2,5,5,255,Potential Loyalists
14229,52,40,1547.2,3,3,4,334,Potential Loyalists
14231,184,50,925.71,5,3,3,533,Potential Loyalists
14232,43,115,2048.07,3,4,4,344,Consistent Buyers
14233,49,35,1462.72,3,3,4,334,Potential Loyalists
14234,22,147,754.12,2,5,3,253,Potential Loyalists
14235,75,79,3144.86,4,4,5,445,VIP
14236,81,15,490.86,4,2,3,423,Inactive
14237,373,9,161.0,5,1,1,511,Inactive
14238,326,8,146.85,5,1,1,511,Inactive
14239,43,112,2380.85,3,4,5,345,Consistent Buyers
14240,30,42,890.34,2,3,3,233,Potential Loyalists
14241,184,10,213.70000000000002,5,1,1,511,Inactive
14242,235,16,280.55,5,2,2,522,Inactive
14243,9,141,2588.77,1,5,5,155,Inactive
14245,220,108,1693.45,5,4,4,544,VIP
14246,111,75,1474.06,4,4,4,444,VIP
14247,278,20,136.76999999999998,5,2,1,521,Inactive
14248,318,8,302.58,5,1,2,512,Inactive
14250,7,111,1904.05,1,4,4,144,Inactive
14251,2,78,2879.7000000000003,1,4,5,145,Inactive
14256,260,53,969.0600000000001,5,3,4,534,Potential Loyalists
14257,64,106,3099.7200000000003,3,4,5,345,Consistent Buyers
14258,9,111,12669.98,1,4,5,145,Inactive
14259,142,5,120.0,4,1,1,411,Inactive
14261,51,52,1163.45,3,3,4,334,Potential Loyalists
14262,8,143,2618.23,1,5,5,155,Inactive
14264,155,17,333.97,4,2,2,422,Inactive
14265,109,31,530.18,4,3,3,433,Potential Loyalists
14267,163,55,1516.24,4,3,4,434,Potential Loyalists
14270,332,29,492.65000000000003,5,2,3,523,Inactive
14271,226,10,112.32,5,1,1,511,Inactive
14272,74,33,437.96,4,3,2,432,Potential Loyalists
14273,51,29,559.97,3,2,3,323,Inactive
14276,99,64,1119.74,4,4,4,444,VIP
14277,15,222,4188.0,2,5,5,255,Potential Loyalists
14280,197,8,134.04,5,1,1,511,Inactive
14282,3,154,3701.44,1,5,5,155,Inactive
14284,31,32,595.25,2,3,3,233,Potential Loyalists
14285,21,27,1910.01,2,2,4,224,Inactive
14286,24,280,4628.75,2,5,5,255,Potential Loyalists
14287,8,9,176.63,1,1,1,111,Inactive
14288,213,16,426.6,5,2,2,522,Inactive
14289,9,47,911.26,1,3,3,133,Inactive
14290,11,101,2314.65,1,4,5,145,Inactive
14291,2,237,3883.25,1,5,5,155,Inactive
14292,8,100,4871.93,1,4,5,145,Inactive
14293,3,61,1046.56,1,4,4,144,Inactive
14295,40,5,166.20000000000002,3,1,1,311,Inactive
14297,18,62,1305.33,2,4,4,244,Potential Loyalists
14298,8,1637,51527.3,1,5,5,155,Inactive
14299,8,143,3965.62,1,5,5,155,Inactive
14300,19,3,43.2,2,1,1,211,Inactive
14301,117,13,640.14,4,1,3,413,Inactive
14304,223,17,383.45,5,2,2,522,Inactive
14305,71,105,1858.96,3,4,4,344,Consistent Buyers
14306,51,33,2093.32,3,3,5,335,Potential Loyalists
14307,89,180,2995.72,4,5,5,455,VIP
14309,8,117,2352.53,1,4,5,145,Inactive
14311,243,20,310.26,5,2,2,522,Inactive
14312,47,87,1611.59,3,4,4,344,Consistent Buyers
14314,107,8,120.0,4,1,1,411,Inactive
14315,45,101,2481.13,3,4,5,345,Consistent Buyers
14317,65,24,508.58000000000004,3,2,3,323,Inactive
14320,207,31,477.79,5,3,2,532,Potential Loyalists
14321,11,123,1530.75,1,5,4,154,Inactive
14323,115,36,605.0600000000001,4,3,3,433,Potential Loyalists
14326,242,8,183.85,5,1,1,511,Inactive
14327,163,12,311.65,4,1,2,412,Inactive
14329,17,258,4975.24,2,5,5,255,Potential Loyalists
14331,124,28,462.65999999999997,4,2,2,422,Inactive
14332,23,25,840.21,2,2,3,223,Inactive
14333,68,15,415.2,3,2,2,322,Inactive
14334,17,162,2552.21,2,5,5,255,Potential Loyalists
14335,16,60,454.86,2,4,2,242,Potential Loyalists
14336,17,90,1614.91,2,4,4,244,Potential Loyalists
14338,161,31,588.22,4,3,3,433,Potential Loyalists
14339,243,14,309.52,5,2,2,522,Inactive
14340,219,6,134.7,5,1,1,511,Inactive
14341,45,128,2166.98,3,5,5,355,Consistent Buyers
14342,21,21,668.5600000000001,2,2,3,223,Inactive
14344,127,71,889.9300000000001,4,4,3,443,Consistent Buyers
14345,39,6,108.97999999999999,3,1,1,311,Inactive
14346,121,60,1021.58,4,4,4,444,VIP
14348,260,18,409.57,5,2,2,522,Inactive
14349,10,31,133.5,1,3,1,131,Inactive
14350,274,18,282.93,5,2,2,522,Inactive
14351,165,1,51.0,4,1,1,411,Inactive
14352,157,47,1078.96,4,3,4,434,Potential Loyalists
14353,215,6,90.6,5,1,1,511,Inactive
14354,6,9,163.62,1,1,1,111,Inactive
14355,366,11,174.4,5,1,1,511,Inactive
14356,80,33,701.23,4,3,3,433,Potential Loyalists
14357,43,40,225.12,3,3,1,331,Inactive
14359,19,55,912.18,2,3,3,233,Potential Loyalists
14360,32,117,2118.03,2,4,5,245,Potential Loyalists
14362,22,37,151.5,2,3,1,231,Inactive
14364,109,69,3717.35,4,4,5,445,VIP
14367,8,521,9227.82,1,5,5,155,Inactive
14368,320,8,155.0,5,1,1,511,Inactive
14371,295,4,100.5,5,1,1,511,Inactive
14373,358,4,76.55,5,1,1,511,Inactive
14375,185,66,235.56,5,4,1,541,Inactive
14377,191,11,617.05,5,1,3,513,Inactive
14379,44,46,348.1,3,3,2,332,Potential Loyalists
14381,52,56,202.68,3,3,1,331,Inactive
14382,26,126,615.49,2,5,3,253,Potential Loyalists
14383,38,59,1247.69,3,4,4,344,Consistent Buyers
14385,9,14,202.11,1,2,1,121,Inactive
14386,297,7,142.4,5,1,1,511,Inactive
14387,33,139,1727.6,2,5,4,254,Potential Loyalists
14388,10,186,3212.84,1,5,5,155,Inactive
14389,65,45,1043.46,3,3,4,334,Potential Loyalists
14390,10,284,4642.57,1,5,5,155,Inactive
14393,218,5,67.95,5,1,1,511,Inactive
14395,2,348,3479.91,1,5,5,155,Inactive
14396,65,73,487.99,3,4,3,343,Consistent Buyers
14397,3,87,2612.96,1,4,5,145,Inactive
14400,149,25,574.7,4,2,3,423,Inactive
14401,4,182,4051.48,1,5,5,155,Inactive
14403,130,20,1475.81,4,2,4,424,Inactive
14404,34,100,1449.32,3,4,4,344,Consistent Buyers
14406,119,8,156.75,4,1,1,411,Inactive
14407,107,73,2157.73,4,4,5,445,VIP
14408,11,106,2599.03,1,4,5,145,Inactive
14409,71,54,2059.4500000000003,3,3,5,335,Potential Loyalists
14410,92,190,1100.27,4,5,4,454,VIP
14411,311,14,1063.0,5,2,4,524,Inactive
14412,43,43,770.03,3,3,3,333,Potential Loyalists
14413,362,22,121.05,5,2,1,521,Inactive
14414,92,97,1496.98,4,4,4,444,VIP
14415,1,579,5855.57,1,5,5,155,Inactive
14416,22,14,490.22,2,2,3,223,Inactive
14418,4,124,1937.25,1,5,4,154,Inactive
14419,11,202,1051.79,1,5,4,154,Inactive
14420,99,29,387.52,4,2,2,422,Inactive
14421,57,27,813.11,3,2,3,323,Inactive
14422,1,222,4263.64,1,5,5,155,Inactive
14423,218,3,265.2,5,1,2,512,Inactive
14424,18,1,322.08,2,1,2,212,Inactive
14426,24,224,4481.67,2,5,5,255,Potential Loyalists
14427,50,17,363.34000000000003,3,2,2,322,Inactive
14428,7,137,1224.06,1,5,4,154,Inactive
14431,303,17,470.36,5,2,2,522,Inactive
14432,10,377,2248.5,1,5,5,155,Inactive
14434,22,12,1372.8,2,1,4,214,Inactive
14436,99,9,89.06,4,1,1,411,Inactive
14437,366,5,63.0,5,1,1,511,Inactive
14438,306,9,131.9,5,1,1,511,Inactive
14439,320,32,2661.24,5,3,5,535,Potential Loyalists
14440,8,55,2357.6800000000003,1,3,5,135,Inactive
14441,1,51,1712.89,1,3,4,134,Inactive
14442,205,63,1589.82,5,4,4,544,VIP
14443,54,93,1420.2,3,4,4,344,Consistent Buyers
14446,1,277,1010.35,1,5,4,154,Inactive
14447,19,70,1163.23,2,4,4,244,Potential Loyalists
14448,9,20,375.35,1,2,2,122,Inactive
14449,19,250,885.8,2,5,3,253,Potential Loyalists
14450,181,40,483.25,5,3,2,532,Potential Loyalists
14451,60,105,643.9,3,4,3,343,Consistent Buyers
14452,11,60,259.05,1,4,2,142,Inactive
14453,190,22,119.93,5,2,1,521,Inactive
14456,5,947,3017.28,1,5,5,155,Inactive
14457,311,4,113.64,5,1,1,511,Inactive
14459,155,37,1837.92,4,3,4,434,Potential Loyalists
14460,110,16,434.34,4,2,2,422,Inactive
14461,148,180,2103.06,4,5,5,455,VIP
14462,66,233,1980.57,3,5,4,354,Consistent Buyers
14463,98,6,529.62,4,1,3,413,Inactive
14465,247,123,1038.44,5,5,4,554,VIP
14466,29,72,2272.4,2,4,5,245,Potential Loyalists
14467,18,89,596.26,2,4,3,243,Potential Loyalists
14470,12,43,461.19,1,3,2,132,Inactive
14472,104,265,1852.67,4,5,4,454,VIP
14473,74,7,234.34000000000003,4,1,1,411,Inactive
14474,46,29,547.66,3,2,3,323,Inactive
14475,72,42,925.85,3,3,3,333,Potential Loyalists
14476,257,17,193.0,5,2,1,521,Inactive
14477,20,10,1309.6,2,1,4,214,Inactive
14479,254,18,316.25,5,2,2,522,Inactive
14480,11,13,279.05,1,1,2,112,Inactive
14481,165,30,636.51,4,3,3,433,Potential Loyalists
14482,18,137,2022.81,2,5,4,254,Potential Loyalists
14483,282,9,137.1,5,1,1,511,Inactive
14484,50,14,321.92,3,2,2,322,Inactive
14485,39,46,162.8,3,3,1,331,Inactive
14487,27,140,1165.48,2,5,4,254,Potential Loyalists
14488,68,46,1064.28,3,3,4,334,Potential Loyalists
14489,207,30,463.38,5,3,2,532,Potential Loyalists
14491,175,17,340.93,4,2,2,422,Inactive
14493,7,120,2383.2400000000002,1,5,5,155,Inactive
14494,26,7,139.56,2,1,1,211,Inactive
14495,51,6,123.8,3,1,1,311,Inactive
14496,312,19,538.8100000000001,5,2,3,523,Inactive
14497,309,29,475.37,5,2,2,522,Inactive
14498,43,193,1957.32,3,5,4,354,Consistent Buyers
14499,26,190,808.44,2,5,3,253,Potential Loyalists
14500,88,7,356.85,4,1,2,412,Inactive
14501,184,10,251.21,5,1,2,512,Inactive
14502,20,608,2429.83,2,5,5,255,Potential Loyalists
14503,3,164,3543.26,1,5,5,155,Inactive
14504,47,107,673.26,3,4,3,343,Consistent Buyers
14505,17,785,5859.43,2,5,5,255,Potential Loyalists
14506,17,295,1960.65,2,5,4,254,Potential Loyalists
14507,24,95,1367.88,2,4,4,244,Potential Loyalists
14508,22,55,268.05,2,3,2,232,Potential Loyalists
14511,11,68,1314.81,1,4,4,144,Inactive
14512,188,23,275.28,5,2,2,522,Inactive
14513,101,12,455.59000000000003,4,1,2,412,Inactive
14514,61,69,990.2,3,4,4,344,Consistent Buyers
14515,18,98,2076.89,2,4,5,245,Potential Loyalists
14517,33,18,330.45,2,2,2,222,Inactive
14518,64,16,174.37,3,2,1,321,Inactive
14520,2,4,270.6,1,1,2,112,Inactive
14522,24,17,974.54,2,2,4,224,Inactive
14523,108,12,241.09,4,1,1,411,Inactive
14524,32,197,1843.83,2,5,4,254,Potential Loyalists
14525,20,282,4215.9,2,5,5,255,Potential Loyalists
14527,3,971,8507.13,1,5,5,155,Inactive
14528,37,18,364.21999999999997,3,2,2,322,Inactive
14529,60,213,578.61,3,5,3,353,Consistent Buyers
14530,26,213,2862.11,2,5,5,255,Potential Loyalists
14532,236,64,932.85,5,4,3,543,Consistent Buyers
14533,25,62,1949.72,2,4,4,244,Potential Loyalists
14534,3,508,4397.3,1,5,5,155,Inactive
14535,60,328,2854.84,3,5,5,355,Consistent Buyers
14536,260,18,170.95,5,2,1,521,Inactive
14537,58,10,355.56,3,1,2,312,Inactive
14538,65,19,388.25,3,2,2,322,Inactive
14539,16,32,537.48,2,3,3,233,Potential Loyalists
14540,10,71,952.66,1,4,4,144,Inactive
14541,59,105,1453.35,3,4,4,344,Consistent Buyers
14542,186,5,103.25,5,1,1,511,Inactive
14543,29,71,3599.73,2,4,5,245,Potential Loyalists
14544,24,111,2004.3,2,4,4,244,Potential Loyalists
14546,5,397,2573.93,1,5,5,155,Inactive
14547,4,355,3974.75,1,5,5,155,Inactive
14548,151,4,652.8,4,1,3,413,Inactive
14549,311,56,289.24,5,3,2,532,Potential Loyalists
14550,11,47,757.37,1,3,3,133,Inactive
14551,18,10,186.23,2,1,1,211,Inactive
14552,152,57,164.22,4,3,1,431,Inactive
14553,19,113,859.27,2,4,3,243,Potential Loyalists
14554,10,203,2279.4900000000002,1,5,5,155,Inactive
14555,57,19,312.54,3,2,2,322,Inactive
14557,85,16,788.38,4,2,3,423,Inactive
14560,7,74,2237.77,1,4,5,145,Inactive
14561,76,69,1080.76,4,4,4,444,VIP
14562,4,419,5006.77,1,5,5,155,Inactive
14565,96,127,3099.12,4,5,5,455,VIP
14566,111,4,1432.0,4,1,4,414,Inactive
14567,57,33,1530.3600000000001,3,3,4,334,Potential Loyalists
14569,1,12,227.39,1,1,1,111,Inactive
14570,281,29,218.06,5,2,1,521,Inactive
14572,3,262,2804.54,1,5,5,155,Inactive
14573,180,227,1639.82,5,5,4,554,VIP
14576,372,1,35.400000000000006,5,1,1,511,Inactive
14577,13,123,859.71,1,5,3,153,Inactive
14578,3,24,168.63,1,2,1,121,Inactive
14581,17,17,138.6,2,2,1,221,Inactive
14582,41,6,114.11,3,1,1,311,Inactive
14583,6,302,986.96,1,5,4,154,Inactive
14584,169,98,1033.06,4,4,4,444,VIP
14585,50,29,157.05,3,2,1,321,Inactive
14586,277,19,237.36,5,2,1,521,Inactive
14587,19,371,1580.29,2,5,4,254,Potential Loyalists
14589,372,3,39.75,5,1,1,511,Inactive
14591,15,176,1320.21,2,5,4,254,Potential Loyalists
14592,35,158,557.94,3,5,3,353,Consistent Buyers
14593,22,151,617.15,2,5,3,253,Potential Loyalists
14594,7,52,363.33,1,3,2,132,Inactive
14595,20,102,1740.6,2,4,4,244,Potential Loyalists
14597,11,47,866.24,1,3,3,133,Inactive
14598,44,50,221.97,3,3,1,331,Inactive
14600,306,25,393.33000000000004,5,2,2,522,Inactive
14601,11,7,213.96,1,1,1,111,Inactive
14603,275,2,660.0,5,1,3,513,Inactive
14606,1,2677,12076.15,1,5,5,155,Inactive
14607,16,81,16209.5,2,4,5,245,Potential Loyalists
14608,4,20,1785.15,1,2,4,124,Inactive
14609,72,4,601.56,3,1,3,313,Inactive
14616,243,3,406.08000000000004,5,1,2,512,Inactive
14618,9,16,553.44,1,2,3,123,Inactive
14619,246,20,394.44,5,2,2,522,Inactive
14620,206,26,412.78000000000003,5,2,2,522,Inactive
14621,1,92,1788.3600000000001,1,4,4,144,Inactive
14622,185,21,320.58000000000004,5,2,2,522,Inactive
14623,32,133,886.7,2,5,3,253,Potential Loyalists
14624,57,13,225.85,3,1,1,311,Inactive
14625,196,53,899.63,5,3,3,533,Potential Loyalists
14626,24,122,2791.27,2,5,5,255,Potential Loyalists
14628,91,24,671.96,4,2,3,423,Inactive
14629,4,150,955.26,1,5,4,154,Inactive
14631,51,41,1006.98,3,3,4,334,Potential Loyalists
14632,263,8,114.56,5,1,1,511,Inactive
14633,266,20,344.90000000000003,5,2,2,522,Inactive
14636,36,28,609.85,3,2,3,323,Inactive
14638,51,16,443.6,3,2,2,322,Inactive
14639,52,172,2984.49,3,5,5,355,Consistent Buyers
14640,24,105,2107.38,2,4,5,245,Potential Loyalists
14641,22,7,110.46,2,1,1,211,Inactive
14642,59,2,96.12,3,1,1,311,Inactive
14643,170,31,693.8100000000001,4,3,3,433,Potential Loyalists
14644,68,26,830.76,3,2,3,323,Inactive
14645,157,30,597.09,4,3,3,433,Potential Loyalists
14646,2,2080,280206.02,1,5,5,155,Inactive
14647,201,28,236.04000000000002,5,2,1,521,Inactive
14649,5,186,1402.59,1,5,4,154,Inactive
14651,67,101,653.75,3,4,3,343,Consistent Buyers
14652,77,29,114.18,4,2,1,421,Inactive
14653,1,234,1926.65,1,5,4,154,Inactive
14655,8,49,1932.23,1,3,4,134,Inactive
14656,169,80,291.05,4,4,2,442,Potential Loyalists
14657,18,126,848.22,2,5,3,253,Potential Loyalists
14658,5,29,247.15,1,2,1,121,Inactive
14659,9,253,2529.93,1,5,5,155,Inactive
14660,87,30,285.74,4,3,2,432,Potential Loyalists
14661,27,4,107.95,2,1,1,211,Inactive
14662,29,157,741.37,2,5,3,253,Potential Loyalists
14664,20,98,636.24,2,4,3,243,Potential Loyalists
14665,61,90,1835.7,3,4,4,344,Consistent Buyers
14666,24,14,195.25,2,2,1,221,Inactive
14667,11,567,9175.04,1,5,5,155,Inactive
14669,242,166,1259.24,5,5,4,554,VIP
14670,280,123,392.86,5,5,2,552,Potential Loyalists
14672,235,61,765.55,5,4,3,543,Consistent Buyers
14673,3,74,1736.4,1,4,4,144,Inactive
14675,16,97,596.36,2,4,3,243,Potential Loyalists
14676,31,42,2548.2400000000002,2,3,5,235,Potential Loyalists
14680,25,258,28754.11,2,5,5,255,Potential Loyalists
14681,71,7,498.95,3,1,3,313,Inactive
14682,188,2,52.0,5,1,1,511,Inactive
14684,26,390,1201.51,2,5,4,254,Potential Loyalists
14687,107,15,628.38,4,2,3,423,Inactive
14688,8,324,5579.1,1,5,5,155,Inactive
14689,209,13,112.8,5,1,1,511,Inactive
14690,44,48,355.05,3,3,2,332,Potential Loyalists
14691,31,71,2114.33,2,4,5,245,Potential Loyalists
14692,137,68,591.55,4,4,3,443,Consistent Buyers
14693,265,8,172.9,5,1,1,511,Inactive
14696,4,130,2078.95,1,5,5,155,Inactive
14697,218,22,188.60999999999999,5,2,1,521,Inactive
14698,2,200,1217.27,1,5,4,154,Inactive
14699,214,8,109.13000000000001,5,1,1,511,Inactive
14700,32,112,2195.1,2,4,5,245,Potential Loyalists
14701,11,327,2526.09,1,5,5,155,Inactive
14702,1,342,3251.79,1,5,5,155,Inactive
14703,15,22,318.17,2,2,2,222,Inactive
14704,11,393,1493.96,1,5,4,154,Inactive
14705,199,1,179.0,5,1,1,511,Inactive
14708,3,28,1126.37,1,2,4,124,Inactive
14709,15,196,4921.04,2,5,5,255,Potential Loyalists
14710,14,136,599.48,2,5,3,253,Potential Loyalists
14711,10,345,2839.62,1,5,5,155,Inactive
14712,29,25,917.07,2,2,3,223,Inactive
14713,9,338,2662.2,1,5,5,155,Inactive
14714,24,10,160.19,2,1,1,211,Inactive
14715,25,71,867.38,2,4,3,243,Potential Loyalists
14716,43,51,307.51,3,3,2,332,Potential Loyalists
14719,2,235,1581.84,1,5,4,154,Inactive
14720,6,37,663.81,1,3,3,133,Inactive
14722,147,28,180.42000000000002,4,2,1,421,Inactive
14723,10,259,1122.3600000000001,1,5,4,154,Inactive
14725,25,47,655.58,2,3,3,233,Potential Loyalists
14727,274,10,268.58,5,1,2,512,Inactive
14729,374,71,313.49,5,4,2,542,Potential Loyalists
14730,1,462,1897.57,1,5,4,154,Inactive
14731,47,45,380.02,3,3,2,332,Potential Loyalists
14732,8,147,2702.4900000000002,1,5,5,155,Inactive
14733,16,202,9585.91,2,5,5,255,Potential Loyalists
14735,4,194,6065.69,1,5,5,155,Inactive
14737,4,17,1164.55,1,2,4,124,Inactive
14738,43,54,1314.45,3,3,4,334,Potential Loyalists
14739,4,60,3902.28,1,4,5,145,Inactive
14740,197,89,1448.21,5,4,4,544,VIP
14741,12,59,1400.34,1,4,4,144,Inactive
14744,16,26,1099.98,2,2,4,224,Inactive
14745,113,69,1220.26,4,4,4,444,VIP
14747,249,18,328.2,5,2,2,522,Inactive
14748,29,89,1415.75,2,4,4,244,Potential Loyalists
14752,44,5,389.64,3,1,2,312,Inactive
14753,87,30,563.15,4,3,3,433,Potential Loyalists
14754,45,41,638.05,3,3,3,333,Potential Loyalists
14755,10,235,5010.28,1,5,5,155,Inactive
14756,15,38,738.96,2,3,3,233,Potential Loyalists
14757,75,19,420.5,4,2,2,422,Inactive
14758,145,71,1484.06,4,4,4,444,VIP
14759,5,102,1625.97,1,4,4,144,Inactive
14760,297,5,89.2,5,1,1,511,Inactive
14761,59,11,255.9,3,1,2,312,Inactive
14762,264,21,300.52,5,2,2,522,Inactive
14764,47,6,278.3,3,1,2,312,Inactive
14765,29,39,254.11,2,3,2,232,Potential Loyalists
14766,8,135,2473.37,1,5,5,155,Inactive
14768,17,5,192.60000000000002,2,1,1,211,Inactive
14769,3,1062,10416.98,1,5,5,155,Inactive
14770,232,52,876.42,5,3,3,533,Potential Loyalists
14772,112,9,139.26,4,1,1,411,Inactive
14775,58,60,1011.9,3,4,4,344,Consistent Buyers
14776,51,117,2538.3,3,4,5,345,Consistent Buyers
14778,127,35,730.86,4,3,3,433,Potential Loyalists
14779,281,41,386.15,5,3,2,532,Potential Loyalists
14780,55,27,447.68,3,2,2,322,Inactive
14782,320,6,200.10000000000002,5,1,1,511,Inactive
14784,26,15,289.99,2,2,2,222,Inactive
14785,10,3,77.4,1,1,1,111,Inactive
14788,7,30,679.4399999999999,1,3,3,133,Inactive
14789,29,6,197.64,2,1,1,211,Inactive
14790,17,46,745.06,2,3,3,233,Potential Loyalists
14792,64,2,6.2,3,1,1,311,Inactive
14793,21,14,228.99,2,2,1,221,Inactive
14794,3,80,1319.91,1,4,4,144,Inactive
14795,166,6,131.45000000000002,4,1,1,411,Inactive
14796,1,1132,7975.49,1,5,5,155,Inactive
14798,53,12,173.74,3,1,1,311,Inactive
14799,51,13,157.7,3,1,1,311,Inactive
14800,48,383,4331.79,3,5,5,355,Consistent Buyers
14801,61,57,189.34,3,3,1,331,Inactive
14803,162,44,845.55,4,3,3,433,Potential Loyalists
14804,9,12,353.27,1,1,2,112,Inactive
14805,15,46,546.4,2,3,3,233,Potential Loyalists
14806,75,11,193.39000000000001,4,1,1,411,Inactive
14808,40,231,2718.6,3,5,5,355,Consistent Buyers
14810,41,254,2085.33,3,5,5,355,Consistent Buyers
14813,370,29,152.88,5,2,1,521,Inactive
14815,37,53,778.5,3,3,3,333,Potential Loyalists
14816,197,4,271.85,5,1,2,512,Inactive
14817,200,63,1110.34,5,4,4,544,VIP
14818,74,48,657.8,4,3,3,433,Potential Loyalists
14819,64,13,272.07,3,1,2,312,Inactive
14820,21,29,507.29,2,2,3,223,Inactive
14821,367,2,48.800000000000004,5,1,1,511,Inactive
14823,180,70,321.43,5,4,2,542,Potential Loyalists
14824,10,29,1127.71,1,2,4,124,Inactive
14825,4,120,2221.01,1,5,5,155,Inactive
14828,197,17,2139.76,5,2,5,525,Inactive
14829,29,42,697.55,2,3,3,233,Potential Loyalists
14830,53,39,188.88,3,3,1,331,Inactive
14834,18,67,1720.3,2,4,4,244,Potential Loyalists
14836,10,6,102.44999999999999,1,1,1,111,Inactive
14837,90,108,1649.5,4,4,4,444,VIP
14840,268,4,62.85,5,1,1,511,Inactive
14841,53,138,3295.76,3,5,5,355,Consistent Buyers
14842,44,145,2824.69,3,5,5,355,Consistent Buyers
14844,64,130,3189.81,3,5,5,355,Consistent Buyers
14847,149,13,309.4,4,1,2,412,Inactive
14849,22,388,7930.54,2,5,5,255,Potential Loyalists
14850,312,21,325.75,5,2,2,522,Inactive
14851,23,28,511.35,2,2,3,223,Inactive
14852,58,143,2836.69,3,5,5,355,Consistent Buyers
14853,24,9,475.8,2,1,2,212,Inactive
14854,78,126,2740.03,4,5,5,455,VIP
14855,119,20,645.65,4,2,3,423,Inactive
14856,36,65,1290.53,3,4,4,344,Consistent Buyers
14857,60,60,1173.12,3,4,4,344,Consistent Buyers
14859,13,58,1353.74,1,4,4,144,Inactive
14860,19,11,170.32,2,1,1,211,Inactive
14861,52,6,125.79,3,1,1,311,Inactive
14862,26,48,841.1999999999999,2,3,3,233,Potential Loyalists
14863,29,11,266.76,2,1,2,212,Inactive
14865,7,4,52.2,1,1,1,111,Inactive
14866,11,99,14389.9,1,4,5,145,Inactive
14867,186,36,710.28,5,3,3,533,Potential Loyalists
14868,3,144,2953.59,1,5,5,155,Inactive
14869,9,70,721.45,1,4,3,143,Inactive
14870,262,13,327.25,5,1,2,512,Inactive
14871,3,93,501.28000000000003,1,4,3,143,Inactive
14873,210,28,519.68,5,2,3,523,Inactive
14875,108,47,1465.3200000000002,4,3,4,434,Potential Loyalists
14878,13,122,1476.09,1,5,4,154,Inactive
14880,77,46,690.59,4,3,3,433,Potential Loyalists
14881,20,17,255.4,2,2,2,222,Inactive
14882,27,11,589.7,2,1,3,213,Inactive
14883,19,53,761.59,2,3,3,233,Potential Loyalists
14885,132,15,765.3199999999999,4,2,3,423,Inactive
14886,253,18,364.8,5,2,2,522,Inactive
14887,79,6,1862.0,4,1,4,414,Inactive
14888,207,20,369.2,5,2,2,522,Inactive
14889,336,10,135.9,5,1,1,511,Inactive
14890,254,7,125.65,5,1,1,511,Inactive
14891,148,33,554.38,4,3,3,433,Potential Loyalists
14893,10,73,1237.8500000000001,1,4,4,144,Inactive
14894,85,23,655.75,4,2,3,423,Inactive
14895,8,498,11138.710000000001,1,5,5,155,Inactive
14896,205,43,468.77000000000004,5,3,2,532,Potential Loyalists
14897,8,55,1366.38,1,3,4,134,Inactive
14898,23,109,1269.31,2,4,4,244,Potential Loyalists
14901,11,96,1421.29,1,4,4,144,Inactive
14902,26,20,332.66,2,2,2,222,Inactive
14903,21,350,2795.33,2,5,5,255,Potential Loyalists
14904,2,69,1025.44,1,4,4,144,Inactive
14905,158,17,616.15,4,2,3,423,Inactive
14907,3,165,3501.1,1,5,5,155,Inactive
14908,74,9,277.8,4,1,2,412,Inactive
14910,3,30,434.35,1,3,2,132,Inactive
14911,1,5672,143711.17,1,5,5,155,Inactive
14912,17,27,867.85,2,2,3,223,Inactive
14913,36,87,1227.43,3,4,4,344,Consistent Buyers
14915,91,12,307.48,4,1,2,412,Inactive
14916,71,77,1268.98,3,4,4,344,Consistent Buyers
14918,116,45,1610.15,4,3,4,434,Potential Loyalists
14920,213,57,977.77,5,3,4,534,Potential Loyalists
14921,30,78,1316.07,2,4,4,244,Potential Loyalists
14923,51,44,749.1,3,3,3,333,Potential Loyalists
14924,246,10,310.05,5,1,2,512,Inactive
14929,32,11,223.88,2,1,1,211,Inactive
14930,109,127,2362.96,4,5,5,455,VIP
14931,5,41,1257.68,1,3,4,134,Inactive
14932,366,17,363.53,5,2,2,522,Inactive
14934,82,87,1890.94,4,4,4,444,VIP
14935,297,10,1784.71,5,1,4,514,Inactive
14936,34,364,8137.02,3,5,5,355,Consistent Buyers
14937,57,34,1621.88,3,3,4,334,Potential Loyalists
14944,30,170,5900.25,2,5,5,255,Potential Loyalists
14946,14,3,100.9,2,1,1,211,Inactive
14947,72,14,290.82,3,2,2,322,Inactive
14948,23,63,1101.97,2,4,4,244,Potential Loyalists
14950,19,19,371.2,2,2,2,222,Inactive
14951,79,20,311.69,4,2,2,422,Inactive
14952,60,138,8099.49,3,5,5,355,Consistent Buyers
14953,25,54,285.67,2,3,2,232,Potential Loyalists
14954,12,77,294.85,1,4,2,142,Inactive
14957,253,12,58.49,5,1,1,511,Inactive
14958,147,41,483.72999999999996,4,3,2,432,Potential Loyalists
14959,64,59,695.42,3,4,3,343,Consistent Buyers
14960,8,27,221.27,1,2,1,121,Inactive
14961,11,312,7044.68,1,5,5,155,Inactive
14962,271,5,126.7,5,1,1,511,Inactive
14963,10,192,1472.34,1,5,4,154,Inactive
14964,247,13,206.21,5,1,1,511,Inactive
14965,96,81,596.09,4,4,3,443,Consistent Buyers
14966,15,36,183.02,2,3,1,231,Inactive
14967,50,6,463.8,3,1,2,312,Inactive
14968,30,37,147.59,2,3,1,231,Inactive
14970,68,34,1592.06,3,3,4,334,Potential Loyalists
14971,35,155,1097.98,3,5,4,354,Consistent Buyers
14972,128,18,114.77,4,2,1,421,Inactive
14973,107,32,1314.45,4,3,4,434,Potential Loyalists
14974,37,17,89.94,3,2,1,321,Inactive
14975,57,11,279.94,3,1,2,312,Inactive
14976,57,72,790.86,3,4,3,343,Consistent Buyers
14978,72,214,1921.3700000000001,3,5,4,354,Consistent Buyers
14981,246,8,102.12,5,1,1,511,Inactive
14984,19,39,202.37,2,3,1,231,Inactive
14985,198,83,292.01,5,4,2,542,Potential Loyalists
14987,16,4,326.4,2,1,2,212,Inactive
14988,212,40,334.54,5,3,2,532,Potential Loyalists
14995,39,60,231.98000000000002,3,4,1,341,Inactive
14997,46,26,546.1999999999999,3,2,3,323,Inactive
14998,170,74,414.87,4,4,2,442,Potential Loyalists
15000,48,77,490.52,3,4,3,343,Consistent Buyers
15002,116,115,1641.76,4,4,4,444,VIP
15004,147,154,1220.77,4,5,4,454,VIP
15005,16,1112,6295.37,2,5,5,255,Potential Loyalists
15006,51,132,480.38,3,5,2,352,Potential Loyalists
15007,159,12,156.91,4,1,1,411,Inactive
15009,12,180,1259.43,1,5,4,154,Inactive
15010,36,20,308.94,3,2,2,322,Inactive
15012,54,122,405.04,3,5,2,352,Potential Loyalists
15014,43,33,257.67,3,3,2,332,Potential Loyalists
15016,173,20,170.04,4,2,1,421,Inactive
15017,34,20,125.58,3,2,1,321,Inactive
15018,39,31,496.21000000000004,3,3,3,333,Potential Loyalists
15019,267,66,252.81,5,4,2,542,Potential Loyalists
15021,9,444,1871.77,1,5,4,154,Inactive
15022,12,121,852.39,1,5,3,153,Inactive
15023,3,553,6720.41,1,5,5,155,Inactive
15024,10,152,1636.43,1,5,4,154,Inactive
15025,33,67,361.96,2,4,2,242,Potential Loyalists
15026,80,61,469.0,4,4,2,442,Potential Loyalists
15027,31,35,1066.1499999999999,2,3,4,234,Potential Loyalists
15028,8,48,627.13,1,3,3,133,Inactive
15030,72,7,518.28,3,1,3,313,Inactive
15031,4,110,653.19,1,4,3,143,Inactive
15032,256,52,4959.1,5,3,5,535,Potential Loyalists
15033,5,501,2557.18,1,5,5,155,Inactive
15034,16,390,4274.16,2,5,5,255,Potential Loyalists
15035,90,27,252.73000000000002,4,2,2,422,Inactive
15036,72,119,429.56,3,4,2,342,Potential Loyalists
15038,59,125,685.74,3,5,3,353,Consistent Buyers
15039,10,1477,19766.59,1,5,5,155,Inactive
15041,170,66,179.93,4,4,1,441,Inactive
15042,199,5,135.93,5,1,1,511,Inactive
15043,31,3,537.0,2,1,3,213,Inactive
15044,19,444,7634.7300000000005,2,5,5,255,Potential Loyalists
15045,152,12,735.66,4,1,3,413,Inactive
15046,9,201,5090.42,1,5,5,155,Inactive
15047,270,22,343.62,5,2,2,522,Inactive
15048,65,94,381.0,3,4,2,342,Potential Loyalists
15049,274,3,121.17000000000002,5,1,1,511,Inactive
15050,25,76,1737.69,2,4,4,244,Potential Loyalists
15051,23,142,1383.3600000000001,2,5,4,254,Potential Loyalists
15052,319,28,207.73000000000002,5,2,1,521,Inactive
15053,5,69,693.95,1,4,3,143,Inactive
15054,12,114,302.1,1,4,2,142,Inactive
15057,275,25,1489.5,5,2,4,524,Inactive
15058,25,266,2102.54,2,5,5,255,Potential Loyalists
15059,41,237,1337.72,3,5,4,354,Consistent Buyers
15060,8,115,294.25,1,4,2,142,Inactive
15061,4,403,54534.14,1,5,5,155,Inactive
15062,71,57,987.86,3,3,4,334,Potential Loyalists
15063,213,5,370.79999999999995,5,1,2,512,Inactive
15065,38,155,3158.13,3,5,5,355,Consistent Buyers
15066,53,42,893.59,3,3,3,333,Potential Loyalists
15067,78,82,1744.76,4,4,4,444,VIP
15068,46,104,553.36,3,4,3,343,Consistent Buyers
15069,179,70,1109.53,4,4,4,444,VIP
15070,373,1,106.2,5,1,1,511,Inactive
15071,94,26,982.07,4,2,4,424,Inactive
15073,10,54,1043.41,1,3,4,134,Inactive
15074,105,41,735.67,4,3,3,433,Potential Loyalists
15075,78,27,773.03,4,2,3,423,Inactive
15076,173,49,880.85,4,3,3,433,Potential Loyalists
15078,7,440,9743.11,1,5,5,155,Inactive
15079,213,47,895.61,5,3,3,533,Potential Loyalists
15081,22,33,504.8,2,3,3,233,Potential Loyalists
15083,257,5,88.2,5,1,1,511,Inactive
15087,282,15,306.94,5,2,2,522,Inactive
15088,21,57,1160.07,2,3,4,234,Potential Loyalists
15089,10,145,2420.84,1,5,5,155,Inactive
15090,308,23,381.32,5,2,2,522,Inactive
15091,68,30,480.71,3,3,2,332,Potential Loyalists
15092,215,26,457.81,5,2,2,522,Inactive
15093,18,108,4597.02,2,4,5,245,Potential Loyalists
15095,104,47,1370.6,4,3,4,434,Potential Loyalists
15096,43,11,219.39000000000001,3,1,1,311,Inactive
15097,4,25,248.08,1,2,1,121,Inactive
15098,182,3,39916.5,5,1,5,515,Inactive
15099,84,23,410.48,4,2,2,422,Inactive
15100,334,3,876.0,5,1,3,513,Inactive
15101,9,8,317.53,1,1,2,112,Inactive
15103,31,35,703.36,2,3,3,233,Potential Loyalists
15104,197,67,993.54,5,4,4,544,VIP
15105,18,101,2298.93,2,4,5,245,Potential Loyalists
15106,18,100,1422.52,2,4,4,244,Potential Loyalists
15107,311,17,319.5,5,2,2,522,Inactive
15108,142,60,1300.25,4,4,4,444,VIP
15109,246,28,484.95,5,2,2,522,Inactive
15110,24,35,996.1,2,3,4,234,Potential Loyalists
15111,29,84,1567.48,2,4,4,244,Potential Loyalists
15113,10,97,3509.43,1,4,5,145,Inactive
15114,30,197,2760.56,2,5,5,255,Potential Loyalists
15115,18,21,340.11,2,2,2,222,Inactive
15116,18,45,1352.75,2,3,4,234,Potential Loyalists
15117,15,79,1551.78,2,4,4,244,Potential Loyalists
15118,134,1,244.8,4,1,1,411,Inactive
15119,246,14,266.4,5,2,2,522,Inactive
15120,134,21,358.82,4,2,2,422,Inactive
15121,50,28,457.72,3,2,2,322,Inactive
15122,114,82,1633.78,4,4,4,444,VIP
15123,7,106,2199.31,1,4,5,145,Inactive
15124,23,15,184.19,2,2,1,221,Inactive
15125,25,127,11528.48,2,5,5,255,Potential Loyalists
15127,66,16,406.53,3,2,2,322,Inactive
15128,60,102,1471.0,3,4,4,344,Consistent Buyers
15129,50,84,3447.4,3,4,5,345,Consistent Buyers
15130,170,22,330.11,4,2,2,422,Inactive
15132,18,52,977.9300000000001,2,3,4,234,Potential Loyalists
15133,128,29,982.42,4,2,4,424,Inactive
15134,15,73,1387.99,2,4,4,244,Potential Loyalists
15135,239,9,139.05,5,1,1,511,Inactive
15136,3,68,1286.7,1,4,4,144,Inactive
15139,240,13,178.96,5,1,1,511,Inactive
15140,52,80,2354.25,3,4,5,345,Consistent Buyers
15142,46,26,498.74,3,2,3,323,Inactive
15143,226,14,259.45,5,2,2,522,Inactive
15144,8,217,6580.44,1,5,5,155,Inactive
15145,4,67,1194.73,1,4,4,144,Inactive
15146,165,91,1327.16,4,4,4,444,VIP
15147,240,28,623.5,5,2,3,523,Inactive
15148,11,20,301.29,1,2,2,122,Inactive
15149,134,23,520.8000000000001,4,2,3,423,Inactive
15150,17,341,5291.33,2,5,5,255,Potential Loyalists
15152,10,271,4745.69,1,5,5,155,Inactive
15153,31,22,329.25,2,2,2,222,Inactive
15154,75,71,254.28,4,4,2,442,Potential Loyalists
15156,1,55,961.49,1,3,4,134,Inactive
15157,4,125,1936.07,1,5,4,154,Inactive
15158,45,7,401.40000000000003,3,1,2,312,Inactive
15159,2,710,18641.010000000002,1,5,5,155,Inactive
15160,357,4,158.16,5,1,1,511,Inactive
15163,18,29,304.47,2,2,2,222,Inactive
15164,69,101,824.58,3,4,3,343,Consistent Buyers
15165,373,27,487.75,5,2,3,523,Inactive
15167,321,39,158.8,5,3,1,531,Inactive
15168,26,5,106.56,2,1,1,211,Inactive
15171,331,5,1289.5,5,1,4,514,Inactive
15172,9,110,1624.05,1,4,4,144,Inactive
15174,323,11,135.75,5,1,1,511,Inactive
15175,72,23,224.14,3,2,1,321,Inactive
15178,260,3,40.5,5,1,1,511,Inactive
15179,18,93,2206.95,2,4,5,245,Potential Loyalists
15180,367,6,87.5,5,1,1,511,Inactive
15181,66,16,689.4799999999999,3,2,3,323,Inactive
15182,154,29,622.85,4,2,3,423,Inactive
15184,29,62,402.2,2,4,2,242,Potential Loyalists
15185,70,21,310.62,3,2,2,322,Inactive
15186,14,19,411.41,2,2,2,222,Inactive
15187,2,91,4777.18,1,4,5,145,Inactive
15189,1,212,16225.39,1,5,5,155,Inactive
15192,120,51,1044.32,4,3,4,434,Potential Loyalists
15193,61,19,499.32,3,2,3,323,Inactive
15194,3,310,7616.53,1,5,5,155,Inactive
15195,3,1,3861.0,1,1,5,115,Inactive
15197,11,32,1079.6100000000001,1,3,4,134,Inactive
15198,92,10,193.64,4,1,1,411,Inactive
15199,59,13,1268.7,3,1,4,314,Inactive
15201,87,69,1236.54,4,4,4,444,VIP
15203,26,142,1827.8,2,5,4,254,Potential Loyalists
15204,357,9,316.58,5,1,2,512,Inactive
15205,85,37,653.24,4,3,3,433,Potential Loyalists
15206,10,9,420.29999999999995,1,1,2,112,Inactive
15208,1,42,870.12,1,3,3,133,Inactive
15210,225,20,331.18,5,2,2,522,Inactive
15211,60,52,894.4100000000001,3,3,3,333,Potential Loyalists
15212,241,5,101.8,5,1,1,511,Inactive
15213,319,24,328.35,5,2,2,522,Inactive
15214,2,110,1661.44,1,4,4,144,Inactive
15215,47,35,734.94,3,3,3,333,Potential Loyalists
15216,88,2,96.6,4,1,1,411,Inactive
15218,11,166,5756.89,1,5,5,155,Inactive
15219,176,9,305.75,4,1,2,412,Inactive
15220,52,117,1778.96,3,4,4,344,Consistent Buyers
15221,366,5,403.25,5,1,2,512,Inactive
15222,319,5,585.0,5,1,3,513,Inactive
15223,226,20,755.75,5,2,3,523,Inactive
15224,358,14,322.08,5,2,2,522,Inactive
15225,234,23,409.40000000000003,5,2,2,522,Inactive
15226,311,8,154.41,5,1,1,511,Inactive
15227,37,58,1219.4,3,4,4,344,Consistent Buyers
15228,66,125,3386.71,3,5,5,355,Consistent Buyers
15230,239,23,429.6,5,2,2,522,Inactive
15232,113,31,612.06,4,3,3,433,Potential Loyalists
15234,277,14,197.0,5,2,1,521,Inactive
15235,218,143,2247.51,5,5,5,555,VIP
15236,299,15,321.05,5,2,2,522,Inactive
15237,2,99,1412.32,1,4,4,144,Inactive
15238,29,50,1071.99,2,3,4,234,Potential Loyalists
15239,10,49,780.59,1,3,3,133,Inactive
15240,45,78,1706.57,3,4,4,344,Consistent Buyers
15241,67,110,1756.44,3,4,4,344,Consistent Buyers
15243,74,22,316.68,4,2,2,422,Inactive
15244,65,34,631.57,3,3,3,333,Potential Loyalists
15245,134,89,2515.84,4,4,5,445,VIP
15246,238,33,514.15,5,3,3,533,Potential Loyalists
15247,122,6,356.0,4,1,2,412,Inactive
15249,32,350,6688.46,2,5,5,255,Potential Loyalists
15251,9,111,10484.99,1,4,5,145,Inactive
15252,36,44,740.78,3,3,3,333,Potential Loyalists
15253,16,53,918.1999999999999,2,3,3,233,Potential Loyalists
15254,127,18,300.36,4,2,2,422,Inactive
15255,67,47,890.85,3,3,3,333,Potential Loyalists
15256,149,6,98.45,4,1,1,411,Inactive
15257,283,7,317.15,5,1,2,512,Inactive
15258,169,34,623.16,4,3,3,433,Potential Loyalists
15260,100,77,1810.77,4,4,4,444,VIP
15261,135,19,254.82,4,2,2,422,Inactive
15262,324,10,178.95000000000002,5,1,1,511,Inactive
15263,107,12,156.51,4,1,1,411,Inactive
15264,64,23,393.74,3,2,2,322,Inactive
15265,151,82,1506.1200000000001,4,4,4,444,VIP
15266,338,6,119.3,5,1,1,511,Inactive
15267,22,11,1717.36,2,1,4,214,Inactive
15269,24,2,408.8,2,1,2,212,Inactive
15270,16,41,2379.49,2,3,5,235,Potential Loyalists
15271,7,264,2493.34,1,5,5,155,Inactive
15272,57,63,721.94,3,4,3,343,Consistent Buyers
15274,4,47,716.57,1,3,3,133,Inactive
15275,38,41,615.14,3,3,3,333,Potential Loyalists
15276,66,49,128.63,3,3,1,331,Inactive
15277,47,12,255.89999999999998,3,1,2,312,Inactive
15279,355,19,290.51,5,2,2,522,Inactive
15280,172,16,113.12,4,2,1,421,Inactive
15281,59,139,2332.15,3,5,5,355,Consistent Buyers
15286,50,3,240.55,3,1,1,311,Inactive
15287,22,20,486.69,2,2,2,222,Inactive
15288,43,88,2306.52,3,4,5,345,Consistent Buyers
15289,29,58,939.78,2,4,4,244,Potential Loyalists
15290,5,204,7943.22,1,5,5,155,Inactive
15291,26,103,4668.3,2,4,5,245,Potential Loyalists
15292,201,24,178.39,5,2,1,521,Inactive
15296,51,194,3672.86,3,5,5,355,Consistent Buyers
15297,10,39,641.94,1,3,3,133,Inactive
15298,2,192,4799.9,1,5,5,155,Inactive
15299,67,7,4507.01,3,1,5,315,Inactive
15300,64,28,496.44,3,2,3,323,Inactive
15301,51,242,5049.95,3,5,5,355,Consistent Buyers
15303,290,31,574.02,5,3,3,533,Potential Loyalists
15304,61,23,694.4000000000001,3,2,3,323,Inactive
15306,64,58,1174.35,3,4,4,344,Consistent Buyers
15307,96,12,205.3,4,1,1,411,Inactive
15308,274,19,310.47,5,2,2,522,Inactive
15311,1,2366,60632.75,1,5,5,155,Inactive
15312,75,47,924.85,4,3,3,433,Potential Loyalists
15313,110,1,52.0,4,1,1,411,Inactive
15314,199,24,327.97,5,2,2,522,Inactive
15315,64,37,570.5,3,3,3,333,Potential Loyalists
15316,327,1,165.0,5,1,1,511,Inactive
15318,4,33,312.62,1,3,2,132,Inactive
15319,284,16,204.5,5,2,1,521,Inactive
15320,44,36,267.13,3,3,2,332,Potential Loyalists
15321,71,95,2748.31,3,4,5,345,Consistent Buyers
15322,86,42,679.68,4,3,3,433,Potential Loyalists
15325,104,48,161.74,4,3,1,431,Inactive
15326,334,29,311.71,5,2,2,522,Inactive
15327,53,10,208.75,3,1,1,311,Inactive
15329,39,57,1049.7,3,3,4,334,Potential Loyalists
15330,32,13,714.96,2,1,3,213,Inactive
15332,366,35,1661.06,5,3,4,534,Potential Loyalists
15333,208,16,1028.56,5,2,4,524,Inactive
15334,157,98,350.82,4,4,2,442,Potential Loyalists
15335,54,35,170.22,3,3,1,331,Inactive
15339,66,86,574.07,3,4,3,343,Consistent Buyers
15341,81,17,2020.52,4,2,4,424,Inactive
15342,130,24,406.09,4,2,2,422,Inactive
15343,87,21,364.5,4,2,2,422,Inactive
15344,1,26,563.94,1,2,3,123,Inactive
15345,46,20,393.54,3,2,2,322,Inactive
15346,333,17,252.42000000000002,5,2,2,522,Inactive
15347,366,5,201.60000000000002,5,1,1,511,Inactive
15348,72,9,158.04,3,1,1,311,Inactive
15349,158,71,463.90999999999997,4,4,2,442,Potential Loyalists
15350,373,5,115.65,5,1,1,511,Inactive
15351,12,219,1934.66,1,5,4,154,Inactive
15353,255,61,770.12,5,4,3,543,Consistent Buyers
15355,29,14,277.05,2,2,2,222,Inactive
15356,31,499,2718.03,2,5,5,255,Potential Loyalists
15358,5,551,8347.2,1,5,5,155,Inactive
15360,40,13,427.93,3,1,2,312,Inactive
15361,362,7,418.92,5,1,2,512,Inactive
15363,373,16,326.0,5,2,2,522,Inactive
15364,96,29,913.19,4,2,3,423,Inactive
15365,26,114,2314.32,2,4,5,245,Potential Loyalists
15366,75,44,602.51,4,3,3,433,Potential Loyalists
15367,57,95,1877.59,3,4,4,344,Consistent Buyers
15368,21,4,446.94000000000005,2,1,2,212,Inactive
15370,41,94,2386.05,3,4,5,345,Consistent Buyers
15372,137,27,2007.3999999999999,4,2,4,424,Inactive
15373,8,132,2415.91,1,5,5,155,Inactive
15374,129,3,168.0,4,1,1,411,Inactive
15376,40,116,1221.56,3,4,4,344,Consistent Buyers
15379,169,194,3703.29,4,5,5,455,VIP
15380,9,36,1690.2600000000002,1,3,4,134,Inactive
15381,214,8,596.85,5,1,3,513,Inactive
15382,15,302,5955.71,2,5,5,255,Potential Loyalists
15384,170,41,642.41,4,3,3,433,Potential Loyalists
15385,40,12,316.88,3,1,2,312,Inactive
15386,186,31,394.14,5,3,2,532,Potential Loyalists
15388,270,10,140.54,5,1,1,511,Inactive
15389,172,1,500.0,4,1,3,413,Inactive
15392,5,84,1535.53,1,4,4,144,Inactive
15393,16,12,231.86,2,1,1,211,Inactive
15394,10,85,2183.54,1,4,5,145,Inactive
15395,326,7,107.45,5,1,1,511,Inactive
15396,113,14,288.18,4,2,2,422,Inactive
15397,290,6,94.0,5,1,1,511,Inactive
15398,16,73,1345.53,2,4,4,244,Potential Loyalists
15399,1,50,815.77,1,3,3,133,Inactive
15400,92,12,716.2,4,1,3,413,Inactive
15402,149,42,626.77,4,3,3,433,Potential Loyalists
15405,189,8,349.1,5,1,2,512,Inactive
15406,31,53,510.71000000000004,2,3,3,233,Potential Loyalists
15407,34,148,1046.74,3,5,4,354,Consistent Buyers
15408,264,34,267.18,5,3,2,532,Potential Loyalists
15410,84,122,3450.84,4,5,5,455,VIP
15411,26,98,1348.93,2,4,4,244,Potential Loyalists
15412,171,10,190.53,4,1,1,411,Inactive
15414,10,39,774.9000000000001,1,3,3,133,Inactive
15415,313,47,559.61,5,3,3,533,Potential Loyalists
15416,65,192,3984.32,3,5,5,355,Consistent Buyers
15417,85,28,508.8,4,2,3,423,Inactive
15419,25,8,135.86,2,1,1,211,Inactive
15421,59,53,950.36,3,3,4,334,Potential Loyalists
15422,323,6,97.7,5,1,1,511,Inactive
15423,38,2,43.5,3,1,1,311,Inactive
15424,254,17,383.34,5,2,2,522,Inactive
15426,19,275,1404.07,2,5,4,254,Potential Loyalists
15427,33,292,1430.54,2,5,4,254,Potential Loyalists
15428,15,6,93.78,2,1,1,211,Inactive
15429,27,82,397.35,2,4,2,242,Potential Loyalists
15432,23,10,171.19,2,1,1,211,Inactive
15433,214,41,533.3,5,3,3,533,Potential Loyalists
15434,8,55,1041.48,1,3,4,134,Inactive
15435,22,29,149.29,2,2,1,221,Inactive
15436,12,291,1067.75,1,5,4,154,Inactive
15437,262,45,200.16,5,3,1,531,Inactive
15438,131,25,156.57999999999998,4,2,1,421,Inactive
15440,55,62,383.68,3,4,2,342,Potential Loyalists
15442,249,2,594.0,5,1,3,513,Inactive
15443,2,372,3213.59,1,5,5,155,Inactive
15444,9,214,1411.21,1,5,4,154,Inactive
15445,264,5,113.5,5,1,1,511,Inactive
15447,331,9,155.17,5,1,1,511,Inactive
15448,313,28,494.64,5,2,3,523,Inactive
15449,26,60,974.52,2,4,4,244,Potential Loyalists
15450,30,30,429.84,2,3,2,232,Potential Loyalists
15452,30,56,528.48,2,3,3,233,Potential Loyalists
15453,2,279,1371.77,1,5,4,154,Inactive
15454,362,25,179.1,5,2,1,521,Inactive
15456,283,58,434.59000000000003,5,4,2,542,Potential Loyalists
15457,262,58,237.07,5,4,1,541,Inactive
15458,25,7,161.64,2,1,1,211,Inactive
15460,354,56,214.26,5,3,1,531,Inactive
15462,94,11,234.6,4,1,1,411,Inactive
15463,29,7,126.14,2,1,1,211,Inactive
15464,338,155,1044.65,5,5,4,554,VIP
15465,20,97,7354.62,2,4,5,245,Potential Loyalists
15466,85,57,334.53,4,3,2,432,Potential Loyalists
15467,9,52,524.88,1,3,3,133,Inactive
15468,51,24,467.51,3,2,2,322,Inactive
15469,50,24,538.55,3,2,3,323,Inactive
15471,2,73,454.48,1,4,2,142,Inactive
15472,113,76,371.56,4,4,2,442,Potential Loyalists
15473,14,11,1771.2,2,1,4,214,Inactive
15475,77,29,454.10999999999996,4,2,2,422,Inactive
15478,40,44,1399.92,3,3,4,334,Potential Loyalists
15480,116,45,905.5,4,3,3,433,Potential Loyalists
15482,16,97,10879.76,2,4,5,245,Potential Loyalists
15483,161,84,225.26,4,4,1,441,Inactive
15484,1,187,3590.41,1,5,5,155,Inactive
15485,30,85,2564.5,2,4,5,245,Potential Loyalists
15488,93,2,91.32000000000001,4,1,1,411,Inactive
15489,23,50,1134.28,2,3,4,234,Potential Loyalists
15491,95,154,3100.09,4,5,5,455,VIP
15492,28,35,659.4599999999999,2,3,3,233,Potential Loyalists
15493,33,289,1953.41,2,5,4,254,Potential Loyalists
15494,21,122,1280.58,2,5,4,254,Potential Loyalists
15497,18,15,1262.2,2,2,4,224,Inactive
15498,3,512,13316.4,1,5,5,155,Inactive
15500,8,68,1131.56,1,4,4,144,Inactive
15502,16,213,10384.93,2,5,5,255,Potential Loyalists
15503,363,66,141.04,5,4,1,541,Inactive
15504,81,13,52.83,4,1,1,411,Inactive
15505,53,97,3610.96,3,4,5,345,Consistent Buyers
15506,23,161,972.08,2,5,4,254,Potential Loyalists
15507,172,45,475.86,4,3,2,432,Potential Loyalists
15508,189,92,1000.27,5,4,4,544,VIP
15510,331,1,250.0,5,1,2,512,Inactive
15511,12,158,900.53,1,5,3,153,Inactive
15512,156,7,121.0,4,1,1,411,Inactive
15513,33,308,14758.220000000001,2,5,5,255,Potential Loyalists
15514,12,166,4023.7200000000003,1,5,5,155,Inactive
15516,45,15,62.43,3,2,1,321,Inactive
15517,233,27,267.03,5,2,2,522,Inactive
15518,64,210,1921.55,3,5,4,354,Consistent Buyers
15520,2,18,343.5,1,2,2,122,Inactive
15521,40,185,3000.2,3,5,5,355,Consistent Buyers
15522,33,56,397.99,2,3,2,232,Potential Loyalists
15523,84,10,412.01000000000005,4,1,2,412,Inactive
15524,25,1,440.0,2,1,2,212,Inactive
15525,2,156,734.37,1,5,3,153,Inactive
15526,33,4,148.44,2,1,1,211,Inactive
15527,19,162,2428.53,2,5,5,255,Potential Loyalists
15528,254,26,229.33,5,2,1,521,Inactive
15529,23,662,3962.6,2,5,5,255,Potential Loyalists
15530,22,107,1497.31,2,4,4,244,Potential Loyalists
15531,8,219,1972.39,1,5,4,154,Inactive
15532,25,251,1564.73,2,5,4,254,Potential Loyalists
15533,19,83,807.57,2,4,3,243,Potential Loyalists
15535,173,72,502.9,4,4,3,443,Consistent Buyers
15537,163,24,110.92,4,2,1,421,Inactive
15539,7,41,538.46,1,3,3,133,Inactive
15540,11,15,213.3,1,2,1,121,Inactive
15541,114,29,85.13000000000001,4,2,1,421,Inactive
15543,288,28,127.86,5,2,1,521,Inactive
15544,9,259,3546.71,1,5,5,155,Inactive
15545,54,80,288.96999999999997,3,4,2,342,Potential Loyalists
15547,7,695,4910.6,1,5,5,155,Inactive
15549,77,114,1681.46,4,4,4,444,VIP
15550,4,61,575.63,1,4,3,143,Inactive
15551,37,29,436.06,3,2,2,322,Inactive
15552,217,17,90.12,5,2,1,521,Inactive
15553,60,55,428.93,3,3,2,332,Potential Loyalists
15554,278,14,217.2,5,2,1,521,Inactive
15555,12,887,4794.86,1,5,5,155,Inactive
15556,24,31,279.77,2,3,2,232,Potential Loyalists
15557,29,19,468.91,2,2,2,222,Inactive
15561,12,27,800.59,1,2,3,123,Inactive
15562,352,1,134.55,5,1,1,511,Inactive
15563,22,113,1400.44,2,4,4,244,Potential Loyalists
15565,50,8,173.16,3,1,1,311,Inactive
15567,19,7,186.01,2,1,1,211,Inactive
15568,3,53,758.29,1,3,3,133,Inactive
15569,104,31,1375.71,4,3,4,434,Potential Loyalists
15570,7,319,4148.82,1,5,5,155,Inactive
15571,12,57,650.4300000000001,1,3,3,133,Inactive
15572,5,212,2533.42,1,5,5,155,Inactive
15573,32,97,591.1899999999999,2,4,3,243,Potential Loyalists
15574,178,152,675.64,4,5,3,453,Consistent Buyers
15576,38,43,921.37,3,3,3,333,Potential Loyalists
15577,151,39,258.88,4,3,2,432,Potential Loyalists
15578,162,13,127.1,4,1,1,411,Inactive
15579,69,48,327.6,3,3,2,332,Potential Loyalists
15581,121,147,3675.77,4,5,5,455,VIP
15582,25,44,682.9100000000001,2,3,3,233,Potential Loyalists
15584,24,122,720.86,2,5,3,253,Potential Loyalists
15585,177,31,455.3,4,3,2,432,Potential Loyalists
15587,50,9,913.6800000000001,3,1,3,313,Inactive
15589,256,29,478.53000000000003,5,2,2,522,Inactive
15592,47,24,388.58,3,2,2,322,Inactive
15593,71,5,199.8,3,1,1,311,Inactive
15594,16,103,1771.78,2,4,4,244,Potential Loyalists
15596,101,77,1406.59,4,4,4,444,VIP
15597,35,22,324.57,3,2,2,322,Inactive
15598,53,14,240.68,3,2,1,321,Inactive
15599,27,52,761.74,2,3,3,233,Potential Loyalists
15601,11,410,6776.56,1,5,5,155,Inactive
15602,8,47,1297.8700000000001,1,3,4,134,Inactive
15603,79,2,48.480000000000004,4,1,1,411,Inactive
15604,52,17,216.39,3,2,1,321,Inactive
15605,36,67,1198.23,3,4,4,344,Consistent Buyers
15606,61,77,2920.16,3,4,5,345,Consistent Buyers
15607,337,13,104.76,5,1,1,511,Inactive
15608,28,60,1093.68,2,4,4,244,Potential Loyalists
15609,184,16,298.48,5,2,2,522,Inactive
15610,52,6,112.46000000000001,3,1,1,311,Inactive
15611,10,43,1591.45,1,3,4,134,Inactive
15612,36,6,195.15,3,1,1,311,Inactive
15615,10,423,10399.74,1,5,5,155,Inactive
15618,33,45,776.851,2,3,3,233,Potential Loyalists
15619,11,3,336.40000000000003,1,1,2,112,Inactive
15620,57,100,1553.18,3,4,4,344,Consistent Buyers
15621,4,16,1293.03,1,2,4,124,Inactive
15622,43,185,3709.56,3,5,5,355,Consistent Buyers
15623,141,19,301.03,4,2,2,422,Inactive
15624,117,34,588.13,4,3,3,433,Potential Loyalists
15625,104,64,1534.26,4,4,4,444,VIP
15626,75,49,675.8,4,3,3,433,Potential Loyalists
15628,5,155,2870.2400000000002,1,5,5,155,Inactive
15630,45,60,1186.35,3,4,4,344,Consistent Buyers
15632,16,167,3285.31,2,5,5,255,Potential Loyalists
15634,17,15,243.55,2,2,1,221,Inactive
15636,90,25,724.76,4,2,3,423,Inactive
15637,53,15,223.36,3,2,1,321,Inactive
15639,134,25,425.32,4,2,2,422,Inactive
15640,4,476,12416.11,1,5,5,155,Inactive
15641,105,119,1887.2,4,4,4,444,VIP
15643,192,33,664.0,5,3,3,533,Potential Loyalists
15644,166,232,803.54,4,5,3,453,Consistent Buyers
15645,19,52,612.01,2,3,3,233,Potential Loyalists
15646,158,35,447.64000000000004,4,3,2,432,Potential Loyalists
15648,204,24,639.5,5,2,3,523,Inactive
15649,336,2,816.0,5,1,3,513,Inactive
15651,37,32,646.3,3,3,3,333,Potential Loyalists
15652,91,21,337.74,4,2,2,422,Inactive
15653,93,6,877.4399999999999,4,1,3,413,Inactive
15654,9,21,922.53,1,2,3,123,Inactive
15655,243,34,560.67,5,3,3,533,Potential Loyalists
15656,45,47,748.5,3,3,3,333,Potential Loyalists
15657,23,1,30.0,2,1,1,211,Inactive
15658,190,48,1024.1000000000001,5,3,4,534,Potential Loyalists
15659,44,11,306.45,3,1,2,312,Inactive
15660,25,90,1600.86,2,4,4,244,Potential Loyalists
15661,317,5,309.8,5,1,2,512,Inactive
15663,106,9,138.14,4,1,1,411,Inactive
15664,51,17,386.43,3,2,2,322,Inactive
15665,168,115,2222.21,4,4,5,445,VIP
15667,40,13,301.32,3,1,2,312,Inactive
15668,218,1,76.32000000000001,5,1,1,511,Inactive
15669,40,33,684.34,3,3,3,333,Potential Loyalists
15670,297,12,173.05,5,1,1,511,Inactive
15671,19,78,2657.13,2,4,5,245,Potential Loyalists
15673,88,138,2726.23,4,5,5,455,VIP
15674,73,114,2446.6,4,4,5,445,VIP
15675,81,21,323.69,4,2,2,422,Inactive
15676,19,202,3435.76,2,5,5,255,Potential Loyalists
15677,49,33,657.23,3,3,3,333,Potential Loyalists
15678,53,12,352.7,3,1,2,312,Inactive
15679,24,110,781.28,2,4,3,243,Potential Loyalists
15680,9,78,1333.68,1,4,4,144,Inactive
15681,25,53,1426.16,2,3,4,234,Potential Loyalists
15683,117,10,193.75,4,1,1,411,Inactive
15687,9,166,2993.1,1,5,5,155,Inactive
15689,120,9,254.1,4,1,2,412,Inactive
15690,4,19,239.76,1,2,1,121,Inactive
15691,252,2,136.8,5,1,1,511,Inactive
15692,28,12,191.04,2,1,1,211,Inactive
15694,1,78,6479.4,1,4,5,145,Inactive
15695,267,22,409.98,5,2,2,522,Inactive
15696,33,168,2711.11,2,5,5,255,Potential Loyalists
15699,18,18,309.65,2,2,2,222,Inactive
15700,172,86,696.68,4,4,3,443,Consistent Buyers
15701,2,230,1529.0,1,5,4,154,Inactive
15703,265,5,211.5,5,1,1,511,Inactive
15704,140,117,2293.62,4,4,5,445,VIP
15705,201,6,143.1,5,1,1,511,Inactive
15706,64,55,1060.56,3,3,4,334,Potential Loyalists
15707,35,205,916.98,3,5,3,353,Consistent Buyers
15708,41,273,3235.25,3,5,5,355,Consistent Buyers
15709,284,6,133.25,5,1,1,511,Inactive
15712,9,53,1072.3600000000001,1,3,4,134,Inactive
15713,143,19,356.7,4,2,2,422,Inactive
15714,12,34,330.03000000000003,1,3,2,132,Inactive
15716,146,117,1101.1100000000001,4,4,4,444,VIP
15717,234,7,150.3,5,1,1,511,Inactive
15719,33,931,5030.07,2,5,5,255,Potential Loyalists
15720,24,128,598.73,2,5,3,253,Potential Loyalists
15721,12,84,471.40000000000003,1,4,2,142,Inactive
15722,36,67,2211.21,3,4,5,345,Consistent Buyers
15723,365,38,190.7,5,3,1,531,Inactive
15724,201,11,218.25,5,1,1,511,Inactive
15725,15,32,415.25,2,3,2,232,Potential Loyalists
15727,17,301,5159.06,2,5,5,255,Potential Loyalists
15729,213,5,85.0,5,1,1,511,Inactive
15730,66,70,1120.88,3,4,4,344,Consistent Buyers
15732,212,14,294.12,5,2,2,522,Inactive
15733,283,10,162.3,5,1,1,511,Inactive
15734,115,26,1339.45,4,2,4,424,Inactive
15737,15,71,1188.1200000000001,2,4,4,244,Potential Loyalists
15738,19,173,4812.42,2,5,5,255,Potential Loyalists
15739,66,8,449.12,3,1,2,312,Inactive
15740,49,9,154.88,3,1,1,311,Inactive
15743,16,86,775.96,2,4,3,243,Potential Loyalists
15744,78,3,34.8,4,1,1,411,Inactive
15745,19,62,1094.59,2,4,4,244,Potential Loyalists
15746,134,28,196.88,4,2,1,421,Inactive
15747,13,90,946.64,1,4,4,144,Inactive
15748,40,20,144.36,3,2,1,321,Inactive
15749,235,10,44534.3,5,1,5,515,Inactive
15750,3,291,2463.05,1,5,5,155,Inactive
15752,40,405,2626.6,3,5,5,355,Consistent Buyers
15753,305,1,79.2,5,1,1,511,Inactive
15754,51,28,458.57,3,2,2,322,Inactive
15755,10,141,2364.25,1,5,5,155,Inactive
15756,61,191,528.01,3,5,3,353,Consistent Buyers
15757,66,45,714.42,3,3,3,333,Potential Loyalists
15758,25,9,205.25,2,1,1,211,Inactive
15759,218,7,253.04,5,1,2,512,Inactive
15762,65,37,583.75,3,3,3,333,Potential Loyalists
15763,32,61,1086.92,2,4,4,244,Potential Loyalists
15764,88,180,3279.97,4,5,5,455,VIP
15766,64,11,315.06,3,1,2,312,Inactive
15768,116,27,621.8299999999999,4,2,3,423,Inactive
15769,7,130,56252.72,1,5,5,155,Inactive
15773,6,10,635.6800000000001,1,1,3,113,Inactive
15774,69,25,270.8,3,2,2,322,Inactive
15775,245,7,104.9,5,1,1,511,Inactive
15776,133,18,241.62,4,2,1,421,Inactive
15777,241,21,1047.11,5,2,4,524,Inactive
15780,184,29,475.28000000000003,5,3,2,532,Potential Loyalists
15781,25,20,345.46,2,2,2,222,Inactive
15782,10,43,2614.7400000000002,1,3,5,135,Inactive
15783,11,14,246.3,1,2,1,121,Inactive
15785,33,83,2328.9700000000003,2,4,5,245,Potential Loyalists
15786,46,266,4919.0,3,5,5,355,Consistent Buyers
15787,26,200,933.26,2,5,4,254,Potential Loyalists
15789,358,25,351.3,5,2,2,522,Inactive
15790,10,34,218.75,1,3,1,131,Inactive
15791,44,75,1612.69,3,4,4,344,Consistent Buyers
15793,15,12,965.61,2,1,4,214,Inactive
15795,150,42,610.01,4,3,3,433,Potential Loyalists
15796,1,132,2708.61,1,5,5,155,Inactive
15797,113,8,2207.4,4,1,5,415,Inactive
15799,76,98,884.14,4,4,3,443,Consistent Buyers
15800,107,117,696.89,4,4,3,443,Consistent Buyers
15801,46,64,1063.95,3,4,4,344,Consistent Buyers
15802,143,1,451.42,4,1,2,412,Inactive
15803,51,8,415.82000000000005,3,1,2,312,Inactive
15804,1,263,4206.39,1,5,5,155,Inactive
15805,23,299,5488.18,2,5,5,255,Potential Loyalists
15806,46,31,784.58,3,3,3,333,Potential Loyalists
15807,50,48,903.9,3,3,3,333,Potential Loyalists
15808,306,195,3651.27,5,5,5,555,VIP
15809,36,35,515.77,3,3,3,333,Potential Loyalists
15810,79,89,1391.98,4,4,4,444,VIP
15811,22,133,2218.62,2,5,5,255,Potential Loyalists
15812,107,41,1801.14,4,3,4,434,Potential Loyalists
15813,208,40,1303.9099999999999,5,3,4,534,Potential Loyalists
15814,17,72,1945.33,2,4,4,244,Potential Loyalists
15815,64,49,2100.6,3,3,5,335,Potential Loyalists
15819,49,123,1905.45,3,5,4,354,Consistent Buyers
15820,320,17,206.98,5,2,1,521,Inactive
15821,44,62,570.96,3,4,3,343,Consistent Buyers
15822,3,33,885.47,1,3,3,133,Inactive
15823,372,1,15.0,5,1,1,511,Inactive
15825,172,20,532.94,4,2,3,423,Inactive
15826,56,68,1654.31,3,4,4,344,Consistent Buyers
15827,73,115,1836.0900000000001,4,4,4,444,VIP
15829,99,51,636.14,4,3,3,433,Potential Loyalists
15830,38,39,576.0,3,3,3,333,Potential Loyalists
15831,58,66,794.64,3,4,3,343,Consistent Buyers
15832,254,54,836.79,5,3,3,533,Potential Loyalists
15834,70,269,2225.15,3,5,5,355,Consistent Buyers
15835,44,50,954.09,3,3,4,334,Potential Loyalists
15836,50,10,137.37,3,1,1,311,Inactive
15837,65,24,391.98,3,2,2,322,Inactive
15838,11,167,33643.08,1,5,5,155,Inactive
15839,33,62,1048.49,2,4,4,244,Potential Loyalists
15840,59,27,355.56,3,2,2,322,Inactive
15841,73,47,1224.06,4,3,4,434,Potential Loyalists
15843,304,8,118.95000000000002,5,1,1,511,Inactive
15844,46,11,130.73999999999998,3,1,1,311,Inactive
15845,18,138,3711.77,2,5,5,255,Potential Loyalists
15847,38,22,389.27,3,2,2,322,Inactive
15850,19,93,234.88,2,4,1,241,Inactive
15852,187,22,160.71,5,2,1,521,Inactive
15853,52,30,110.8,3,3,1,331,Inactive
15854,4,138,2969.12,1,5,5,155,Inactive
15855,137,80,712.24,4,4,3,443,Consistent Buyers
15856,4,628,16143.64,1,5,5,155,Inactive
15857,19,14,297.0,2,2,2,222,Inactive
15858,16,188,1427.57,2,5,4,254,Potential Loyalists
15860,41,139,965.16,3,5,4,354,Consistent Buyers
15861,12,540,3146.92,1,5,5,155,Inactive
15862,8,147,832.88,1,5,3,153,Inactive
15863,26,18,68.84,2,2,1,221,Inactive
15864,22,20,1936.3200000000002,2,2,4,224,Inactive
15865,41,40,895.13,3,3,3,333,Potential Loyalists
15866,101,43,211.89,4,3,1,431,Inactive
15867,5,459,3810.14,1,5,5,155,Inactive
15869,277,15,149.64,5,2,1,521,Inactive
15870,33,74,351.44,2,4,2,242,Potential Loyalists
15872,15,108,316.25,2,4,2,242,Potential Loyalists
15874,64,120,4405.88,3,5,5,355,Consistent Buyers
15877,2,126,490.33,1,5,3,153,Inactive
15880,369,96,329.03000000000003,5,4,2,542,Potential Loyalists
15881,312,29,501.39000000000004,5,3,3,533,Potential Loyalists
15882,199,23,516.36,5,2,3,523,Inactive
15883,2,49,396.48,1,3,2,132,Inactive
15885,93,18,379.35,4,2,2,422,Inactive
15886,60,12,181.09,3,1,1,311,Inactive
15888,81,12,168.31,4,1,1,411,Inactive
15889,157,85,420.07,4,4,2,442,Potential Loyalists
15891,227,60,511.68,5,4,3,543,Consistent Buyers
15894,253,37,258.25,5,3,2,532,Potential Loyalists
15895,150,11,179.17,4,1,1,411,Inactive
15897,194,22,208.59,5,2,1,521,Inactive
15898,1,84,1383.83,1,4,4,144,Inactive
15899,369,4,56.25,5,1,1,511,Inactive
15900,24,47,337.28,2,3,2,232,Potential Loyalists
15901,17,111,351.73,2,4,2,242,Potential Loyalists
15903,10,74,5126.76,1,4,5,145,Inactive
15904,8,30,164.68,1,3,1,131,Inactive
15906,20,150,1567.69,2,5,4,254,Potential Loyalists
15907,4,226,882.72,1,5,3,153,Inactive
15909,174,7,191.94,4,1,1,411,Inactive
15910,1,266,1228.88,1,5,4,154,Inactive
15912,178,19,264.62,4,2,2,422,Inactive
15916,16,151,1502.8600000000001,2,5,4,254,Potential Loyalists
15917,248,12,123.1,5,1,1,511,Inactive
15918,191,40,334.23,5,3,2,532,Potential Loyalists
15919,20,122,525.69,2,5,3,253,Potential Loyalists
15920,154,60,167.5,4,4,1,441,Inactive
15921,173,24,323.03000000000003,4,2,2,422,Inactive
15922,373,11,369.5,5,1,2,512,Inactive
15923,373,21,127.08,5,2,1,521,Inactive
15925,194,12,207.15,5,1,1,511,Inactive
15930,67,21,426.63,3,2,2,322,Inactive
15932,4,115,2495.87,1,4,5,145,Inactive
15933,21,74,1107.46,2,4,4,244,Potential Loyalists
15935,239,12,416.86,5,1,2,512,Inactive
15937,64,7,145.35,3,1,1,311,Inactive
15938,112,18,404.58,4,2,2,422,Inactive
15939,90,76,6115.01,4,4,5,445,VIP
15940,311,1,35.8,5,1,1,511,Inactive
15942,134,14,337.44,4,2,2,422,Inactive
15944,277,6,325.1,5,1,2,512,Inactive
15945,365,2,181.0,5,1,1,511,Inactive
15947,83,29,1708.24,4,3,4,434,Potential Loyalists
15948,8,60,955.24,1,4,4,144,Inactive
15949,17,19,364.72,2,2,2,222,Inactive
15950,32,97,1744.71,2,4,4,244,Potential Loyalists
15951,9,41,708.22,1,3,3,133,Inactive
15952,34,84,781.91,3,4,3,343,Consistent Buyers
15953,15,97,1657.28,2,4,4,244,Potential Loyalists
15955,24,183,4416.26,2,5,5,255,Potential Loyalists
15957,32,42,428.89,2,3,2,232,Potential Loyalists
15958,74,7,104.35,4,1,1,411,Inactive
15963,20,28,470.76,2,2,2,222,Inactive
15965,17,111,808.87,2,4,3,243,Potential Loyalists
15967,23,80,397.68,2,4,2,242,Potential Loyalists
15969,3,20,666.1,1,2,3,123,Inactive
15970,304,11,314.1,5,1,2,512,Inactive
15971,18,35,4199.85,2,3,5,235,Potential Loyalists
15973,367,4,307.82000000000005,5,1,2,512,Inactive
15974,39,176,3442.15,3,5,5,355,Consistent Buyers
15975,84,24,371.01,4,2,2,422,Inactive
15976,165,96,427.64,4,4,2,442,Potential Loyalists
15977,17,65,1054.73,2,4,4,244,Potential Loyalists
15978,77,49,1098.78,4,3,4,434,Potential Loyalists
15980,89,43,2398.86,4,3,5,435,Potential Loyalists
15981,25,97,3408.48,2,4,5,245,Potential Loyalists
15983,22,112,1465.12,2,4,4,244,Potential Loyalists
15984,3,258,2780.63,1,5,5,155,Inactive
15985,123,37,1142.42,4,3,4,434,Potential Loyalists
15986,30,14,168.12,2,2,1,221,Inactive
15987,12,128,1432.77,1,5,4,154,Inactive
15988,19,26,156.78,2,2,1,221,Inactive
15990,44,52,792.11,3,3,3,333,Potential Loyalists
15992,4,3,41.989999999999995,1,1,1,111,Inactive
15993,9,543,2777.67,1,5,5,155,Inactive
15994,55,32,414.27,3,3,2,332,Potential Loyalists
15996,88,127,1032.58,4,5,4,454,VIP
15998,37,504,3080.22,3,5,5,355,Consistent Buyers
16000,3,9,12393.7,1,1,5,115,Inactive
16003,30,103,2735.37,2,4,5,245,Potential Loyalists
16005,12,201,578.71,1,5,3,153,Inactive
16006,211,8,101.4,5,1,1,511,Inactive
16007,48,381,1693.81,3,5,4,354,Consistent Buyers
16008,24,33,478.78,2,3,2,232,Potential Loyalists
16009,22,82,972.11,2,4,4,244,Potential Loyalists
16010,246,79,392.4,5,4,2,542,Potential Loyalists
16011,8,210,3352.96,1,5,5,155,Inactive
16012,35,94,1415.29,3,4,4,344,Consistent Buyers
16013,4,139,37130.6,1,5,5,155,Inactive
16014,38,138,646.83,3,5,3,353,Consistent Buyers
16015,4,181,704.55,1,5,3,153,Inactive
16016,3,224,1465.51,1,5,4,154,Inactive
16017,47,32,211.88,3,3,1,331,Inactive
16018,39,28,408.90000000000003,3,2,2,322,Inactive
16019,47,160,3786.2400000000002,3,5,5,355,Consistent Buyers
16020,17,46,851.01,2,3,3,233,Potential Loyalists
16022,260,71,602.63,5,4,3,543,Consistent Buyers
16023,46,101,719.81,3,4,3,343,Consistent Buyers
16024,12,63,251.03,1,4,2,142,Inactive
16025,30,28,439.65999999999997,2,2,2,222,Inactive
16026,43,32,236.09,3,3,1,331,Inactive
16027,92,16,934.62,4,2,4,424,Inactive
16029,39,241,80850.84,3,5,5,355,Consistent Buyers
16030,310,29,331.24,5,3,2,532,Potential Loyalists
16031,92,98,547.9,4,4,3,443,Consistent Buyers
16033,6,1128,8778.82,1,5,5,155,Inactive
16034,196,22,437.7,5,2,2,522,Inactive
16036,87,55,758.92,4,3,3,433,Potential Loyalists
16037,270,39,855.02,5,3,3,533,Potential Loyalists
16038,8,26,471.78000000000003,1,2,2,122,Inactive
16040,65,65,1313.55,3,4,4,344,Consistent Buyers
16041,31,6,3166.4,2,1,5,215,Inactive
16042,22,70,1177.47,2,4,4,244,Potential Loyalists
16043,38,39,773.99,3,3,3,333,Potential Loyalists
16045,120,83,1340.7,4,4,4,444,VIP
16048,373,8,256.44,5,1,2,512,Inactive
16049,40,299,1074.81,3,5,4,354,Consistent Buyers
16050,174,10,137.9,4,1,1,411,Inactive
16052,54,34,362.06,3,3,2,332,Potential Loyalists
16053,33,84,1511.95,2,4,4,244,Potential Loyalists
16054,145,70,783.9,4,4,3,443,Consistent Buyers
16055,221,8,134.8,5,1,1,511,Inactive
16056,45,66,650.75,3,4,3,343,Consistent Buyers
16057,16,121,2263.12,2,5,5,255,Potential Loyalists
16059,66,178,1453.16,3,5,4,354,Consistent Buyers
16062,10,64,1153.62,1,4,4,144,Inactive
16063,260,23,335.32,5,2,2,522,Inactive
16065,365,73,367.14,5,4,2,542,Potential Loyalists
16066,17,101,1521.04,2,4,4,244,Potential Loyalists
16070,22,33,852.15,2,3,3,233,Potential Loyalists
16071,45,21,326.24,3,2,2,322,Inactive
16072,288,23,584.3199999999999,5,2,3,523,Inactive
16073,297,1,122.39999999999999,5,1,1,511,Inactive
16076,3,129,2234.73,1,5,5,155,Inactive
16078,284,1,79.2,5,1,1,511,Inactive
16079,17,21,1352.0,2,2,4,224,Inactive
16080,82,10,217.16,4,1,1,411,Inactive
16081,56,223,2799.42,3,5,5,355,Consistent Buyers
16083,101,31,1317.62,4,3,4,434,Potential Loyalists
16084,299,38,436.18,5,3,2,532,Potential Loyalists
16085,23,167,981.51,2,5,4,254,Potential Loyalists
16086,59,39,1121.39,3,3,4,334,Potential Loyalists
16091,155,18,315.06,4,2,2,422,Inactive
16092,115,51,817.86,4,3,3,433,Potential Loyalists
16093,107,1,17.0,4,1,1,411,Inactive
16094,12,63,1078.23,1,4,4,144,Inactive
16096,264,12,320.62,5,1,2,512,Inactive
16097,240,10,185.04999999999998,5,1,1,511,Inactive
16098,88,67,2005.63,4,4,4,444,VIP
16099,50,39,731.9,3,3,3,333,Potential Loyalists
16101,71,76,1290.7,3,4,4,344,Consistent Buyers
16102,42,57,1842.14,3,3,4,334,Potential Loyalists
16103,7,48,1429.64,1,3,4,134,Inactive
16104,62,28,298.21,3,2,2,322,Inactive
16105,249,13,336.96,5,1,2,512,Inactive
16106,66,6,108.38,3,1,1,311,Inactive
16107,18,31,3204.1600000000003,2,3,5,235,Potential Loyalists
16108,85,48,842.5,4,3,3,433,Potential Loyalists
16109,219,18,611.88,5,2,3,523,Inactive
16110,45,342,1320.95,3,5,4,354,Consistent Buyers
16112,143,16,195.73999999999998,4,2,1,421,Inactive
16113,183,30,161.38,5,3,1,531,Inactive
16114,171,8,135.75000000000003,4,1,1,411,Inactive
16115,10,279,1660.8799999999999,1,5,4,154,Inactive
16116,212,34,612.78,5,3,3,533,Potential Loyalists
16117,190,30,232.21,5,3,1,531,Inactive
16119,8,16,423.36,1,2,2,122,Inactive
16120,59,30,1309.14,3,3,4,334,Potential Loyalists
16121,57,204,854.66,3,5,3,353,Consistent Buyers
16122,73,38,684.4200000000001,4,3,3,433,Potential Loyalists
16123,52,16,307.78,3,2,2,322,Inactive
16124,317,11,249.0,5,1,2,512,Inactive
16125,367,13,289.35,5,1,2,512,Inactive
16126,29,117,6287.77,2,4,5,245,Potential Loyalists
16127,39,40,656.25,3,3,3,333,Potential Loyalists
16128,18,89,1880.22,2,4,4,244,Potential Loyalists
16131,52,78,3506.54,3,4,5,345,Consistent Buyers
16133,4,339,14589.04,1,5,5,155,Inactive
16134,22,35,618.09,2,3,3,233,Potential Loyalists
16135,263,21,517.55,5,2,3,523,Inactive
16136,60,37,709.38,3,3,3,333,Potential Loyalists
16139,19,31,635.41,2,3,3,233,Potential Loyalists
16140,66,35,725.18,3,3,3,333,Potential Loyalists
16141,88,30,620.4,4,3,3,433,Potential Loyalists
16142,250,37,535.34,5,3,3,533,Potential Loyalists
16143,3,117,2424.94,1,4,5,145,Inactive
16144,247,1,175.2,5,1,1,511,Inactive
16145,9,224,3799.4900000000002,1,5,5,155,Inactive
16146,157,29,734.13,4,3,3,433,Potential Loyalists
16147,134,22,375.0,4,2,2,422,Inactive
16148,296,1,76.32000000000001,5,1,1,511,Inactive
16149,5,18,280.52,1,2,2,122,Inactive
16150,43,117,2053.02,3,4,4,344,Consistent Buyers
16152,269,29,1829.04,5,3,4,534,Potential Loyalists
16153,50,89,1824.23,3,4,4,344,Consistent Buyers
16156,9,128,3092.04,1,5,5,155,Inactive
16157,16,18,656.69,2,2,3,223,Inactive
16159,282,14,348.2,5,2,2,522,Inactive
16160,65,20,1025.44,3,2,4,324,Inactive
16161,2,471,5533.67,1,5,5,155,Inactive
16162,252,2,37.4,5,1,1,511,Inactive
16163,232,6,856.6,5,1,3,513,Inactive
16164,17,34,822.48,2,3,3,233,Potential Loyalists
16168,11,98,3787.6,1,4,5,145,Inactive
16169,8,85,1822.97,1,4,4,144,Inactive
16170,51,125,1885.05,3,5,4,354,Consistent Buyers
16171,59,3,73.2,3,1,1,311,Inactive
16172,95,69,1140.21,4,4,4,444,VIP
16173,16,84,1418.32,2,4,4,244,Potential Loyalists
16174,126,23,1009.5500000000001,4,2,4,424,Inactive
16175,94,58,1037.59,4,4,4,444,VIP
16177,50,15,331.95,3,2,2,322,Inactive
16178,138,8,197.9,4,1,1,411,Inactive
16179,61,11,215.83,3,1,1,311,Inactive
16180,100,162,10254.18,4,5,5,455,VIP
16181,73,11,305.54,4,1,2,412,Inactive
16182,72,28,6617.65,3,2,5,325,Inactive
16183,67,15,338.71000000000004,3,2,2,322,Inactive
16184,64,45,1158.79,3,3,4,334,Potential Loyalists
16185,17,31,529.41,2,3,3,233,Potential Loyalists
16186,23,218,4006.94,2,5,5,255,Potential Loyalists
16187,32,295,6911.4400000000005,2,5,5,255,Potential Loyalists
16188,45,67,981.86,3,4,4,344,Consistent Buyers
16189,16,11,215.48,2,1,1,211,Inactive
16190,40,6,215.08,3,1,1,311,Inactive
16191,3,134,5180.52,1,5,5,155,Inactive
16193,237,19,314.45,5,2,2,522,Inactive
16198,75,15,400.68100000000004,4,2,2,422,Inactive
16200,4,172,1068.8700000000001,1,5,4,154,Inactive
16201,3,111,1863.47,1,4,4,144,Inactive
16202,361,18,365.27,5,2,2,522,Inactive
16203,59,35,592.9,3,3,3,333,Potential Loyalists
16204,23,50,384.18,2,3,2,232,Potential Loyalists
16205,31,97,757.63,2,4,3,243,Potential Loyalists
16206,55,63,537.0600000000001,3,4,3,343,Consistent Buyers
16207,25,19,394.38,2,2,2,222,Inactive
16208,45,66,664.26,3,4,3,343,Consistent Buyers
16209,89,46,2262.62,4,3,5,435,Potential Loyalists
16210,2,123,21086.3,1,5,5,155,Inactive
16211,89,23,547.02,4,2,3,423,Inactive
16212,19,41,690.34,2,3,3,233,Potential Loyalists
16213,79,6,159.0,4,1,1,411,Inactive
16214,171,44,1062.75,4,3,4,434,Potential Loyalists
16215,81,14,242.35,4,2,1,421,Inactive
16216,267,37,914.9300000000001,5,3,3,533,Potential Loyalists
16217,235,15,304.25,5,2,2,522,Inactive
16218,30,84,3084.68,2,4,5,245,Potential Loyalists
16221,37,95,860.86,3,4,3,343,Consistent Buyers
16222,318,122,773.5500000000001,5,5,3,553,Consistent Buyers
16224,57,96,1295.3,3,4,4,344,Consistent Buyers
16225,45,134,1096.32,3,5,4,354,Consistent Buyers
16226,203,8,255.12,5,1,2,512,Inactive
16227,225,6,314.22,5,1,2,512,Inactive
16229,87,47,1010.6,4,3,4,434,Potential Loyalists
16230,190,35,542.03,5,3,3,533,Potential Loyalists
16232,44,37,990.88,3,3,4,334,Potential Loyalists
16233,71,22,536.6800000000001,3,2,3,323,Inactive
16235,41,46,867.31,3,3,3,333,Potential Loyalists
16236,78,20,432.2,4,2,2,422,Inactive
16239,57,19,414.2,3,2,2,322,Inactive
16240,24,135,3718.8,2,5,5,255,Potential Loyalists
16241,10,655,2590.31,1,5,5,155,Inactive
16242,8,292,3579.86,1,5,5,155,Inactive
16243,34,51,409.1,3,3,2,332,Potential Loyalists
16244,212,91,1522.75,5,4,4,544,VIP
16245,24,90,1413.66,2,4,4,244,Potential Loyalists
16247,170,16,114.56,4,2,1,421,Inactive
16248,62,7,152.94,3,1,1,311,Inactive
16249,53,69,1800.07,3,4,4,344,Consistent Buyers
16250,261,24,389.44,5,2,2,522,Inactive
16253,67,123,3683.86,3,5,5,355,Consistent Buyers
16255,17,270,2619.91,2,5,5,255,Potential Loyalists
16256,267,13,752.4300000000001,5,1,3,513,Inactive
16257,177,2,46.95,4,1,1,411,Inactive
16258,45,135,5203.51,3,5,5,355,Consistent Buyers
16260,51,18,1035.45,3,2,4,324,Inactive
16261,17,119,728.54,2,4,3,243,Potential Loyalists
16265,9,258,5447.0,1,5,5,155,Inactive
16266,74,61,861.89,4,4,3,443,Consistent Buyers
16268,71,45,667.65,3,3,3,333,Potential Loyalists
16270,353,54,1141.24,5,3,4,534,Potential Loyalists
16271,3,130,1404.64,1,5,4,154,Inactive
16272,117,25,411.7,4,2,2,422,Inactive
16274,373,65,351.75,5,4,2,542,Potential Loyalists
16275,197,33,559.87,5,3,3,533,Potential Loyalists
16276,177,6,810.6000000000001,4,1,3,413,Inactive
16278,100,23,566.38,4,2,3,423,Inactive
16279,21,106,1502.78,2,4,4,244,Potential Loyalists
16281,72,17,2062.06,3,2,5,325,Inactive
16282,340,11,168.3,5,1,1,511,Inactive
16283,6,166,1570.81,1,5,4,154,Inactive
16284,31,103,812.68,2,4,3,243,Potential Loyalists
16287,170,8,142.5,4,1,1,411,Inactive
16292,122,17,302.25,4,2,2,422,Inactive
16293,22,118,2248.9900000000002,2,4,5,245,Potential Loyalists
16295,10,79,1328.55,1,4,4,144,Inactive
16297,269,20,301.9,5,2,2,522,Inactive
16298,23,27,598.2,2,2,3,223,Inactive
16302,127,11,233.22,4,1,1,411,Inactive
16303,26,162,5360.63,2,5,5,255,Potential Loyalists
16305,139,22,361.21999999999997,4,2,2,422,Inactive
16306,214,41,632.27,5,3,3,533,Potential Loyalists
16308,38,4,2560.0,3,1,5,315,Inactive
16309,106,42,706.57,4,3,3,433,Potential Loyalists
16311,18,37,616.26,2,3,3,233,Potential Loyalists
16313,3,16,274.15000000000003,1,2,2,122,Inactive
16315,331,14,226.37,5,2,1,521,Inactive
16316,64,151,2938.91,3,5,5,355,Consistent Buyers
16317,120,69,1341.65,4,4,4,444,VIP
16318,35,19,328.15,3,2,2,322,Inactive
16319,218,3,404.40000000000003,5,1,2,512,Inactive
16320,172,56,1038.46,4,3,4,434,Potential Loyalists
16321,72,12,373.65000000000003,3,1,2,312,Inactive
16322,1,37,326.75,1,3,2,132,Inactive
16323,196,1,207.50000000000003,5,1,1,511,Inactive
16324,128,111,408.59000000000003,4,4,2,442,Potential Loyalists
16325,47,18,594.24,3,2,3,323,Inactive
16326,6,300,3039.2200000000003,1,5,5,155,Inactive
16327,14,317,3820.27,2,5,5,255,Potential Loyalists
16330,18,39,251.91,2,3,2,232,Potential Loyalists
16332,28,151,1582.8,2,5,4,254,Potential Loyalists
16333,8,45,26626.8,1,3,5,135,Inactive
16337,37,10,151.05,3,1,1,311,Inactive
16338,157,11,214.79999999999998,4,1,1,411,Inactive
16339,284,18,94.05,5,2,1,521,Inactive
16340,107,141,534.31,4,5,3,453,Consistent Buyers
16341,25,77,1971.87,2,4,4,244,Potential Loyalists
16342,75,15,322.41,4,2,2,422,Inactive
16343,16,43,328.58,2,3,2,232,Potential Loyalists
16344,158,2,101.10000000000001,4,1,1,411,Inactive
16345,44,37,565.46,3,3,3,333,Potential Loyalists
16347,11,85,847.45,1,4,3,143,Inactive
16348,32,222,1415.65,2,5,4,254,Potential Loyalists
16349,291,9,53.5,5,1,1,511,Inactive
16350,21,57,1116.47,2,3,4,234,Potential Loyalists
16351,333,8,153.9,5,1,1,511,Inactive
16352,18,28,494.44,2,2,3,223,Inactive
16353,4,94,6675.71,1,4,5,145,Inactive
16354,63,39,395.8,3,3,2,332,Potential Loyalists
16356,198,31,211.77,5,3,1,531,Inactive
16357,33,34,658.88,2,3,3,233,Potential Loyalists
16358,1,109,2027.5,1,4,4,144,Inactive
16359,7,66,1750.92,1,4,4,144,Inactive
16360,5,636,3450.41,1,5,5,155,Inactive
16361,10,104,891.21,1,4,3,143,Inactive
16362,32,77,709.99,2,4,3,243,Potential Loyalists
16363,53,5,109.36000000000001,3,1,1,311,Inactive
16364,12,52,705.79,1,3,3,133,Inactive
16365,18,51,1540.42,2,3,4,234,Potential Loyalists
16366,19,18,327.3,2,2,2,222,Inactive
16367,37,127,800.67,3,5,3,353,Consistent Buyers
16368,2,69,479.91,1,4,2,142,Inactive
16369,18,117,1545.41,2,4,4,244,Potential Loyalists
16370,82,221,1301.91,4,5,4,454,VIP
16372,33,92,355.73,2,4,2,242,Potential Loyalists
16374,66,109,466.73,3,4,2,342,Potential Loyalists
16376,9,122,974.96,1,5,4,154,Inactive
16377,267,5,676.2,5,1,3,513,Inactive
16378,247,23,362.95,5,2,2,522,Inactive
16379,4,108,2157.4,1,4,5,145,Inactive
16380,61,31,1743.1499999999999,3,3,4,334,Potential Loyalists
16383,75,98,643.76,4,4,3,443,Consistent Buyers
16384,90,33,584.5,4,3,3,433,Potential Loyalists
16385,60,57,554.86,3,3,3,333,Potential Loyalists
16386,29,81,302.57,2,4,2,242,Potential Loyalists
16387,323,4,94.36,5,1,1,511,Inactive
16389,53,34,1382.07,3,3,4,334,Potential Loyalists
16392,270,43,217.89,5,3,1,531,Inactive
16393,2,327,3040.96,1,5,5,155,Inactive
16394,57,83,1555.34,3,4,4,344,Consistent Buyers
16395,61,206,1482.06,3,5,4,354,Consistent Buyers
16398,154,82,1705.8,4,4,4,444,VIP
16399,19,72,408.02,2,4,2,242,Potential Loyalists
16400,95,29,303.93,4,3,2,432,Potential Loyalists
16401,1,186,4098.32,1,5,5,155,Inactive
16402,265,57,293.45,5,4,2,542,Potential Loyalists
16403,312,10,177.5,5,1,1,511,Inactive
16404,70,23,443.05,3,2,2,322,Inactive
16405,302,5,167.25,5,1,1,511,Inactive
16406,19,59,154.35,2,4,1,241,Inactive
16407,13,168,2079.68,1,5,5,155,Inactive
16409,36,231,2022.98,3,5,4,354,Consistent Buyers
16411,19,44,211.7,2,3,1,231,Inactive
16412,54,30,135.99,3,3,1,331,Inactive
16413,57,31,262.2,3,3,2,332,Potential Loyalists
16414,22,7,126.25,2,1,1,211,Inactive
16415,44,47,200.27,3,3,1,331,Inactive
16416,27,71,1051.4,2,4,4,244,Potential Loyalists
16418,45,95,631.12,3,4,3,343,Consistent Buyers
16419,113,50,958.71,4,3,4,434,Potential Loyalists
16422,17,369,34684.4,2,5,5,255,Potential Loyalists
16423,25,18,346.12,2,2,2,222,Inactive
16424,191,5,133.56,5,1,1,511,Inactive
16425,302,21,302.7,5,2,2,522,Inactive
16426,2,353,1863.76,1,5,4,154,Inactive
16427,263,9,241.06,5,1,1,511,Inactive
16429,106,2,284.55,4,1,2,412,Inactive
16430,57,6,300.85,3,1,2,312,Inactive
16431,213,76,623.28,5,4,3,543,Consistent Buyers
16432,64,8,287.4,3,1,2,312,Inactive
16433,28,17,184.26,2,2,1,221,Inactive
16434,29,107,1511.8,2,4,4,244,Potential Loyalists
16438,6,132,798.35,1,5,3,153,Inactive
16440,8,282,3640.67,1,5,5,155,Inactive
16441,67,24,381.2,3,2,2,322,Inactive
16442,2,171,609.3,1,5,3,153,Inactive
16444,46,84,654.67,3,4,3,343,Consistent Buyers
16445,34,63,230.51,3,4,1,341,Inactive
16446,1,3,168472.5,1,1,5,115,Inactive
16447,136,34,255.91,4,3,2,432,Potential Loyalists
16448,198,19,182.99,5,2,1,521,Inactive
16449,198,40,707.69,5,3,3,533,Potential Loyalists
16450,150,11,311.92,4,1,2,412,Inactive
16451,88,14,266.97,4,2,2,422,Inactive
16454,45,2,6.9,3,1,1,311,Inactive
16455,64,99,1841.18,3,4,4,344,Consistent Buyers
16456,99,110,2158.18,4,4,5,445,VIP
16457,218,9,208.36,5,1,1,511,Inactive
16458,3,202,3482.7400000000002,1,5,5,155,Inactive
16460,28,132,811.23,2,5,3,253,Potential Loyalists
16461,178,32,142.92,4,3,1,431,Inactive
16462,74,3,136.0,4,1,1,411,Inactive
16463,21,82,1422.4,2,4,4,244,Potential Loyalists
16464,20,230,1298.66,2,5,4,254,Potential Loyalists
16466,34,146,1595.96,3,5,4,354,Consistent Buyers
16468,74,2,74.9,4,1,1,411,Inactive
16469,24,171,625.42,2,5,3,253,Potential Loyalists
16470,52,164,752.77,3,5,3,353,Consistent Buyers
16471,275,13,223.95000000000002,5,1,1,511,Inactive
16473,165,18,316.11,4,2,2,422,Inactive
16474,7,337,1810.65,1,5,4,154,Inactive
16475,88,28,544.3,4,2,3,423,Inactive
16477,64,146,2494.46,3,5,5,355,Consistent Buyers
16478,25,17,331.0,2,2,2,222,Inactive
16479,10,35,300.83,1,3,2,132,Inactive
16480,76,53,769.29,4,3,3,433,Potential Loyalists
16482,16,18,220.62,2,2,1,221,Inactive
16483,192,19,139.35,5,2,1,521,Inactive
16484,174,25,404.3,4,2,2,422,Inactive
16485,77,42,363.65,4,3,2,432,Potential Loyalists
16488,33,29,498.8,2,3,3,233,Potential Loyalists
16491,47,39,731.5,3,3,3,333,Potential Loyalists
16493,80,56,1351.63,4,3,4,434,Potential Loyalists
16494,297,50,826.53,5,3,3,533,Potential Loyalists
16495,3,88,648.26,1,4,3,143,Inactive
16496,9,95,1599.52,1,4,4,144,Inactive
16497,50,136,2965.69,3,5,5,355,Consistent Buyers
16498,161,15,100.97,4,2,1,421,Inactive
16499,360,19,365.45,5,2,2,522,Inactive
16500,5,11,400.86,1,1,2,112,Inactive
16503,107,84,1431.93,4,4,4,444,VIP
16504,25,83,465.88,2,4,2,242,Potential Loyalists
16505,32,4,777.6,2,1,3,213,Inactive
16506,20,3,90.30000000000001,2,1,1,211,Inactive
16509,297,13,363.7,5,1,2,512,Inactive
16510,372,13,248.1,5,1,1,511,Inactive
16511,22,159,918.33,2,5,3,253,Potential Loyalists
16513,5,35,874.59,1,3,3,133,Inactive
16515,52,111,1624.14,3,4,4,344,Consistent Buyers
16516,30,6,101.69999999999999,2,1,1,211,Inactive
16517,277,17,162.7,5,2,1,521,Inactive
16518,61,40,484.32,3,3,2,332,Potential Loyalists
16519,25,13,215.07999999999998,2,1,1,211,Inactive
16520,186,156,1046.57,5,5,4,554,VIP
16523,2,290,9418.470000000001,1,5,5,155,Inactive
16525,2,183,13027.45,1,5,5,155,Inactive
16526,172,15,290.36,4,2,2,422,Inactive
16527,81,14,228.06,4,2,1,421,Inactive
16528,4,17,244.41,1,2,1,121,Inactive
16529,190,30,455.25,5,3,2,532,Potential Loyalists
16531,22,77,1244.59,2,4,4,244,Potential Loyalists
16532,18,4,6748.8,2,1,5,215,Inactive
16533,19,176,1082.81,2,5,4,254,Potential Loyalists
16535,5,31,593.75,1,3,3,133,Inactive
16536,110,54,548.12,4,3,3,433,Potential Loyalists
16539,3,45,1388.81,1,3,4,134,Inactive
16542,54,5,119.62,3,1,1,311,Inactive
16545,165,3,339.3,4,1,2,412,Inactive
16546,291,25,787.15,5,2,3,523,Inactive
16549,10,925,4034.9,1,5,5,155,Inactive
16550,109,251,2298.97,4,5,5,455,VIP
16551,96,32,922.12,4,3,3,433,Potential Loyalists
16552,243,17,379.73,5,2,2,522,Inactive
16553,163,84,5719.82,4,4,5,445,VIP
16554,42,52,837.1,3,3,3,333,Potential Loyalists
16555,35,17,285.89,3,2,2,322,Inactive
16556,67,207,3313.79,3,5,5,355,Consistent Buyers
16557,24,11,281.85,2,1,2,212,Inactive
16558,1,460,8338.49,1,5,5,155,Inactive
16560,27,57,841.41,2,4,3,243,Potential Loyalists
16561,6,31,511.12,1,3,3,133,Inactive
16563,54,19,1077.74,3,2,4,324,Inactive
16565,364,3,173.7,5,1,1,511,Inactive
16566,15,18,614.66,2,2,3,223,Inactive
16567,194,35,865.6,5,3,3,533,Potential Loyalists
16569,3,5,124.2,1,1,1,111,Inactive
16570,15,126,3738.4,2,5,5,255,Potential Loyalists
16571,27,87,1421.69,2,4,4,244,Potential Loyalists
16572,127,57,1009.6,4,4,4,444,VIP
16573,85,42,663.61,4,3,3,433,Potential Loyalists
16574,71,28,451.44,3,2,2,322,Inactive
16581,183,9,105.84,5,1,1,511,Inactive
16582,113,6,313.62,4,1,2,412,Inactive
16583,374,14,233.45,5,2,1,521,Inactive
16584,80,28,936.08,4,2,4,424,Inactive
16586,249,8,463.95,5,1,2,512,Inactive
16587,232,13,225.15,5,1,1,511,Inactive
16589,71,33,459.24,3,3,2,332,Potential Loyalists
16591,69,10,213.5,3,1,1,311,Inactive
16592,4,216,4113.68,1,5,5,155,Inactive
16593,51,27,330.03,3,2,2,322,Inactive
16594,75,53,181.09,4,3,1,431,Inactive
16595,61,85,360.16,3,4,2,342,Potential Loyalists
16596,16,12,250.15,2,1,2,212,Inactive
16597,4,7,90.04,1,1,1,111,Inactive
16598,286,10,145.04999999999998,5,1,1,511,Inactive
16600,4,62,813.52,1,4,3,143,Inactive
16601,41,30,242.7,3,3,1,331,Inactive
16602,36,29,528.08,3,3,3,333,Potential Loyalists
16603,75,34,482.47,4,3,2,432,Potential Loyalists
16607,18,172,3347.71,2,5,5,255,Potential Loyalists
16609,15,276,5493.46,2,5,5,255,Potential Loyalists
16610,219,6,75.66,5,1,1,511,Inactive
16611,186,10,129.49,5,1,1,511,Inactive
16612,33,66,1187.66,2,4,4,244,Potential Loyalists
16613,70,30,618.59,3,3,3,333,Potential Loyalists
16614,183,26,506.19,5,2,3,523,Inactive
16616,15,33,500.42,2,3,3,233,Potential Loyalists
16617,236,5,151.85,5,1,1,511,Inactive
16618,31,96,2647.59,2,4,5,245,Potential Loyalists
16619,264,14,226.21,5,2,1,521,Inactive
16620,4,9,178.96,1,1,1,111,Inactive
16621,52,29,813.48,3,3,3,333,Potential Loyalists
16623,246,5,129.45,5,1,1,511,Inactive
16624,81,48,810.5699999999999,4,3,3,433,Potential Loyalists
16625,275,23,333.08,5,2,2,522,Inactive
16626,1,179,4413.1,1,5,5,155,Inactive
16627,79,20,322.8,4,2,2,422,Inactive
16628,30,117,2188.05,2,4,5,245,Potential Loyalists
16629,74,60,408.63,4,4,2,442,Potential Loyalists
16633,17,152,2883.1,2,5,5,255,Potential Loyalists
16634,223,9,217.9,5,1,1,511,Inactive
16637,32,69,1154.47,2,4,4,244,Potential Loyalists
16638,23,94,1680.72,2,4,4,244,Potential Loyalists
16639,31,50,1257.51,2,3,4,234,Potential Loyalists
16641,106,12,231.10000000000002,4,1,1,411,Inactive
16642,5,34,688.33,1,3,3,133,Inactive
16643,246,27,487.51,5,2,3,523,Inactive
16644,178,62,833.78,4,4,3,443,Consistent Buyers
16647,170,14,214.06,4,2,1,421,Inactive
16648,43,19,290.65999999999997,3,2,2,322,Inactive
16650,72,24,518.42,3,2,3,323,Inactive
16652,59,118,6773.97,3,4,5,345,Consistent Buyers
16653,16,69,1212.66,2,4,4,244,Potential Loyalists
16654,141,29,601.27,4,3,3,433,Potential Loyalists
16655,18,258,3789.52,2,5,5,255,Potential Loyalists
16656,22,73,8625.8,2,4,5,245,Potential Loyalists
16657,10,192,874.43,1,5,3,153,Inactive
16658,368,8,123.24,5,1,1,511,Inactive
16659,189,2,39.12,5,1,1,511,Inactive
16660,16,16,1267.6499999999999,2,2,4,224,Inactive
16665,362,9,135.39999999999998,5,1,1,511,Inactive
16666,19,32,118.98,2,3,1,231,Inactive
16667,68,52,567.1800000000001,3,3,3,333,Potential Loyalists
16668,15,20,306.71999999999997,2,2,2,222,Inactive
16669,24,156,1348.88,2,5,4,254,Potential Loyalists
16670,17,252,4095.9,2,5,5,255,Potential Loyalists
16671,28,6,1692.27,2,1,4,214,Inactive
16672,2,114,8134.9400000000005,1,4,5,145,Inactive
16674,55,93,304.24,3,4,2,342,Potential Loyalists
16676,34,89,1592.1200000000001,3,4,4,344,Consistent Buyers
16678,3,163,3109.99,1,5,5,155,Inactive
16679,366,3,129.75,5,1,1,511,Inactive
16680,43,10,183.7,3,1,1,311,Inactive
16681,73,44,1770.34,4,3,4,434,Potential Loyalists
16682,5,30,1028.0,1,3,4,134,Inactive
16684,4,277,66653.56,1,5,5,155,Inactive
16685,61,62,324.24,3,4,2,342,Potential Loyalists
16686,47,544,2959.88,3,5,5,355,Consistent Buyers
16688,1,62,1260.86,1,4,4,144,Inactive
16689,76,13,422.59999999999997,4,1,2,412,Inactive
16690,72,12,225.57999999999998,3,1,1,311,Inactive
16692,256,3,1276.0,5,1,4,514,Inactive
16693,69,59,477.86,3,4,2,342,Potential Loyalists
16696,135,10,657.9000000000001,4,1,3,413,Inactive
16697,241,21,112.75,5,2,1,521,Inactive
16698,227,5,1998.0,5,1,4,514,Inactive
16700,9,308,5076.55,1,5,5,155,Inactive
16701,9,144,5398.3,1,5,5,155,Inactive
16705,1,270,14034.99,1,5,5,155,Inactive
16706,37,123,531.35,3,5,3,353,Consistent Buyers
16708,46,27,656.63,3,2,3,323,Inactive
16709,85,79,3029.87,4,4,5,445,VIP
16710,19,394,2467.99,2,5,5,255,Potential Loyalists
16711,3,22,1651.03,1,2,4,124,Inactive
16712,9,438,3611.31,1,5,5,155,Inactive
16713,19,619,6910.78,2,5,5,255,Potential Loyalists
16714,219,87,1129.06,5,4,4,544,VIP
16715,78,19,301.71999999999997,4,2,2,422,Inactive
16716,267,2,901.2,5,1,3,513,Inactive
16717,24,198,3843.08,2,5,5,255,Potential Loyalists
16718,369,44,606.0500000000001,5,3,3,533,Potential Loyalists
16719,15,196,1770.22,2,5,4,254,Potential Loyalists
16720,26,25,152.95,2,2,1,221,Inactive
16721,262,37,292.47,5,3,2,532,Potential Loyalists
16722,17,225,4730.81,2,5,5,255,Potential Loyalists
16723,91,42,576.4,4,3,3,433,Potential Loyalists
16725,302,145,758.27,5,5,3,553,Consistent Buyers
16726,26,178,1358.74,2,5,4,254,Potential Loyalists
16727,364,44,256.32,5,3,2,532,Potential Loyalists
16728,46,263,1048.28,3,5,4,354,Consistent Buyers
16729,38,656,7205.33,3,5,5,355,Consistent Buyers
16730,52,82,743.11,3,4,3,343,Consistent Buyers
16732,32,28,603.75,2,2,3,223,Inactive
16734,52,52,646.76,3,3,3,333,Potential Loyalists
16735,79,116,2247.41,4,4,5,445,VIP
16737,53,1,417.59999999999997,3,1,2,312,Inactive
16738,298,1,3.75,5,1,1,511,Inactive
16739,177,13,323.0,4,1,2,412,Inactive
16742,47,1,464.9,3,1,2,312,Inactive
16743,29,190,2213.13,2,5,5,255,Potential Loyalists
16744,11,236,1291.91,1,5,4,154,Inactive
16745,87,355,7180.7,4,5,5,455,VIP
16746,5,444,6680.11,1,5,5,155,Inactive
16747,38,42,836.06,3,3,3,333,Potential Loyalists
16748,18,69,1515.9,2,4,4,244,Potential Loyalists
16750,45,95,623.93,3,4,3,343,Consistent Buyers
16751,31,25,1764.72,2,2,4,224,Inactive
16752,373,9,207.5,5,1,1,511,Inactive
16753,58,34,223.92000000000002,3,3,1,331,Inactive
16754,372,2,2002.4,5,1,4,514,Inactive
16755,114,165,1475.43,4,5,4,454,VIP
16756,215,13,239.4,5,1,1,511,Inactive
16757,319,7,106.83000000000001,5,1,1,511,Inactive
16758,65,22,369.34000000000003,3,2,2,322,Inactive
16759,8,42,789.79,1,3,3,133,Inactive
16761,97,13,316.62,4,1,2,412,Inactive
16762,20,63,1207.24,2,4,4,244,Potential Loyalists
16763,199,23,611.85,5,2,3,523,Inactive
16764,4,700,2790.9500000000003,1,5,5,155,Inactive
16765,294,1,34.0,5,1,1,511,Inactive
16766,273,34,1145.6,5,3,4,534,Potential Loyalists
16767,31,221,5575.56,2,5,5,255,Potential Loyalists
16768,48,54,478.09000000000003,3,3,2,332,Potential Loyalists
16769,260,38,361.54,5,3,2,532,Potential Loyalists
16770,58,140,757.1,3,5,3,353,Consistent Buyers
16771,33,254,2242.61,2,5,5,255,Potential Loyalists
16773,57,26,171.59,3,2,1,321,Inactive
16774,68,48,661.52,3,3,3,333,Potential Loyalists
16775,10,157,1691.51,1,5,4,154,Inactive
16776,60,71,371.54,3,4,2,342,Potential Loyalists
16777,80,48,222.62,4,3,1,431,Inactive
16778,74,16,245.94,4,2,1,421,Inactive
16779,2,331,10611.720000000001,1,5,5,155,Inactive
16780,100,59,422.24,4,4,2,442,Potential Loyalists
16781,372,17,311.25,5,2,2,522,Inactive
16782,10,183,2267.9500000000003,1,5,5,155,Inactive
16784,20,3,107.6,2,1,1,211,Inactive
16788,123,148,594.39,4,5,3,453,Consistent Buyers
16789,8,5,80.8,1,1,1,111,Inactive
16790,4,93,1545.6200000000001,1,4,4,144,Inactive
16791,29,314,1705.78,2,5,4,254,Potential Loyalists
16792,282,12,110.38000000000001,5,1,1,511,Inactive
16793,57,16,243.84,3,2,1,321,Inactive
16794,1,278,1196.5,1,5,4,154,Inactive
16795,365,66,414.88,5,4,2,542,Potential Loyalists
16796,89,18,305.62,4,2,2,422,Inactive
16800,11,156,1162.65,1,5,4,154,Inactive
16801,163,75,1594.23,4,4,4,444,VIP
16803,65,24,332.3,3,2,2,322,Inactive
16804,23,60,536.99,2,4,3,243,Potential Loyalists
16805,174,98,460.59,4,4,2,442,Potential Loyalists
16806,103,93,762.16,4,4,3,443,Consistent Buyers
16807,143,67,1121.59,4,4,4,444,VIP
16808,99,23,288.42,4,2,2,422,Inactive
16809,23,149,914.69,2,5,3,253,Potential Loyalists
16810,192,15,309.54,5,2,2,522,Inactive
16811,5,28,547.07,1,2,3,123,Inactive
16812,361,15,479.35,5,2,2,522,Inactive
16813,8,426,1652.18,1,5,4,154,Inactive
16814,14,319,6416.7,2,5,5,255,Potential Loyalists
16816,103,28,417.06,4,2,2,422,Inactive
16817,3,86,1604.75,1,4,4,144,Inactive
16818,11,189,3349.57,1,5,5,155,Inactive
16820,96,26,497.61,4,2,3,423,Inactive
16823,227,38,358.38,5,3,2,532,Potential Loyalists
16824,16,26,460.64,2,2,2,222,Inactive
16825,39,28,775.1800000000001,3,2,3,323,Inactive
16826,51,22,341.7,3,2,2,322,Inactive
16828,93,8,128.5,4,1,1,411,Inactive
16829,157,11,197.22,4,1,1,411,Inactive
16830,39,23,325.91,3,2,2,322,Inactive
16832,184,12,199.15,5,1,1,511,Inactive
16833,1,47,1106.53,1,3,4,134,Inactive
16834,228,24,413.46,5,2,2,522,Inactive
16835,128,10,180.85,4,1,1,411,Inactive
16836,40,11,251.87,3,1,2,312,Inactive
16837,31,165,3170.98,2,5,5,255,Potential Loyalists
16838,197,25,588.85,5,2,3,523,Inactive
16839,9,266,16594.35,1,5,5,155,Inactive
16841,37,116,1869.82,3,4,4,344,Consistent Buyers
16842,101,63,1264.19,4,4,4,444,VIP
16843,43,378,10196.57,3,5,5,355,Consistent Buyers
16846,50,11,214.32,3,1,1,311,Inactive
16847,43,12,193.44,3,1,1,311,Inactive
16848,53,14,281.42,3,2,2,322,Inactive
16849,187,8,124.57,5,1,1,511,Inactive
16850,334,19,332.41,5,2,2,522,Inactive
16851,4,20,342.45,1,2,2,122,Inactive
16852,10,9,144.91000000000003,1,1,1,111,Inactive
16855,24,19,328.4,2,2,2,222,Inactive
16856,15,2,35.400000000000006,2,1,1,211,Inactive
16858,369,10,375.69000000000005,5,1,2,512,Inactive
16859,145,52,747.81,4,3,3,433,Potential Loyalists
16861,60,6,173.76,3,1,1,311,Inactive
16863,31,26,502.8,2,2,3,223,Inactive
16866,141,11,207.73999999999998,4,1,1,411,Inactive
16869,23,127,817.12,2,5,3,253,Potential Loyalists
16871,22,137,2812.34,2,5,5,255,Potential Loyalists
16872,77,7,680.02,4,1,3,413,Inactive
16873,5,279,7123.62,1,5,5,155,Inactive
16875,67,112,2095.53,3,4,5,345,Consistent Buyers
16877,12,156,846.62,1,5,3,153,Inactive
16878,84,3,13.3,4,1,1,411,Inactive
16880,31,174,1491.43,2,5,4,254,Potential Loyalists
16881,67,1,432.0,3,1,2,312,Inactive
16882,67,39,705.12,3,3,3,333,Potential Loyalists
16883,187,37,272.48,5,3,2,532,Potential Loyalists
16884,38,26,429.84000000000003,3,2,2,322,Inactive
16885,15,96,450.41,2,4,2,242,Potential Loyalists
16887,35,36,192.32999999999998,3,3,1,331,Inactive
16889,195,135,1578.67,5,5,4,554,VIP
16891,2,186,742.43,1,5,3,153,Inactive
16892,1,97,518.19,1,4,3,143,Inactive
16893,367,45,145.93,5,3,1,531,Inactive
16895,65,62,202.27,3,4,1,341,Inactive
16897,299,37,289.78,5,3,2,532,Potential Loyalists
16898,26,157,501.03,2,5,3,253,Potential Loyalists
16899,8,123,1271.06,1,5,4,154,Inactive
16900,17,79,887.11,2,4,3,243,Potential Loyalists
16902,116,44,1706.88,4,3,4,434,Potential Loyalists
16903,29,56,363.2,2,3,2,232,Potential Loyalists
16904,4,665,3653.75,1,5,5,155,Inactive
16905,5,199,3037.6,1,5,5,155,Inactive
16906,82,86,559.59,4,4,3,443,Consistent Buyers
16907,29,140,928.76,2,5,3,253,Potential Loyalists
16909,72,18,379.14,3,2,2,322,Inactive
16910,4,545,1508.96,1,5,4,154,Inactive
16912,29,100,2555.58,2,4,5,245,Potential Loyalists
16913,290,8,113.44,5,1,1,511,Inactive
16914,36,30,183.76,3,3,1,331,Inactive
16915,9,57,621.6800000000001,1,4,3,143,Inactive
16916,24,136,562.41,2,5,3,253,Potential Loyalists
16917,277,9,391.52,5,1,2,512,Inactive
16918,50,128,1068.82,3,5,4,354,Consistent Buyers
16919,156,326,2592.25,4,5,5,455,VIP
16921,61,55,154.18,3,3,1,331,Inactive
16923,12,626,7069.08,1,5,5,155,Inactive
16924,21,81,829.89,2,4,3,243,Potential Loyalists
16926,371,14,230.25,5,2,1,521,Inactive
16927,116,6,543.05,4,1,3,413,Inactive
16928,80,204,2814.7,4,5,5,455,VIP
16929,4,77,1295.39,1,4,4,144,Inactive
16930,26,53,378.89,2,3,2,232,Potential Loyalists
16931,5,886,4554.87,1,5,5,155,Inactive
16932,53,48,150.23000000000002,3,3,1,331,Inactive
16933,1,44,563.23,1,3,3,133,Inactive
16934,55,61,931.03,3,4,3,343,Consistent Buyers
16936,26,56,261.9,2,3,2,232,Potential Loyalists
16938,9,235,2711.6800000000003,1,5,5,155,Inactive
16940,52,305,3049.88,3,5,5,355,Consistent Buyers
16942,13,277,1904.99,1,5,4,154,Inactive
16943,212,33,816.73,5,3,3,533,Potential Loyalists
16945,22,249,4345.5,2,5,5,255,Potential Loyalists
16947,236,21,406.48,5,2,2,522,Inactive
16948,139,19,435.02,4,2,2,422,Inactive
16949,4,60,1286.27,1,4,4,144,Inactive
16950,57,42,1178.56,3,3,4,334,Potential Loyalists
16951,135,86,1277.75,4,4,4,444,VIP
16952,109,16,167.61,4,2,1,421,Inactive
16953,30,1,20.8,2,1,1,211,Inactive
16954,1,54,2085.08,1,3,5,135,Inactive
16955,185,25,518.67,5,2,3,523,Inactive
16956,18,16,308.74,2,2,2,222,Inactive
16957,239,16,416.64,5,2,2,522,Inactive
16959,87,7,117.35000000000001,4,1,1,411,Inactive
16960,39,101,507.05,3,4,3,343,Consistent Buyers
16961,116,14,234.17,4,2,1,421,Inactive
16963,187,7,110.55000000000001,5,1,1,511,Inactive
16965,227,26,201.19,5,2,1,521,Inactive
16966,8,28,2154.97,1,2,5,125,Inactive
16967,189,21,319.02,5,2,2,522,Inactive
16968,4,31,439.43,1,3,2,132,Inactive
16969,39,42,650.41,3,3,3,333,Potential Loyalists
16971,38,41,357.21,3,3,2,332,Potential Loyalists
16976,267,2,251.51999999999998,5,1,2,512,Inactive
16978,78,39,344.33,4,3,2,432,Potential Loyalists
16979,4,89,1852.0,1,4,4,144,Inactive
16980,255,81,1028.46,5,4,4,544,VIP
16982,61,22,384.06,3,2,2,322,Inactive
16983,13,143,1905.87,1,5,4,154,Inactive
16984,88,400,4459.52,4,5,5,455,VIP
16985,17,120,5464.12,2,5,5,255,Potential Loyalists
16986,30,3,1873.2,2,1,4,214,Inactive
16987,3,128,1616.8,1,5,4,154,Inactive
16988,5,7,126.12,1,1,1,111,Inactive
16989,7,12,1133.25,1,1,4,114,Inactive
16990,219,1,179.0,5,1,1,511,Inactive
16992,11,93,1614.31,1,4,4,144,Inactive
16996,30,37,1456.96,2,3,4,234,Potential Loyalists
16997,288,12,702.0,5,1,3,513,Inactive
16998,150,4,295.0,4,1,2,412,Inactive
16999,23,23,484.82,2,2,2,222,Inactive
17001,1,169,3989.57,1,5,5,155,Inactive
17002,86,49,1493.73,4,3,4,434,Potential Loyalists
17004,46,43,1312.1399999999999,3,3,4,334,Potential Loyalists
17006,5,44,781.78,1,3,3,133,Inactive
17007,51,52,889.9300000000001,3,3,3,333,Potential Loyalists
17010,18,11,195.36,2,1,1,211,Inactive
17011,30,15,270.9,2,2,2,222,Inactive
17014,8,72,583.4300000000001,1,4,3,143,Inactive
17015,29,214,1838.6100000000001,2,5,4,254,Potential Loyalists
17017,3,252,8694.26,1,5,5,155,Inactive
17018,41,16,920.1,3,2,3,323,Inactive
17019,11,228,1258.08,1,5,4,154,Inactive
17022,31,7,71.0,2,1,1,211,Inactive
17024,45,3,95.85,3,1,1,311,Inactive
17025,61,9,357.77,3,1,2,312,Inactive
17026,185,4,154.82999999999998,5,1,1,511,Inactive
17027,79,148,877.5600000000001,4,5,3,453,Consistent Buyers
17029,111,2,716.0,4,1,3,413,Inactive
17030,64,11,146.87,3,1,1,311,Inactive
17031,12,22,380.35,1,2,2,122,Inactive
17033,86,28,1030.14,4,2,4,424,Inactive
17034,16,30,745.52,2,3,3,233,Potential Loyalists
17035,246,28,433.53000000000003,5,2,2,522,Inactive
17037,88,75,1267.32,4,4,4,444,VIP
17038,30,22,112.4,2,2,1,221,Inactive
17040,138,15,449.73,4,2,2,422,Inactive
17041,27,69,1071.49,2,4,4,244,Potential Loyalists
17042,3,97,1036.58,1,4,4,144,Inactive
17043,32,102,1735.18,2,4,4,244,Potential Loyalists
17044,25,6,948.48,2,1,4,214,Inactive
17045,113,22,339.44,4,2,2,422,Inactive
17046,157,22,642.02,4,2,3,423,Inactive
17047,85,65,1100.9,4,4,4,444,VIP
17048,118,43,925.35,4,3,3,433,Potential Loyalists
17049,3,317,5655.03,1,5,5,155,Inactive
17050,96,308,3185.64,4,5,5,455,VIP
17051,194,42,240.89000000000001,5,3,1,531,Inactive
17052,28,83,399.09,2,4,2,242,Potential Loyalists
17053,131,13,498.48,4,1,3,413,Inactive
17054,28,83,1356.33,2,4,4,244,Potential Loyalists
17058,82,62,1179.89,4,4,4,444,VIP
17059,30,514,3080.39,2,5,5,255,Potential Loyalists
17060,266,5,234.24,5,1,1,511,Inactive
17061,74,99,5232.2300000000005,4,4,5,445,VIP
17062,314,69,533.33,5,4,3,543,Consistent Buyers
17063,21,78,1461.14,2,4,4,244,Potential Loyalists
17064,59,61,855.45,3,4,3,343,Consistent Buyers
17068,12,296,4552.14,1,5,5,155,Inactive
17069,28,143,2709.7000000000003,2,5,5,255,Potential Loyalists
17070,114,62,304.24,4,4,2,442,Potential Loyalists
17071,28,140,2429.03,2,5,5,255,Potential Loyalists
17073,18,174,1446.09,2,5,4,254,Potential Loyalists
17075,18,77,834.12,2,4,3,243,Potential Loyalists
17076,36,25,841.0799999999999,3,2,3,323,Inactive
17078,36,28,378.2,3,2,2,322,Inactive
17079,78,2,118.80000000000001,4,1,1,411,Inactive
17080,22,8,287.62,2,1,2,212,Inactive
17081,25,63,288.91,2,4,2,242,Potential Loyalists
17082,33,81,2003.85,2,4,4,244,Potential Loyalists
17083,109,52,1405.78,4,3,4,434,Potential Loyalists
17084,35,149,2747.9900000000002,3,5,5,355,Consistent Buyers
17085,123,186,1562.4,4,5,4,454,VIP
17086,7,96,2050.08,1,4,4,144,Inactive
17088,28,115,1991.01,2,4,4,244,Potential Loyalists
17090,4,61,1974.65,1,4,4,144,Inactive
17091,3,195,3827.76,1,5,5,155,Inactive
17092,50,124,1774.03,3,5,4,354,Consistent Buyers
17094,322,14,302.0,5,2,2,522,Inactive
17095,23,74,1324.16,2,4,4,244,Potential Loyalists
17096,15,48,1022.13,2,3,4,234,Potential Loyalists
17097,2,211,954.42,1,5,4,154,Inactive
17100,18,65,971.74,2,4,4,244,Potential Loyalists
17101,10,42,1621.73,1,3,4,134,Inactive
17102,262,1,25.5,5,1,1,511,Inactive
17105,159,90,665.78,4,4,3,443,Consistent Buyers
17107,33,416,10797.48,2,5,5,255,Potential Loyalists
17109,29,116,881.29,2,4,3,243,Potential Loyalists
17110,165,12,163.29999999999998,4,1,1,411,Inactive
17111,47,29,231.61,3,3,1,331,Inactive
17114,6,123,801.12,1,5,3,153,Inactive
17115,8,39,837.5,1,3,3,133,Inactive
17117,288,9,116.19999999999999,5,1,1,511,Inactive
17118,318,10,157.02,5,1,1,511,Inactive
17119,3,35,606.91,1,3,3,133,Inactive
17120,233,18,307.46,5,2,2,522,Inactive
17122,119,7,138.32,4,1,1,411,Inactive
17123,162,9,345.29999999999995,4,1,2,412,Inactive
17124,185,31,294.24,5,3,2,532,Potential Loyalists
17125,50,35,230.5,3,3,1,331,Inactive
17126,152,248,989.45,4,5,4,454,VIP
17128,335,14,157.09,5,2,1,521,Inactive
17131,5,134,2463.17,1,5,5,155,Inactive
17133,16,27,4892.240000000001,2,2,5,225,Inactive
17134,107,23,413.2,4,2,2,422,Inactive
17135,16,52,1139.73,2,3,4,234,Potential Loyalists
17138,276,24,380.5,5,2,2,522,Inactive
17139,16,477,10650.77,2,5,5,255,Potential Loyalists
17140,247,18,454.12,5,2,2,522,Inactive
17142,239,15,579.0,5,2,3,523,Inactive
17144,1,48,984.57,1,3,4,134,Inactive
17146,106,35,749.78,4,3,3,433,Potential Loyalists
17147,23,81,1714.59,2,4,4,244,Potential Loyalists
17148,52,9,124.88,3,1,1,311,Inactive
17152,195,14,1689.5,5,2,4,524,Inactive
17153,24,14,213.78,2,2,1,221,Inactive
17154,75,23,329.34,4,2,2,422,Inactive
17155,18,20,251.70000000000002,2,2,2,222,Inactive
17157,8,13,319.0,1,1,2,112,Inactive
17158,32,67,1266.97,2,4,4,244,Potential Loyalists
17159,22,101,1538.88,2,4,4,244,Potential Loyalists
17160,31,229,3518.03,2,5,5,255,Potential Loyalists
17162,29,104,1715.46,2,4,4,244,Potential Loyalists
17163,22,5,293.1,2,1,2,212,Inactive
17164,33,144,2467.35,2,5,5,255,Potential Loyalists
17165,284,10,158.68,5,1,1,511,Inactive
17166,39,12,206.34,3,1,1,311,Inactive
17169,58,54,835.78,3,3,3,333,Potential Loyalists
17171,289,16,224.91,5,2,1,521,Inactive
17172,79,15,317.76,4,2,2,422,Inactive
17173,5,86,3766.6,1,4,5,145,Inactive
17174,218,4,59.9,5,1,1,511,Inactive
17175,44,63,1443.69,3,4,4,344,Consistent Buyers
17176,202,15,306.13,5,2,2,522,Inactive
17179,178,80,711.79,4,4,3,443,Consistent Buyers
17180,56,125,783.97,3,5,3,353,Consistent Buyers
17181,57,23,239.92000000000002,3,2,1,321,Inactive
17183,8,73,3347.31,1,4,5,145,Inactive
17186,47,2,144.0,3,1,1,311,Inactive
17187,227,10,203.95,5,1,1,511,Inactive
17188,11,84,2474.23,1,4,5,145,Inactive
17189,106,60,383.75,4,4,2,442,Potential Loyalists
17190,59,19,444.74,3,2,2,322,Inactive
17191,28,236,2093.68,2,5,5,255,Potential Loyalists
17193,36,32,1699.3000000000002,3,3,4,334,Potential Loyalists
17194,274,29,262.62,5,3,2,532,Potential Loyalists
17197,30,29,1013.01,2,3,4,234,Potential Loyalists
17198,24,96,692.22,2,4,3,243,Potential Loyalists
17201,54,38,289.78,3,3,2,332,Potential Loyalists
17203,36,148,3560.08,3,5,5,355,Consistent Buyers
17204,175,57,1564.56,4,4,4,444,VIP
17205,54,13,384.08,3,1,2,312,Inactive
17206,53,7,204.24,3,1,1,311,Inactive
17211,27,211,2317.2200000000003,2,5,5,255,Potential Loyalists
17212,253,4,226.85,5,1,1,511,Inactive
17213,40,157,2781.23,3,5,5,355,Consistent Buyers
17214,60,101,1059.1200000000001,3,4,4,344,Consistent Buyers
17217,234,9,113.5,5,1,1,511,Inactive
17218,4,271,1951.97,1,5,4,154,Inactive
17219,32,25,114.23,2,2,1,221,Inactive
17220,24,467,3187.55,2,5,5,255,Potential Loyalists
17221,7,62,334.48,1,4,2,142,Inactive
17222,65,27,328.65,3,2,2,322,Inactive
17223,310,48,416.89,5,3,2,532,Potential Loyalists
17226,309,21,393.49,5,2,2,522,Inactive
17227,19,47,939.32,2,3,4,234,Potential Loyalists
17228,16,208,1906.09,2,5,4,254,Potential Loyalists
17229,96,47,318.76,4,3,2,432,Potential Loyalists
17230,264,69,3638.41,5,4,5,545,VIP
17231,12,531,3124.72,1,5,5,155,Inactive
17232,3,35,417.77,1,3,2,132,Inactive
17233,35,25,190.88,3,2,1,321,Inactive
17234,183,14,149.89000000000001,5,2,1,521,Inactive
17235,25,29,550.06,2,3,3,233,Potential Loyalists
17236,13,105,916.13,1,4,3,143,Inactive
17237,11,19,314.69,1,2,2,122,Inactive
17238,3,555,3719.1,1,5,5,155,Inactive
17239,313,15,382.5,5,2,2,522,Inactive
17242,108,40,1135.04,4,3,4,434,Potential Loyalists
17243,1,387,8540.05,1,5,5,155,Inactive
17244,53,31,954.9,3,3,4,334,Potential Loyalists
17245,205,9,171.45,5,1,1,511,Inactive
17247,15,54,280.09000000000003,2,3,2,232,Potential Loyalists
17248,120,69,318.65,4,4,2,442,Potential Loyalists
17250,4,56,381.97,1,3,2,132,Inactive
17251,363,37,269.83,5,3,2,532,Potential Loyalists
17252,117,86,348.91,4,4,2,442,Potential Loyalists
17253,18,18,178.26,2,2,1,221,Inactive
17254,5,111,271.19,1,4,2,142,Inactive
17255,41,74,291.48,3,4,2,342,Potential Loyalists
17256,107,16,240.0,4,2,1,421,Inactive
17259,148,116,581.23,4,4,3,443,Consistent Buyers
17262,52,12,1253.3600000000001,3,1,4,314,Inactive
17263,208,23,63.440000000000005,5,2,1,521,Inactive
17265,139,122,550.01,4,5,3,453,Consistent Buyers
17266,2,73,296.58,1,4,2,142,Inactive
17267,127,37,317.2,4,3,2,432,Potential Loyalists
17268,108,6,763.64,4,1,3,413,Inactive
17272,42,114,2148.63,3,4,5,345,Consistent Buyers
17274,35,25,107.82,3,2,1,321,Inactive
17277,228,69,1065.3500000000001,5,4,4,544,VIP
17278,241,15,246.04,5,2,1,521,Inactive
17279,58,9,187.82999999999998,3,1,1,311,Inactive
17282,130,89,1685.46,4,4,4,444,VIP
17284,60,291,1647.48,3,5,4,354,Consistent Buyers
17286,22,44,151.37,2,3,1,231,Inactive
17287,26,122,1049.06,2,5,4,254,Potential Loyalists
17288,9,140,1417.63,1,5,4,154,Inactive
17289,32,104,931.02,2,4,3,243,Potential Loyalists
17290,4,96,513.01,1,4,3,143,Inactive
17291,308,1,550.8000000000001,5,1,3,513,Inactive
17293,8,132,1854.06,1,5,4,154,Inactive
17295,29,68,547.0,2,4,3,243,Potential Loyalists
17297,17,49,128.18,2,3,1,231,Inactive
17298,101,30,498.42,4,3,3,433,Potential Loyalists
17299,12,55,656.61,1,3,3,133,Inactive
17301,21,59,163.24,2,4,1,241,Inactive
17302,15,79,1135.63,2,4,4,244,Potential Loyalists
17303,361,53,250.04,5,3,2,532,Potential Loyalists
17306,11,66,8631.31,1,4,5,145,Inactive
17309,95,12,82.75,4,1,1,411,Inactive
17311,78,55,1384.85,4,3,4,434,Potential Loyalists
17312,139,14,644.3,4,2,3,423,Inactive
17313,31,24,2328.84,2,2,5,225,Inactive
17314,25,131,2527.92,2,5,5,255,Potential Loyalists
17315,2,471,6281.23,1,5,5,155,Inactive
17317,46,9,2600.34,3,1,5,315,Inactive
17320,100,73,1200.6200000000001,4,4,4,444,VIP
17321,8,99,657.16,1,4,3,143,Inactive
17323,15,195,906.52,2,5,3,253,Potential Loyalists
17324,18,49,986.48,2,3,4,234,Potential Loyalists
17325,280,6,96.8,5,1,1,511,Inactive
17329,14,33,523.11,2,3,3,233,Potential Loyalists
17330,23,6,363.9,2,1,2,212,Inactive
17331,124,1,175.2,4,1,1,411,Inactive
17333,86,28,494.25,4,2,3,423,Inactive
17334,302,11,307.02,5,1,2,512,Inactive
17337,151,521,1981.06,4,5,4,454,VIP
17338,17,721,6493.54,2,5,5,255,Potential Loyalists
17339,94,9,243.36,4,1,1,411,Inactive
17340,30,407,12353.29,2,5,5,255,Potential Loyalists
17341,157,157,682.29,4,5,3,453,Consistent Buyers
17343,355,17,193.64,5,2,1,521,Inactive
17344,46,31,157.62,3,3,1,331,Inactive
17345,15,83,519.6899999999999,2,4,3,243,Potential Loyalists
17346,4,483,2622.88,1,5,5,155,Inactive
17347,86,1,228.96,4,1,1,411,Inactive
17348,15,213,1156.6,2,5,4,254,Potential Loyalists
17349,179,8,98.25,4,1,1,411,Inactive
17350,8,70,1281.32,1,4,4,144,Inactive
17351,36,27,587.15,3,2,3,323,Inactive
17353,129,8,1740.0,4,1,4,414,Inactive
17354,51,16,1393.06,3,2,4,324,Inactive
17356,312,19,178.22,5,2,1,521,Inactive
17357,24,44,384.39,2,3,2,232,Potential Loyalists
17358,303,58,360.81,5,4,2,542,Potential Loyalists
17359,11,15,127.86,1,2,1,121,Inactive
17360,17,125,568.24,2,5,3,253,Potential Loyalists
17361,49,29,488.2,3,3,3,333,Potential Loyalists
17362,239,35,312.23,5,3,2,532,Potential Loyalists
17364,1,406,4462.68,1,5,5,155,Inactive
17365,13,465,4767.36,1,5,5,155,Inactive
17367,238,33,167.55,5,3,1,531,Inactive
17368,23,107,1878.87,2,4,4,244,Potential Loyalists
17370,73,33,446.18,4,3,2,432,Potential Loyalists
17371,17,86,418.4,2,4,2,242,Potential Loyalists
17372,41,251,1337.18,3,5,4,354,Consistent Buyers
17373,40,57,646.92,3,4,3,343,Consistent Buyers
17374,219,28,495.77,5,2,3,523,Inactive
17375,199,69,400.1,5,4,2,542,Potential Loyalists
17376,71,24,203.2,3,2,1,321,Inactive
17377,24,404,4058.32,2,5,5,255,Potential Loyalists
17379,11,78,389.71999999999997,1,4,2,142,Inactive
17381,9,109,20275.61,1,4,5,145,Inactive
17382,65,2,65.4,3,1,1,311,Inactive
17383,4,49,193.39000000000001,1,3,1,131,Inactive
17384,19,15,336.4,2,2,2,222,Inactive
17385,15,45,256.11,2,3,2,232,Potential Loyalists
17386,8,28,2686.42,1,2,5,125,Inactive
17387,20,76,746.81,2,4,3,243,Potential Loyalists
17388,78,15,1259.56,4,2,4,424,Inactive
17389,1,213,31833.68,1,5,5,155,Inactive
17391,164,3,508.8,4,1,3,413,Inactive
17392,307,56,417.27,5,3,2,532,Potential Loyalists
17394,219,4,203.86999999999998,5,1,1,511,Inactive
17396,39,27,7330.8,3,2,5,325,Inactive
17397,22,89,681.41,2,4,3,243,Potential Loyalists
17398,115,38,653.38,4,3,3,433,Potential Loyalists
17400,126,206,2097.84,4,5,5,455,VIP
17402,5,59,2633.85,1,4,5,145,Inactive
17403,36,32,263.92,3,3,2,332,Potential Loyalists
17404,4,198,31906.82,1,5,5,155,Inactive
17405,1,82,1031.41,1,4,4,144,Inactive
17406,333,111,2184.42,5,4,5,545,VIP
17408,163,2,32.65,4,1,1,411,Inactive
17409,185,13,771.85,5,1,3,513,Inactive
17410,16,64,1214.72,2,4,4,244,Potential Loyalists
17411,12,41,778.94,1,3,3,133,Inactive
17412,3,66,1258.06,1,4,4,144,Inactive
17414,44,6,778.0,3,1,3,313,Inactive
17415,80,14,507.84,4,2,3,423,Inactive
17416,30,269,6893.42,2,5,5,255,Potential Loyalists
17418,42,30,463.46000000000004,3,3,2,332,Potential Loyalists
17419,11,206,4226.57,1,5,5,155,Inactive
17420,50,30,598.83,3,3,3,333,Potential Loyalists
17422,16,117,1979.37,2,4,4,244,Potential Loyalists
17423,46,26,698.41,3,2,3,323,Inactive
17425,19,43,759.17,2,3,3,233,Potential Loyalists
17426,8,271,5037.26,1,5,5,155,Inactive
17427,72,2,100.8,3,1,1,311,Inactive
17428,1,328,17256.85,1,5,5,155,Inactive
17429,128,39,524.9200000000001,4,3,3,433,Potential Loyalists
17430,33,14,265.76,2,2,2,222,Inactive
17431,313,43,403.3,5,3,2,532,Potential Loyalists
17432,18,48,365.76,2,3,2,232,Potential Loyalists
17433,88,54,303.15999999999997,4,3,2,432,Potential Loyalists
17434,2,134,2373.82,1,5,5,155,Inactive
17436,2,9,216.29999999999998,1,1,1,111,Inactive
17438,254,17,388.45000000000005,5,2,2,522,Inactive
17440,157,5,186.42000000000002,4,1,1,411,Inactive
17442,37,135,2248.56,3,5,5,355,Consistent Buyers
17443,220,1,534.24,5,1,3,513,Inactive
17444,148,135,2940.04,4,5,5,455,VIP
17446,177,9,120.9,4,1,1,411,Inactive
17447,40,36,541.53,3,3,3,333,Potential Loyalists
17449,2,276,2519.21,1,5,5,155,Inactive
17450,8,336,194390.79,1,5,5,155,Inactive
17451,1,100,1721.4,1,4,4,144,Inactive
17453,18,19,486.71999999999997,2,2,2,222,Inactive
17454,192,61,517.53,5,4,3,543,Consistent Buyers
17455,204,8,131.7,5,1,1,511,Inactive
17456,365,17,249.86,5,2,2,522,Inactive
17457,127,19,1737.7,4,2,4,424,Inactive
17458,15,54,316.5,2,3,2,232,Potential Loyalists
17459,43,111,657.3,3,4,3,343,Consistent Buyers
17460,94,29,622.4300000000001,4,3,3,433,Potential Loyalists
17461,23,106,735.82,2,4,3,243,Potential Loyalists
17462,60,27,675.69,3,2,3,323,Inactive
17463,16,208,1875.86,2,5,4,254,Potential Loyalists
17464,158,9,289.96000000000004,4,1,2,412,Inactive
17466,10,41,763.28,1,3,3,133,Inactive
17468,10,5,137.0,1,1,1,111,Inactive
17469,16,88,1870.97,2,4,4,244,Potential Loyalists
17470,45,78,1125.07,3,4,4,344,Consistent Buyers
17472,191,174,697.54,5,5,3,553,Consistent Buyers
17475,79,14,194.37,4,2,1,421,Inactive
17480,78,29,511.82,4,3,3,433,Potential Loyalists
17481,4,82,1255.59,1,4,4,144,Inactive
17483,65,21,414.04,3,2,2,322,Inactive
17486,261,24,396.87,5,2,2,522,Inactive
17489,59,29,376.64,3,3,2,332,Potential Loyalists
17490,1,76,2092.32,1,4,5,145,Inactive
17491,1,109,3558.87,1,4,5,145,Inactive
17492,248,12,374.57,5,1,2,512,Inactive
17495,8,27,497.56,1,2,3,123,Inactive
17496,359,10,271.05,5,1,2,512,Inactive
17498,76,17,272.22,4,2,2,422,Inactive
17499,290,40,622.88,5,3,3,533,Potential Loyalists
17500,17,5,1138.0,2,1,4,214,Inactive
17501,221,18,288.6,5,2,2,522,Inactive
17502,9,28,689.1,1,2,3,123,Inactive
17503,3,38,558.96,1,3,3,133,Inactive
17504,206,127,2997.0299999999997,5,5,5,555,VIP
17505,162,52,1145.84,4,3,4,434,Potential Loyalists
17506,76,14,302.2,4,2,2,422,Inactive
17507,262,88,605.58,5,4,3,543,Consistent Buyers
17508,281,22,387.31,5,2,2,522,Inactive
17509,58,364,6083.64,3,5,5,355,Consistent Buyers
17510,25,20,308.48,2,2,2,222,Inactive
17511,3,963,91062.38,1,5,5,155,Inactive
17512,29,105,2924.9900000000002,2,4,5,245,Potential Loyalists
17513,72,6,513.2,3,1,3,313,Inactive
17514,128,40,208.65,4,3,1,431,Inactive
17515,31,87,639.02,2,4,3,243,Potential Loyalists
17516,15,135,764.88,2,5,3,253,Potential Loyalists
17517,309,11,153.94,5,1,1,511,Inactive
17519,17,82,1844.02,2,4,4,244,Potential Loyalists
17520,54,30,546.81,3,3,3,333,Potential Loyalists
17521,30,45,723.2099999999999,2,3,3,233,Potential Loyalists
17522,2,73,1070.71,1,4,4,144,Inactive
17523,11,33,652.74,1,3,3,133,Inactive
17524,361,6,145.0,5,1,1,511,Inactive
17525,360,9,422.70000000000005,5,1,2,512,Inactive
17526,5,19,1195.8999999999999,1,2,4,124,Inactive
17527,54,47,939.37,3,3,4,334,Potential Loyalists
17528,1,253,3628.5,1,5,5,155,Inactive
17530,1,390,2367.12,1,5,5,155,Inactive
17531,190,14,296.7,5,2,2,522,Inactive
17534,54,9,223.36,3,1,1,311,Inactive
17535,280,13,164.4,5,1,1,511,Inactive
17536,177,3,76.5,4,1,1,411,Inactive
17537,30,74,887.67,2,4,3,243,Potential Loyalists
17538,26,9,98.42,2,1,1,211,Inactive
17540,25,25,578.9,2,2,3,223,Inactive
17542,270,25,170.75,5,2,1,521,Inactive
17545,43,141,642.32,3,5,3,353,Consistent Buyers
17548,234,5,103.3,5,1,1,511,Inactive
17549,24,6,148.86,2,1,1,211,Inactive
17550,197,42,267.16,5,3,2,532,Potential Loyalists
17551,359,39,290.34,5,3,2,532,Potential Loyalists
17552,60,49,930.41,3,3,3,333,Potential Loyalists
17553,130,2,1487.6,4,1,4,414,Inactive
17554,1,88,1952.45,1,4,4,144,Inactive
17555,20,105,480.31,2,4,2,242,Potential Loyalists
17556,206,6,157.9,5,1,1,511,Inactive
17557,14,34,541.46,2,3,3,233,Potential Loyalists
17560,95,27,854.95,4,2,3,423,Inactive
17561,19,45,165.12,2,3,1,231,Inactive
17562,14,63,1122.38,2,4,4,244,Potential Loyalists
17564,24,49,454.01,2,3,2,232,Potential Loyalists
17566,8,142,869.77,1,5,3,153,Inactive
17567,7,165,4331.48,1,5,5,155,Inactive
17569,332,29,344.14,5,3,2,532,Potential Loyalists
17571,50,271,1425.67,3,5,4,354,Consistent Buyers
17572,71,12,226.75000000000003,3,1,1,311,Inactive
17573,29,25,380.6,2,2,2,222,Inactive
17574,243,8,185.65,5,1,1,511,Inactive
17576,8,402,3564.83,1,5,5,155,Inactive
17578,218,5,143.45999999999998,5,1,1,511,Inactive
17579,5,50,448.90000000000003,1,3,2,132,Inactive
17580,253,45,215.72,5,3,1,531,Inactive
17581,1,439,11025.24,1,5,5,155,Inactive
17582,236,29,175.27,5,3,1,531,Inactive
17584,7,35,1242.3,1,3,4,134,Inactive
17585,109,208,1116.68,4,5,4,454,VIP
17588,100,23,1240.2,4,2,4,424,Inactive
17589,60,253,2404.17,3,5,5,355,Consistent Buyers
17590,2,196,1468.02,1,5,4,154,Inactive
17591,73,157,2203.67,4,5,5,455,VIP
17593,4,212,3923.86,1,5,5,155,Inactive
17594,85,50,993.18,4,3,4,434,Potential Loyalists
17595,12,82,386.69,1,4,2,142,Inactive
17596,23,265,2806.69,2,5,5,255,Potential Loyalists
17597,214,55,2044.3700000000001,5,3,4,534,Potential Loyalists
17600,18,13,161.67000000000002,2,1,1,211,Inactive
17601,239,9,116.00999999999999,5,1,1,511,Inactive
17602,2,551,5054.42,1,5,5,155,Inactive
17603,78,11,394.72,4,1,2,412,Inactive
17604,217,63,309.36,5,4,2,542,Potential Loyalists
17608,33,56,191.99,2,3,1,231,Inactive
17609,41,233,1105.78,3,5,4,354,Consistent Buyers
17611,7,567,3961.12,1,5,5,155,Inactive
17612,53,135,2048.45,3,5,4,354,Consistent Buyers
17613,23,306,4544.55,2,5,5,255,Potential Loyalists
17614,57,98,386.32,3,4,2,342,Potential Loyalists
17615,130,14,329.6,4,2,2,422,Inactive
17616,174,3,571.1999999999999,4,1,3,413,Inactive
17618,6,67,930.28,1,4,3,143,Inactive
17619,312,74,214.37,5,4,1,541,Inactive
17620,60,4,81.44,3,1,1,311,Inactive
17621,21,26,1379.9,2,2,4,224,Inactive
17623,33,33,527.0500000000001,2,3,3,233,Potential Loyalists
17624,15,50,843.48,2,3,3,233,Potential Loyalists
17625,18,306,2020.4,2,5,4,254,Potential Loyalists
17628,81,5,75.75,4,1,1,411,Inactive
17629,6,123,1814.12,1,5,4,154,Inactive
17630,170,26,503.59999999999997,4,2,3,423,Inactive
17631,2,39,528.33,1,3,3,133,Inactive
17633,31,70,1324.84,2,4,4,244,Potential Loyalists
17634,36,296,2358.59,3,5,5,355,Consistent Buyers
17636,19,20,285.56,2,2,2,222,Inactive
17637,31,35,547.0600000000001,2,3,3,233,Potential Loyalists
17639,276,7,108.5,5,1,1,511,Inactive
17640,87,5,621.66,4,1,3,413,Inactive
17642,120,40,712.29,4,3,3,433,Potential Loyalists
17643,373,8,101.55,5,1,1,511,Inactive
17644,1,157,2895.64,1,5,5,155,Inactive
17646,219,51,1008.39,5,3,4,534,Potential Loyalists
17647,65,7,133.06,3,1,1,311,Inactive
17648,61,91,1797.5,3,4,4,344,Consistent Buyers
17649,138,52,868.49,4,3,3,433,Potential Loyalists
17650,21,8,166.08,2,1,1,211,Inactive
17651,12,232,3945.0,1,5,5,155,Inactive
17652,25,259,4867.72,2,5,5,255,Potential Loyalists
17653,37,44,1207.56,3,3,4,334,Potential Loyalists
17654,277,22,117.55,5,2,1,521,Inactive
17655,11,91,2638.94,1,4,5,145,Inactive
17656,73,82,1674.69,4,4,4,444,VIP
17658,26,19,595.42,2,2,3,223,Inactive
17659,17,158,2999.46,2,5,5,255,Potential Loyalists
17660,141,38,178.75,4,3,1,431,Inactive
17663,26,86,1802.91,2,4,4,244,Potential Loyalists
17664,19,43,604.64,2,3,3,233,Potential Loyalists
17666,4,18,728.16,1,2,3,123,Inactive
17667,66,117,2055.51,3,4,5,345,Consistent Buyers
17668,1,15,347.75,1,2,2,122,Inactive
17669,43,68,3406.7200000000003,3,4,5,345,Consistent Buyers
17670,228,11,205.7,5,1,1,511,Inactive
17671,16,53,1572.71,2,3,4,234,Potential Loyalists
17672,50,110,3178.17,3,4,5,345,Consistent Buyers
17673,2,218,1594.97,1,5,4,154,Inactive
17674,74,27,551.04,4,2,3,423,Inactive
17675,1,705,20374.28,1,5,5,155,Inactive
17676,4,77,1371.18,1,4,4,144,Inactive
17677,2,303,16345.38,1,5,5,155,Inactive
17678,264,16,298.11,5,2,2,522,Inactive
17679,53,30,1992.1100000000001,3,3,4,334,Potential Loyalists
17680,24,11,184.4,2,1,1,211,Inactive
17682,10,118,2474.33,1,4,5,145,Inactive
17684,44,15,239.41,3,2,1,321,Inactive
17685,17,127,3155.83,2,5,5,255,Potential Loyalists
17686,7,286,5739.46,1,5,5,155,Inactive
17690,30,252,4726.8,2,5,5,255,Potential Loyalists
17691,358,19,290.40000000000003,5,2,2,522,Inactive
17692,127,46,740.9399999999999,4,3,3,433,Potential Loyalists
17693,137,16,200.47,4,2,1,421,Inactive
17694,142,15,283.12,4,2,2,422,Inactive
17695,132,35,765.34,4,3,3,433,Potential Loyalists
17696,38,115,2285.71,3,4,5,345,Consistent Buyers
17697,236,19,338.95,5,2,2,522,Inactive
17698,261,8,154.95,5,1,1,511,Inactive
17700,17,142,2534.64,2,5,5,255,Potential Loyalists
17701,253,24,417.95,5,2,2,522,Inactive
17702,30,74,1824.37,2,4,4,244,Potential Loyalists
17703,35,55,798.74,3,3,3,333,Potential Loyalists
17704,169,31,885.19,4,3,3,433,Potential Loyalists
17705,3,103,1823.52,1,4,4,144,Inactive
17706,4,382,10504.49,1,5,5,155,Inactive
17707,185,5,152.4,5,1,1,511,Inactive
17708,188,34,263.33,5,3,2,532,Potential Loyalists
17709,170,7,137.45,4,1,1,411,Inactive
17711,11,23,385.1,1,2,2,122,Inactive
17712,45,29,522.91,3,3,3,333,Potential Loyalists
17714,321,10,153.0,5,1,1,511,Inactive
17715,201,1,326.4,5,1,2,512,Inactive
17716,23,245,5655.99,2,5,5,255,Potential Loyalists
17718,232,6,139.35,5,1,1,511,Inactive
17719,38,274,5396.04,3,5,5,355,Consistent Buyers
17720,26,50,1195.94,2,3,4,234,Potential Loyalists
17722,96,115,2424.04,4,4,5,445,VIP
17723,127,10,3276.4000000000005,4,1,5,415,Inactive
17724,71,40,1033.0,3,3,4,334,Potential Loyalists
17725,16,192,3439.08,2,5,5,255,Potential Loyalists
17727,15,66,1060.25,2,4,4,244,Potential Loyalists
17728,4,165,2876.01,1,5,5,155,Inactive
17730,3,218,5298.4800000000005,1,5,5,155,Inactive
17731,79,67,1240.11,4,4,4,444,VIP
17732,373,18,303.97,5,2,2,522,Inactive
17733,39,35,692.19,3,3,3,333,Potential Loyalists
17734,54,43,700.63,3,3,3,333,Potential Loyalists
17735,2,690,13110.02,1,5,5,155,Inactive
17736,9,25,377.44,1,2,2,122,Inactive
17737,9,10,168.24,1,1,1,111,Inactive
17738,19,97,1879.05,2,4,4,244,Potential Loyalists
17739,12,47,2791.35,1,3,5,135,Inactive
17742,113,15,355.11,4,2,2,422,Inactive
17744,4,136,2322.4,1,5,5,155,Inactive
17746,240,6,110.25,5,1,1,511,Inactive
17747,113,1,71.4,4,1,1,411,Inactive
17749,178,35,674.52,4,3,3,433,Potential Loyalists
17750,5,184,1710.45,1,5,4,154,Inactive
17752,359,1,80.64,5,1,1,511,Inactive
17754,1,89,1664.65,1,4,4,144,Inactive
17757,1,740,5593.39,1,5,5,155,Inactive
17758,19,404,3408.2000000000003,2,5,5,255,Potential Loyalists
17759,17,90,819.96,2,4,3,243,Potential Loyalists
17760,22,25,287.59,2,2,2,222,Inactive
17761,33,19,712.78,2,2,3,223,Inactive
17763,263,1,15.0,5,1,1,511,Inactive
17764,51,71,772.55,3,4,3,343,Consistent Buyers
17765,159,56,367.63,4,3,2,432,Potential Loyalists
17767,15,21,271.2,2,2,2,222,Inactive
17768,8,98,2081.9,1,4,5,145,Inactive
17769,13,304,3957.43,1,5,5,155,Inactive
17770,199,38,1143.27,5,3,4,534,Potential Loyalists
17771,57,54,245.81,3,3,1,331,Inactive
17772,11,50,173.45,1,3,1,131,Inactive
17774,97,153,1213.73,4,5,4,454,VIP
17775,255,3,56.4,5,1,1,511,Inactive
17777,25,190,647.56,2,5,3,253,Potential Loyalists
17779,21,81,650.32,2,4,3,243,Potential Loyalists
17781,159,12,188.02,4,1,1,411,Inactive
17783,72,67,283.47,3,4,2,342,Potential Loyalists
17785,53,13,131.94,3,1,1,311,Inactive
17786,85,68,266.85,4,4,2,442,Potential Loyalists
17787,153,128,1817.54,4,5,4,454,VIP
17788,74,5,1117.9,4,1,4,414,Inactive
17789,281,14,225.9,5,2,1,521,Inactive
17790,27,189,1964.3,2,5,4,254,Potential Loyalists
17791,30,10,106.1,2,1,1,211,Inactive
17793,25,52,300.34,2,3,2,232,Potential Loyalists
17795,180,45,342.83,5,3,2,532,Potential Loyalists
17796,40,81,690.0,3,4,3,343,Consistent Buyers
17797,22,111,780.43,2,4,3,243,Potential Loyalists
17799,22,404,3039.17,2,5,5,255,Potential Loyalists
17800,37,103,1187.21,3,4,4,344,Consistent Buyers
17802,82,140,1285.04,4,5,4,454,VIP
17805,74,10,512.31,4,1,3,413,Inactive
17806,11,43,546.04,1,3,3,133,Inactive
17809,16,61,5411.91,2,4,5,245,Potential Loyalists
17811,4,828,7761.82,1,5,5,155,Inactive
17812,13,133,699.81,1,5,3,153,Inactive
17813,14,348,1698.07,2,5,4,254,Potential Loyalists
17816,37,17,36.56,3,2,1,321,Inactive
17817,4,33,387.68,1,3,2,132,Inactive
17819,72,48,3704.87,3,3,5,335,Potential Loyalists
17824,51,13,298.4,3,1,2,312,Inactive
17827,5,215,1987.33,1,5,4,154,Inactive
17828,23,67,1820.09,2,4,4,244,Potential Loyalists
17829,299,30,889.24,5,3,3,533,Potential Loyalists
17830,2,23,398.7,1,2,2,122,Inactive
17831,33,2,35.400000000000006,2,1,1,211,Inactive
17832,50,61,155.37,3,4,1,341,Inactive
17835,3,59,342.24,1,4,2,142,Inactive
17836,47,24,110.21000000000001,3,2,1,321,Inactive
17837,42,162,1541.23,3,5,4,354,Consistent Buyers
17838,27,117,2720.8,2,4,5,245,Potential Loyalists
17839,42,52,318.15,3,3,2,332,Potential Loyalists
17841,2,7676,40519.84,1,5,5,155,Inactive
17843,303,37,205.48,5,3,1,531,Inactive
17844,107,5,51.559999999999995,4,1,1,411,Inactive
17846,85,1,2033.1,4,1,4,414,Inactive
17848,81,51,901.1999999999999,4,3,3,433,Potential Loyalists
17849,218,26,605.8000000000001,5,2,3,523,Inactive
17850,372,297,5391.21,5,5,5,555,VIP
17852,12,24,114.34,1,2,1,121,Inactive
17854,185,15,311.26,5,2,2,522,Inactive
17855,373,17,208.97,5,2,1,521,Inactive
17856,2,15,1418.03,1,2,4,124,Inactive
17857,4,54,26879.04,1,3,5,135,Inactive
17858,6,197,5140.66,1,5,5,155,Inactive
17859,305,23,141.92000000000002,5,2,1,521,Inactive
17860,369,52,226.45000000000002,5,3,1,531,Inactive
17861,3,219,2097.88,1,5,5,155,Inactive
17862,324,11,330.9,5,1,2,512,Inactive
17863,59,148,3160.0,3,5,5,355,Consistent Buyers
17864,13,90,554.85,1,4,3,143,Inactive
17865,31,370,10526.32,2,5,5,255,Potential Loyalists
17866,143,9,329.65,4,1,2,412,Inactive
17867,30,68,1157.8700000000001,2,4,4,244,Potential Loyalists
17869,107,40,428.18,4,3,2,432,Potential Loyalists
17870,2,270,1865.89,1,5,4,154,Inactive
17871,205,10,155.9,5,1,1,511,Inactive
17873,80,43,1848.96,4,3,4,434,Potential Loyalists
17874,185,46,683.46,5,3,3,533,Potential Loyalists
17877,170,12,237.61,4,1,1,411,Inactive
17878,44,26,379.45,3,2,2,322,Inactive
17879,174,6,178.51999999999998,4,1,1,411,Inactive
17880,365,26,458.92,5,2,2,522,Inactive
17881,304,8,133.35000000000002,5,1,1,511,Inactive
17883,3,142,664.34,1,5,3,153,Inactive
17884,4,113,695.0699999999999,1,4,3,143,Inactive
17885,12,53,156.34,1,3,1,131,Inactive
17886,32,102,869.28,2,4,3,243,Potential Loyalists
17887,129,10,111.35,4,1,1,411,Inactive
17888,21,65,716.0,2,4,3,243,Potential Loyalists
17889,212,20,201.37,5,2,1,521,Inactive
17890,323,91,586.89,5,4,3,543,Consistent Buyers
17891,162,34,203.85999999999999,4,3,1,431,Inactive
17892,56,28,244.1,3,2,1,321,Inactive
17893,225,15,107.21,5,2,1,521,Inactive
17894,72,192,1118.96,3,5,4,354,Consistent Buyers
17895,44,15,95.45,3,2,1,321,Inactive
17896,23,2,256.32,2,1,2,212,Inactive
17897,173,108,541.8100000000001,4,4,3,443,Consistent Buyers
17898,85,28,152.06,4,2,1,421,Inactive
17899,159,31,154.55,4,3,1,431,Inactive
17900,190,6,112.19999999999999,5,1,1,511,Inactive
17901,29,19,110.38,2,2,1,221,Inactive
17904,21,34,181.07,2,3,1,231,Inactive
17905,71,33,798.99,3,3,3,333,Potential Loyalists
17906,247,12,72.9,5,1,1,511,Inactive
17908,374,54,232.03,5,3,1,531,Inactive
17911,9,39,366.23,1,3,2,132,Inactive
17912,310,37,310.06,5,3,2,532,Potential Loyalists
17913,59,58,408.65,3,4,2,342,Potential Loyalists
17914,4,75,329.36,1,4,2,142,Inactive
17917,45,92,335.03,3,4,2,342,Potential Loyalists
17919,88,23,1304.04,4,2,4,424,Inactive
17920,4,665,4119.5,1,5,5,155,Inactive
17921,64,142,820.23,3,5,3,353,Consistent Buyers
17923,282,1,207.50000000000003,5,1,1,511,Inactive
17924,12,31,2962.5,1,3,5,135,Inactive
17925,373,1,244.08,5,1,1,511,Inactive
17926,133,21,397.29,4,2,2,422,Inactive
17928,45,23,212.54,3,2,1,321,Inactive
17929,11,5,843.0,1,1,3,113,Inactive
17930,36,39,1740.48,3,3,4,334,Potential Loyalists
17931,134,65,408.36,4,4,2,442,Potential Loyalists
17932,29,90,1331.57,2,4,4,244,Potential Loyalists
17934,52,21,704.25,3,2,3,323,Inactive
17935,138,29,145.79,4,3,1,431,Inactive
17936,5,72,380.13,1,4,2,142,Inactive
17937,9,43,4301.22,1,3,5,135,Inactive
17939,160,12,99.14,4,1,1,411,Inactive
17940,49,18,4020.04,3,2,5,325,Inactive
17941,131,2,304.56,4,1,2,412,Inactive
17942,8,2,77.50000000000001,1,1,1,111,Inactive
17946,233,20,149.57999999999998,5,2,1,521,Inactive
17947,37,9,176.68,3,1,1,311,Inactive
17948,147,1,358.56000000000006,4,1,2,412,Inactive
17949,1,70,58510.48,1,4,5,145,Inactive
17950,72,71,482.2,3,4,2,342,Potential Loyalists
17951,40,20,1008.5400000000001,3,2,4,324,Inactive
17954,5,477,2314.13,1,5,5,155,Inactive
17955,199,19,557.3,5,2,3,523,Inactive
17956,249,1,12.75,5,1,1,511,Inactive
17957,66,31,111.68,3,3,1,331,Inactive
17958,117,7,508.4599999999999,4,1,3,413,Inactive
17960,171,26,73.78,4,2,1,421,Inactive
17961,21,249,1296.44,2,5,4,254,Potential Loyalists
17962,142,34,102.41,4,3,1,431,Inactive
17964,32,98,463.21,2,4,2,242,Potential Loyalists
17965,38,325,2599.19,3,5,5,355,Consistent Buyers
17966,38,68,1098.43,3,4,4,344,Consistent Buyers
17967,372,42,112.27,5,3,1,531,Inactive
17968,374,81,265.1,5,4,2,542,Potential Loyalists
17969,166,14,228.2,4,2,1,421,Inactive
17970,211,29,562.79,5,3,3,533,Potential Loyalists
17972,242,30,135.19,5,3,1,531,Inactive
17973,52,15,337.04,3,2,2,322,Inactive
17974,25,165,703.99,2,5,3,253,Potential Loyalists
17975,15,293,4483.26,2,5,5,255,Potential Loyalists
17976,372,57,321.79,5,4,2,542,Potential Loyalists
17977,29,21,288.14,2,2,2,222,Inactive
17978,365,12,300.91999999999996,5,1,2,512,Inactive
17979,36,138,732.41,3,5,3,353,Consistent Buyers
17980,166,30,811.45,4,3,3,433,Potential Loyalists
17984,145,48,152.68,4,3,1,431,Inactive
17985,22,21,631.35,2,2,3,223,Inactive
17986,56,1,20.8,3,1,1,311,Inactive
17987,185,13,198.57,5,1,1,511,Inactive
17988,12,38,201.12,1,3,1,131,Inactive
17990,237,29,630.84,5,3,3,533,Potential Loyalists
17991,225,5,93.35,5,1,1,511,Inactive
17994,122,79,674.89,4,4,3,443,Consistent Buyers
17995,282,2,76.1,5,1,1,511,Inactive
17997,74,164,1962.46,4,5,4,454,VIP
17999,37,91,380.39,3,4,2,342,Potential Loyalists
18001,12,57,415.13,1,4,2,142,Inactive
18004,362,37,157.92,5,3,1,531,Inactive
18005,4,53,226.47,1,3,1,131,Inactive
18006,23,22,444.68,2,2,2,222,Inactive
18008,70,30,2116.19,3,3,5,335,Potential Loyalists
18009,235,31,247.39,5,3,1,531,Inactive
18010,257,14,174.8,5,2,1,521,Inactive
18011,373,28,102.78999999999999,5,2,1,521,Inactive
18013,155,31,187.29,4,3,1,431,Inactive
18014,28,30,162.22,2,3,1,231,Inactive
18015,4,46,120.03,1,3,1,131,Inactive
18016,32,122,1477.66,2,5,4,254,Potential Loyalists
18017,81,3,523.0,4,1,3,413,Inactive
18018,108,29,122.14,4,3,1,431,Inactive
18019,52,5,38.45,3,1,1,311,Inactive
18022,36,164,612.72,3,5,3,353,Consistent Buyers
18024,153,21,389.78,4,2,2,422,Inactive
18027,99,21,115.31,4,2,1,421,Inactive
18030,4,9,230.64999999999998,1,1,1,111,Inactive
18032,334,5,73.5,5,1,1,511,Inactive
18033,65,33,93.82000000000001,3,3,1,331,Inactive
18034,22,110,418.68,2,4,2,242,Potential Loyalists
18035,36,49,713.89,3,3,3,333,Potential Loyalists
18036,32,94,403.12,2,4,2,242,Potential Loyalists
18037,154,19,70.02,4,2,1,421,Inactive
18040,19,19,357.20000000000005,2,2,2,222,Inactive
18041,12,458,4097.37,1,5,5,155,Inactive
18042,54,7,165.04999999999998,3,1,1,311,Inactive
18043,25,115,529.29,2,4,3,243,Potential Loyalists
18044,4,127,2088.6,1,5,5,155,Inactive
18045,45,43,178.34,3,3,1,331,Inactive
18048,203,7,172.29000000000002,5,1,1,511,Inactive
18050,359,5,74.4,5,1,1,511,Inactive
18053,71,20,300.02,3,2,2,322,Inactive
18055,7,358,6761.34,1,5,5,155,Inactive
18056,288,19,363.65,5,2,2,522,Inactive
18058,10,3,170.16,1,1,1,111,Inactive
18059,23,19,306.46,2,2,2,222,Inactive
18061,22,46,2119.41,2,3,5,235,Potential Loyalists
18062,173,27,720.52,4,2,3,423,Inactive
18064,133,7,814.0,4,1,3,413,Inactive
18065,6,137,2392.83,1,5,5,155,Inactive
18066,75,10,318.0,4,1,2,412,Inactive
18067,40,37,396.33,3,3,2,332,Potential Loyalists
18068,289,1,101.69999999999999,5,1,1,511,Inactive
18069,26,457,2009.24,2,5,4,254,Potential Loyalists
18071,258,25,453.0,5,2,2,522,Inactive
18072,186,18,247.44,5,2,1,521,Inactive
18073,114,72,3859.82,4,4,5,445,VIP
18074,374,13,489.6,5,1,3,513,Inactive
18075,23,142,2611.75,2,5,5,255,Potential Loyalists
18077,8,223,2584.41,1,5,5,155,Inactive
18078,217,29,336.13,5,3,2,532,Potential Loyalists
18079,45,123,3613.15,3,5,5,355,Consistent Buyers
18080,19,2,1231.5,2,1,4,214,Inactive
18081,36,17,343.45,3,2,2,322,Inactive
18082,26,70,680.84,2,4,3,243,Potential Loyalists
18084,16,1,90.47999999999999,2,1,1,211,Inactive
18085,330,29,689.95,5,3,3,533,Potential Loyalists
18086,274,7,101.34,5,1,1,511,Inactive
18087,98,2,4055.7199999999993,4,1,5,415,Inactive
18088,61,37,166.03,3,3,1,331,Inactive
18092,2,89,9068.26,1,4,5,145,Inactive
18093,93,36,2106.52,4,3,5,435,Potential Loyalists
18094,82,70,3017.3,4,4,5,445,VIP
18095,313,21,580.0500000000001,5,2,3,523,Inactive
18096,12,196,849.06,1,5,3,153,Inactive
18097,8,106,2662.4,1,4,5,145,Inactive
18099,127,19,168.31,4,2,1,421,Inactive
18101,11,40,222.4,1,3,1,131,Inactive
18102,1,431,259657.3,1,5,5,155,Inactive
18104,37,38,754.64,3,3,3,333,Potential Loyalists
18105,38,18,113.48000000000002,3,2,1,321,Inactive
18106,330,37,421.9,5,3,2,532,Potential Loyalists
18108,254,17,271.0,5,2,2,522,Inactive
18109,2,441,8004.92,1,5,5,155,Inactive
18110,20,37,198.8,2,3,1,231,Inactive
18112,12,26,352.69,1,2,2,122,Inactive
18113,369,1,76.32000000000001,5,1,1,511,Inactive
18114,290,28,220.1,5,2,1,521,Inactive
18116,68,371,1403.1100000000001,3,5,4,354,Consistent Buyers
18117,26,72,315.65,2,4,2,242,Potential Loyalists
18118,11,1263,5625.08,1,5,5,155,Inactive
18119,368,29,180.7,5,3,1,531,Inactive
18120,214,17,111.15,5,2,1,521,Inactive
18121,149,31,653.3,4,3,3,433,Potential Loyalists
18122,8,357,1793.06,1,5,4,154,Inactive
18123,24,34,574.4399999999999,2,3,3,233,Potential Loyalists
18125,30,192,1131.75,2,5,4,254,Potential Loyalists
18126,61,52,200.92000000000002,3,3,1,331,Inactive
18127,19,46,347.08,2,3,2,232,Potential Loyalists
18129,243,14,112.55000000000001,5,2,1,521,Inactive
18130,15,70,1059.39,2,4,4,244,Potential Loyalists
18133,212,1,931.4999999999999,5,1,3,513,Inactive
18135,29,20,681.9100000000001,2,2,3,223,Inactive
18136,63,38,784.33,3,3,3,333,Potential Loyalists
18138,295,8,152.65,5,1,1,511,Inactive
18139,18,159,8438.34,2,5,5,255,Potential Loyalists
18142,157,15,1019.52,4,2,4,424,Inactive
18143,117,61,1000.16,4,4,4,444,VIP
18144,8,43,2888.75,1,3,5,135,Inactive
18145,13,221,2861.55,1,5,5,155,Inactive
18146,141,10,160.35000000000002,4,1,1,411,Inactive
18147,46,7,179.33999999999997,3,1,1,311,Inactive
18149,51,16,612.0799999999999,3,2,3,323,Inactive
18150,32,37,566.58,2,3,3,233,Potential Loyalists
18151,135,38,653.35,4,3,3,433,Potential Loyalists
18154,3,21,399.19,1,2,2,122,Inactive
18155,75,25,371.62,4,2,2,422,Inactive
18156,13,122,675.64,1,5,3,153,Inactive
18158,9,34,453.4,1,3,2,132,Inactive
18159,301,23,530.15,5,2,3,523,Inactive
18160,57,39,638.0600000000001,3,3,3,333,Potential Loyalists
18161,15,80,1618.69,2,4,4,244,Potential Loyalists
18164,37,24,399.65000000000003,3,2,2,322,Inactive
18165,177,10,302.46000000000004,4,1,2,412,Inactive
18167,23,37,1384.8600000000001,2,3,4,234,Potential Loyalists
18168,176,130,1160.04,4,5,4,454,VIP
18169,61,9,202.65,3,1,1,311,Inactive
18170,33,38,980.31,2,3,4,234,Potential Loyalists
18171,59,54,1231.31,3,3,4,334,Potential Loyalists
18172,15,189,7561.68,2,5,5,255,Potential Loyalists
18173,87,31,2106.84,4,3,5,435,Potential Loyalists
18174,7,1,104.0,1,1,1,111,Inactive
18176,358,30,476.35,5,3,2,532,Potential Loyalists
18177,31,73,1340.8700000000001,2,4,4,244,Potential Loyalists
18178,129,97,1590.81,4,4,4,444,VIP
18179,9,90,1793.17,1,4,4,144,Inactive
18180,5,119,1843.75,1,4,4,144,Inactive
18181,24,41,366.85,2,3,2,232,Potential Loyalists
18183,227,37,632.07,5,3,3,533,Potential Loyalists
18184,15,1,49.8,2,1,1,211,Inactive
18185,249,17,304.25,5,2,2,522,Inactive
18188,15,71,2001.04,2,4,4,244,Potential Loyalists
18189,78,68,1090.24,4,4,4,444,VIP
18190,192,15,284.46000000000004,5,2,2,522,Inactive
18191,262,7,207.79999999999998,5,1,1,511,Inactive
18192,72,45,957.97,3,3,4,334,Potential Loyalists
18193,165,16,243.76,4,2,1,421,Inactive
18194,82,7,973.8399999999999,4,1,4,414,Inactive
18196,95,139,686.63,4,5,3,453,Consistent Buyers
18198,4,159,5425.56,1,5,5,155,Inactive
18200,106,30,150.35,4,3,1,431,Inactive
18202,200,68,1396.99,5,4,4,544,VIP
18203,157,19,160.42000000000002,4,2,1,421,Inactive
18204,71,192,1975.35,3,5,4,354,Consistent Buyers
18205,36,32,517.36,3,3,3,333,Potential Loyalists
18209,29,8,139.10000000000002,2,1,1,211,Inactive
18210,2,134,2621.38,1,5,5,155,Inactive
18211,26,42,600.07,2,3,3,233,Potential Loyalists
18212,326,34,216.07,5,3,1,531,Inactive
18213,237,15,232.48000000000002,5,2,1,521,Inactive
18215,89,13,299.34000000000003,4,1,2,412,Inactive
18216,31,26,481.75,2,2,2,222,Inactive
18217,29,31,621.75,2,3,3,233,Potential Loyalists
18218,211,20,641.92,5,2,3,523,Inactive
18219,3,114,2069.77,1,4,5,145,Inactive
18220,227,2,305.28000000000003,5,1,2,512,Inactive
18221,22,64,1041.61,2,4,4,244,Potential Loyalists
18222,93,19,443.0,4,2,2,422,Inactive
18223,5,272,6484.54,1,5,5,155,Inactive
18224,264,10,158.95000000000002,5,1,1,511,Inactive
18225,3,269,5504.96,1,5,5,155,Inactive
18226,44,242,5228.05,3,5,5,355,Consistent Buyers
18227,218,5,93.75,5,1,1,511,Inactive
18228,57,30,779.9,3,3,3,333,Potential Loyalists
18229,12,164,7276.900000000001,1,5,5,155,Inactive
18230,9,86,2810.2000000000003,1,4,5,145,Inactive
18231,192,123,2071.77,5,5,5,555,VIP
18232,82,37,592.97,4,3,3,433,Potential Loyalists
18233,326,1,440.0,5,1,2,512,Inactive
18235,72,104,1796.48,3,4,4,344,Consistent Buyers
18236,30,49,882.24,2,3,3,233,Potential Loyalists
18237,3,61,987.1,1,4,4,144,Inactive
18239,219,88,1561.6100000000001,5,4,4,544,VIP
18240,46,6,422.58,3,1,2,312,Inactive
18241,10,104,2073.09,1,4,5,145,Inactive
18242,72,78,2232.4900000000002,3,4,5,345,Consistent Buyers
18245,7,175,2567.06,1,5,5,155,Inactive
18246,24,4,596.1,2,1,3,213,Inactive
18248,123,47,804.02,4,3,3,433,Potential Loyalists
18249,17,8,95.34,2,1,1,211,Inactive
18250,310,21,349.27,5,2,2,522,Inactive
18251,87,16,4314.72,4,2,5,425,Inactive
18252,51,94,518.27,3,4,3,343,Consistent Buyers
18255,89,6,103.3,4,1,1,411,Inactive
18257,39,118,2337.63,3,4,5,345,Consistent Buyers
18259,25,42,2338.6000000000004,2,3,5,235,Potential Loyalists
18260,173,133,2628.35,4,5,5,455,VIP
18261,43,21,324.24,3,2,2,322,Inactive
18262,140,13,149.48,4,1,1,411,Inactive
18263,26,61,1213.1599999999999,2,4,4,244,Potential Loyalists
18265,72,46,801.51,3,3,3,333,Potential Loyalists
18268,134,1,25.5,4,1,1,411,Inactive
18269,366,7,168.6,5,1,1,511,Inactive
18270,38,11,283.15,3,1,2,312,Inactive
18272,3,166,3078.58,1,5,5,155,Inactive
18273,2,3,204.0,1,1,1,111,Inactive
18274,30,11,175.92,2,1,1,211,Inactive
18276,44,14,335.86,3,2,2,322,Inactive
18277,58,8,110.38,3,1,1,311,Inactive
18278,74,9,173.9,4,1,1,411,Inactive
18280,278,10,180.60000000000002,5,1,1,511,Inactive
18281,181,7,80.82,5,1,1,511,Inactive
18282,8,12,178.05,1,1,1,111,Inactive
18283,4,721,2045.53,1,5,4,154,Inactive
18287,43,70,1837.28,3,4,4,344,Consistent Buyers
