Description,Recency,Frequency,Monetary,R,F,M,RFM_score,Segment
 4 PURPLE FLOCK DINNER CANDLES,2,37,265.65999999999997,1,3,2,132,Inactive product or newly launched
 50'S CHRISTMAS GIFT BAG LARGE,1,109,2272.25,1,4,4,144,Inactive product or newly launched
 DOLLY GIRL BEAKER,1,135,2754.5,1,4,5,145,Inactive product or newly launched
 I LOVE LONDON MINI BACKPACK,2,69,1449.8500000000001,1,3,4,134,Inactive product or newly launched
 I LOVE LONDON MINI RUCKSACK,65,1,4.15,4,1,1,411,Inactive product or newly launched
 NINE DRAWER OFFICE TIDY,2,30,777.9,1,3,3,133,Inactive product or newly launched
 OVAL WALL MIRROR DIAMANTE ,1,59,1050.0,1,3,4,134,Inactive product or newly launched
 RED SPOT GIFT BAG LARGE,1,92,2023.5,1,4,4,144,Inactive product or newly launched
 SET 2 TEA TOWELS I LOVE LONDON ,170,197,7190.95,5,5,5,555,MVP
 SPACEBOY BABY GIFT SET,1,142,7048.549999999999,1,4,5,145,Inactive product or newly launched
 TOADSTOOL BEDSIDE LIGHT ,178,1,17.9,5,1,1,511,Inactive product or newly launched
 TRELLIS COAT RACK,7,47,1016.5500000000001,3,3,4,334,Potential products
10 COLOUR SPACEBOY PEN,2,243,5209.17,1,5,5,155,Inactive product or newly launched
12 COLOURED PARTY BALLOONS,3,142,1359.65,2,4,4,244,Potential products
12 DAISY PEGS IN WOOD BOX,55,66,531.3,4,3,3,433,Potential products
12 EGG HOUSE PAINTED WOOD,1,64,1425.27,1,3,4,134,Inactive product or newly launched
12 HANGING EGGS HAND PAINTED,2,8,83.2,1,2,2,122,Inactive product or newly launched
12 IVORY ROSE PEG PLACE SETTINGS,89,92,936.25,4,4,4,444,MVP
12 MESSAGE CARDS WITH ENVELOPES,1,194,2578.6499999999996,1,5,4,154,Inactive product or newly launched
12 PENCIL SMALL TUBE WOODLAND,1,286,2545.3,1,5,4,154,Inactive product or newly launched
12 PENCILS SMALL TUBE RED RETROSPOT,1,311,4096.650000000001,1,5,5,155,Inactive product or newly launched
12 PENCILS SMALL TUBE SKULL,1,299,4230.55,1,5,5,155,Inactive product or newly launched
12 PENCILS TALL TUBE POSY,54,173,1161.1799999999998,4,5,4,454,MVP
12 PENCILS TALL TUBE RED RETROSPOT,2,243,2240.31,1,5,4,154,Inactive product or newly launched
12 PENCILS TALL TUBE SKULLS,1,218,1705.6599999999999,1,5,4,154,Inactive product or newly launched
12 PENCILS TALL TUBE WOODLAND,1,209,1571.6499999999999,1,5,4,154,Inactive product or newly launched
12 PINK HEN+CHICKS IN BASKET,233,14,104.55,5,2,2,522,Inactive product or newly launched
12 PINK ROSE PEG PLACE SETTINGS,140,21,267.5,5,2,2,522,Inactive product or newly launched
12 RED ROSE PEG PLACE SETTINGS,1,81,490.0,1,4,3,143,Inactive product or newly launched
15 PINK FLUFFY CHICKS IN BOX,36,7,29.5,4,1,1,411,Inactive product or newly launched
15CM CHRISTMAS GLASS BALL 20 LIGHTS,2,216,9374.7,1,5,5,155,Inactive product or newly launched
16 PC CUTLERY SET PANTRY DESIGN,200,1,63.8,5,1,1,511,Inactive product or newly launched
16 PIECE CUTLERY SET PANTRY DESIGN,2,46,3018.2999999999997,1,3,5,135,Inactive product or newly launched
18PC WOODEN CUTLERY SET DISPOSABLE,59,24,595.15,4,2,3,423,Inactive product or newly launched
2 DAISIES HAIR COMB,77,1,17.700000000000003,4,1,1,411,Inactive product or newly launched
2 PICTURE BOOK EGGS EASTER BUNNY,30,19,197.5,4,2,2,422,Inactive product or newly launched
2 PICTURE BOOK EGGS EASTER CHICKS,2,19,201.25,1,2,2,122,Inactive product or newly launched
2 PICTURE BOOK EGGS EASTER DUCKS,30,16,143.75,4,2,2,422,Inactive product or newly launched
20 DOLLY PEGS RETROSPOT,1,184,3017.5,1,5,5,155,Inactive product or newly launched
200 BENDY SKULL STRAWS,3,41,705.0500000000001,2,3,3,233,Potential products
200 RED + WHITE BENDY STRAWS,2,120,912.27,1,4,3,143,Inactive product or newly launched
3 BIRDS CANVAS SCREEN,131,2,2.04,4,1,1,411,Inactive product or newly launched
3 BLACK CATS W HEARTS BLANK CARD,15,3,4.5600000000000005,3,1,1,311,Inactive product or newly launched
3 DRAWER ANTIQUE WHITE WOOD CABINET,1,187,6124.13,1,5,5,155,Inactive product or newly launched
3 GARDENIA MORRIS BOXED CANDLES,17,73,840.29,3,4,3,343,Selling consistently
3 HEARTS HANGING DECORATION RUSTIC,2,262,8013.71,1,5,5,155,Inactive product or newly launched
3 HOOK HANGER MAGIC GARDEN,72,95,2911.6499999999996,4,4,5,445,MVP
3 HOOK PHOTO SHELF ANTIQUE WHITE,1,304,12160.08,1,5,5,155,Inactive product or newly launched
3 PIECE SPACEBOY COOKIE CUTTER SET,1,299,5026.240000000001,1,5,5,155,Inactive product or newly launched
3 PINK HEN+CHICKS IN BASKET,239,6,15.0,5,1,1,511,Inactive product or newly launched
3 RAFFIA RIBBONS 50'S CHRISTMAS ,2,135,1624.5,1,4,4,144,Inactive product or newly launched
3 RAFFIA RIBBONS VINTAGE CHRISTMAS,2,44,606.28,1,3,3,133,Inactive product or newly launched
3 ROSE MORRIS BOXED CANDLES,3,138,1555.64,2,4,4,244,Potential products
3 STRIPEY MICE FELTCRAFT,1,406,5460.5,1,5,5,155,Inactive product or newly launched
3 TIER CAKE TIN GREEN AND CREAM,4,137,4924.66,2,4,5,245,Potential products
3 TIER CAKE TIN RED AND CREAM,1,136,8737.78,1,4,5,145,Inactive product or newly launched
3 TIER SWEETHEART GARDEN SHELF,17,43,1938.2500000000002,3,3,4,334,Potential products
3 TRADITIONAL COOKIE CUTTERS  SET,324,4,304.20000000000005,5,1,2,512,Inactive product or newly launched
3 TRADITIONAl BISCUIT CUTTERS  SET,3,203,2418.0200000000004,2,5,4,254,Potential products
3 WHITE CHOC MORRIS BOXED CANDLES,2,92,1357.44,1,4,4,144,Inactive product or newly launched
3 WICK CHRISTMAS BRIAR CANDLE ,318,1,7.5,5,1,1,511,Inactive product or newly launched
36 DOILIES DOLLY GIRL,22,74,1294.85,3,4,4,344,Selling consistently
36 DOILIES VINTAGE CHRISTMAS,33,160,7004.799999999999,4,5,5,455,MVP
36 FOIL HEART CAKE CASES,1,173,3814.3700000000003,1,5,5,155,Inactive product or newly launched
36 FOIL STAR CAKE CASES ,1,109,1912.3400000000001,1,4,4,144,Inactive product or newly launched
36 PENCILS TUBE POSY,123,11,33.75,4,2,1,421,Inactive product or newly launched
36 PENCILS TUBE RED RETROSPOT,2,230,4227.26,1,5,5,155,Inactive product or newly launched
36 PENCILS TUBE SKULLS,1,182,2009.43,1,5,4,154,Inactive product or newly launched
36 PENCILS TUBE WOODLAND,53,143,1969.43,4,4,4,444,MVP
3D CHRISTMAS STAMPS STICKERS ,3,106,1361.95,2,4,4,244,Potential products
3D DOG PICTURE PLAYING CARDS,5,61,855.5000000000001,3,3,3,333,Potential products
3D HEARTS  HONEYCOMB PAPER GARLAND,129,34,838.5000000000001,4,3,3,433,Potential products
3D SHEET OF CAT STICKERS,37,44,183.6,4,3,2,432,Potential products
3D SHEET OF DOG STICKERS,11,42,231.98,3,3,2,332,Potential products
3D TRADITIONAL CHRISTMAS STICKERS,2,144,1882.31,1,4,4,144,Inactive product or newly launched
3D VINTAGE CHRISTMAS STICKERS ,2,127,1930.38,1,4,4,144,Inactive product or newly launched
4 BLUE DINNER CANDLES SILVER FLOCK,11,29,216.74999999999997,3,3,2,332,Potential products
4 BURGUNDY WINE DINNER CANDLES,24,11,53.75,4,2,1,421,Inactive product or newly launched
4 IVORY DINNER CANDLES SILVER FLOCK,1,99,913.74,1,4,3,143,Inactive product or newly launched
4 LAVENDER BOTANICAL DINNER CANDLES,5,103,1193.75,3,4,4,344,Selling consistently
4 LILY  BOTANICAL DINNER CANDLES,20,78,848.0,3,4,3,343,Selling consistently
4 PEAR BOTANICAL DINNER CANDLES,1,108,1093.75,1,4,4,144,Inactive product or newly launched
4 PINK DINNER CANDLE SILVER FLOCK,2,30,229.95999999999998,1,3,2,132,Inactive product or newly launched
4 PINK FLOCK CHRISTMAS BALLS,15,11,45.0,3,2,1,321,Inactive product or newly launched
4 ROSE PINK DINNER CANDLES,1,14,163.38,1,2,2,122,Inactive product or newly launched
4 SKY BLUE DINNER CANDLES,1,12,72.5,1,2,2,122,Inactive product or newly launched
4 TRADITIONAL SPINNING TOPS,1,371,5952.83,1,5,5,155,Inactive product or newly launched
4 VANILLA BOTANICAL CANDLES,1,122,1247.5,1,4,4,144,Inactive product or newly launched
4 WILDFLOWER BOTANICAL CANDLES,25,57,471.25,4,3,3,433,Potential products
5 HOOK HANGER MAGIC TOADSTOOL,297,27,964.3499999999999,5,3,4,534,Potential products
5 HOOK HANGER RED MAGIC TOADSTOOL,10,110,4595.099999999999,3,4,5,345,Selling consistently
5 STRAND GLASS NECKLACE AMBER,61,2,12.7,4,1,1,411,Inactive product or newly launched
5 STRAND GLASS NECKLACE AMETHYST,37,1,12.7,4,1,1,411,Inactive product or newly launched
5 STRAND GLASS NECKLACE BLACK,37,3,50.8,4,1,1,411,Inactive product or newly launched
5 STRAND GLASS NECKLACE CRYSTAL,31,9,101.6,4,2,2,422,Inactive product or newly launched
50'S CHRISTMAS PAPER GIFT BAG,1,88,1059.9399999999998,1,4,4,144,Inactive product or newly launched
50CM METAL STRING WITH  7 CLIPS,10,19,163.37,3,2,2,322,Inactive product or newly launched
6 CHOCOLATE LOVE HEART T-LIGHTS,1,114,1985.8600000000001,1,4,4,144,Inactive product or newly launched
6 EGG HOUSE PAINTED WOOD,1,117,2043.04,1,4,4,144,Inactive product or newly launched
6 GIFT TAGS 50'S CHRISTMAS ,2,269,2750.93,1,5,5,155,Inactive product or newly launched
6 GIFT TAGS VINTAGE CHRISTMAS ,1,257,3068.8199999999997,1,5,5,155,Inactive product or newly launched
6 RIBBONS ELEGANT CHRISTMAS ,1,122,2004.9199999999998,1,4,4,144,Inactive product or newly launched
6 RIBBONS EMPIRE  ,1,113,1302.7199999999998,1,4,4,144,Inactive product or newly launched
6 RIBBONS RUSTIC CHARM,1,741,14969.839999999998,1,5,5,155,Inactive product or newly launched
6 RIBBONS SHIMMERING PINKS ,1,76,772.9399999999999,1,4,3,143,Inactive product or newly launched
6 ROCKET BALLOONS ,2,160,1172.9,1,5,4,154,Inactive product or newly launched
60 CAKE CASES DOLLY GIRL DESIGN,1,359,3735.61,1,5,5,155,Inactive product or newly launched
60 CAKE CASES VINTAGE CHRISTMAS,1,479,7405.200000000001,1,5,5,155,Inactive product or newly launched
60 GOLD AND SILVER FAIRY CAKE CASES,215,2,1.1,5,1,1,511,Inactive product or newly launched
60 TEATIME FAIRY CAKE CASES,1,672,8604.62,1,5,5,155,Inactive product or newly launched
6PC WOOD PLATE SET DISPOSABLE,12,16,443.25,3,2,3,323,Inactive product or newly launched
70'S ALPHABET WALL ART,15,15,1043.1,3,2,4,324,Inactive product or newly launched
72 CAKE CASES VINTAGE CHRISTMAS,369,1,13.200000000000001,5,1,1,511,Inactive product or newly launched
72 SWEETHEART FAIRY CAKE CASES,1,515,6252.35,1,5,5,155,Inactive product or newly launched
75 BLACK PETIT FOUR CASES,123,17,23.94,4,2,1,421,Inactive product or newly launched
75 GREEN FAIRY CAKE CASES,4,17,14.850000000000001,2,2,1,221,Inactive product or newly launched
75 GREEN PETIT FOUR CASES,1,33,128.1,1,3,2,132,Inactive product or newly launched
A PRETTY THANK YOU CARD,1,27,179.64,1,3,2,132,Inactive product or newly launched
A4 WALL TIDY BLUE OFFICE,37,5,61.86000000000001,4,1,1,411,Inactive product or newly launched
A4 WALL TIDY RED FLOWERS,37,4,7.37,4,1,1,411,Inactive product or newly launched
ABC TREASURE BOOK BOX ,2,187,4373.26,1,5,5,155,Inactive product or newly launched
ABSTRACT CIRCLE JOURNAL ,13,28,256.65,3,3,2,332,Potential products
ABSTRACT CIRCLES POCKET BOOK,2,43,134.29999999999998,1,3,2,132,Inactive product or newly launched
ABSTRACT CIRCLES SKETCHBOOK ,3,61,483.63,2,3,3,233,Potential products
ACRYLIC GEOMETRIC LAMP,13,9,221.39999999999998,3,2,2,322,Inactive product or newly launched
"ACRYLIC HANGING JEWEL,BLUE",9,25,101.08,3,2,2,322,Inactive product or newly launched
"ACRYLIC HANGING JEWEL,PINK",26,7,66.55,4,1,1,411,Inactive product or newly launched
"ACRYLIC JEWEL ANGEL,PINK",115,2,29.64,4,1,1,411,Inactive product or newly launched
"ACRYLIC JEWEL ICICLE, BLUE",38,3,11.780000000000001,4,1,1,411,Inactive product or newly launched
"ACRYLIC JEWEL ICICLE, PINK",4,17,99.18,2,2,2,222,Inactive product or newly launched
"ACRYLIC JEWEL SNOWFLAKE, PINK",75,5,63.28000000000001,4,1,1,411,Inactive product or newly launched
"ACRYLIC JEWEL SNOWFLAKE,PINK",360,1,15.299999999999999,5,1,1,511,Inactive product or newly launched
ADULT APRON APPLE DELIGHT,4,40,891.9300000000001,2,3,3,233,Potential products
ADVENT CALENDAR GINGHAM SACK,4,167,4775.780000000001,2,5,5,255,Potential products
AFGHAN SLIPPER SOCK PAIR,12,19,1662.95,3,2,4,324,Inactive product or newly launched
AGED GLASS SILVER T-LIGHT HOLDER,1,283,6052.0,1,5,5,155,Inactive product or newly launched
AIRLINE BAG VINTAGE JET SET BROWN,4,96,1043.3,2,4,4,244,Potential products
AIRLINE BAG VINTAGE JET SET RED,4,157,1870.0900000000001,2,5,4,254,Potential products
AIRLINE BAG VINTAGE JET SET WHITE,4,84,812.19,2,4,3,243,Potential products
AIRLINE BAG VINTAGE TOKYO 78,1,249,3468.63,1,5,5,155,Inactive product or newly launched
AIRLINE BAG VINTAGE WORLD CHAMPION ,4,101,935.33,2,4,4,244,Potential products
"AIRLINE LOUNGE,METAL SIGN",2,149,1007.21,1,4,4,144,Inactive product or newly launched
ALARM CLOCK BAKELIKE CHOCOLATE,1,325,6559.26,1,5,5,155,Inactive product or newly launched
ALARM CLOCK BAKELIKE GREEN,1,797,20839.15,1,5,5,155,Inactive product or newly launched
ALARM CLOCK BAKELIKE IVORY,1,470,10259.36,1,5,5,155,Inactive product or newly launched
ALARM CLOCK BAKELIKE ORANGE,46,364,7984.38,4,5,5,455,MVP
ALARM CLOCK BAKELIKE PINK,1,619,18539.09,1,5,5,155,Inactive product or newly launched
ALARM CLOCK BAKELIKE RED ,1,886,25868.95,1,5,5,155,Inactive product or newly launched
ALPHABET HEARTS STICKER SHEET,4,38,311.95,2,3,2,232,Potential products
ALPHABET STENCIL CRAFT,1,165,2999.19,1,5,5,155,Inactive product or newly launched
ALUMINIUM HEART,162,6,74.7,5,1,2,512,Inactive product or newly launched
ALUMINIUM STAMPED HEART,4,126,1852.5500000000002,2,4,4,244,Potential products
AMBER BERTIE GLASS BEAD BAG CHARM,197,1,2.1,5,1,1,511,Inactive product or newly launched
AMBER CHUNKY BEAD BRACELET W STRAP,29,4,71.6,4,1,2,412,Inactive product or newly launched
AMBER CHUNKY GLASS+BEAD NECKLACE,50,6,71.69999999999999,4,1,2,412,Inactive product or newly launched
AMBER DIAMANTE EXPANDABLE RING,77,5,93.5,4,1,2,412,Inactive product or newly launched
AMBER DROP EARRINGS W LONG BEADS,2,5,59.00000000000001,1,1,1,111,Inactive product or newly launched
AMBER FINE BEAD NECKLACE W TASSEL,37,2,17.85,4,1,1,411,Inactive product or newly launched
AMBER GLASS TASSLE BAG CHARM,51,2,23.6,4,1,1,411,Inactive product or newly launched
AMBER GLASS/SHELL/PEARL NECKLACE,37,1,8.95,4,1,1,411,Inactive product or newly launched
AMBER GLASS/SILVER BRACELET,50,7,89.5,4,1,2,412,Inactive product or newly launched
AMETHYST CHUNKY BEAD BRACELET W STR,7,11,187.95,3,2,2,322,Inactive product or newly launched
AMETHYST DIAMANTE EXPANDABLE RING,77,3,55.25,4,1,1,411,Inactive product or newly launched
AMETHYST HOOP EARRING FLORAL LEAF,126,3,11.8,4,1,1,411,Inactive product or newly launched
ANGEL DECORATION 3 BUTTONS ,3,115,1455.84,2,4,4,244,Potential products
ANGEL DECORATION PAINTED ZINC ,7,27,383.95000000000005,3,3,3,333,Potential products
ANGEL DECORATION STARS ON DRESS,1,91,987.42,1,4,4,144,Inactive product or newly launched
ANGEL DECORATION WITH LACE PADDED,100,11,180.2,4,2,2,422,Inactive product or newly launched
ANIMAL STICKERS,3,46,367.29,2,3,3,233,Potential products
ANIMALS AND NATURE WALL ART,23,17,923.97,3,2,3,323,Inactive product or newly launched
ANT COPPER LIME BOUDICCA BRACELET,2,15,222.75,1,2,2,122,Inactive product or newly launched
ANT COPPER PINK BOUDICCA BRACELET,2,9,153.45000000000002,1,2,2,122,Inactive product or newly launched
ANT COPPER RED BOUDICCA BRACELET,2,6,44.550000000000004,1,1,1,111,Inactive product or newly launched
ANT COPPER TURQ BOUDICCA BRACELET,2,12,222.75,1,2,2,122,Inactive product or newly launched
ANT SILVER FUSCHIA BOUDICCA RING,40,7,41.300000000000004,4,1,1,411,Inactive product or newly launched
ANT SILVER LIME GREEN BOUDICCA RING,31,10,79.65,4,2,2,422,Inactive product or newly launched
ANT SILVER PURPLE BOUDICCA RING,40,5,29.500000000000004,4,1,1,411,Inactive product or newly launched
ANT SILVER TURQUOISE BOUDICCA RING,33,1,17.700000000000003,4,1,1,411,Inactive product or newly launched
ANT WHITE WIRE HEART SPIRAL,4,64,1076.66,2,3,4,234,Potential products
ANTIQUE ALL GLASS CANDLESTICK,1,82,1129.1000000000001,1,4,4,144,Inactive product or newly launched
ANTIQUE CREAM CUTLERY CUPBOARD,5,13,178.5,3,2,2,322,Inactive product or newly launched
ANTIQUE CREAM CUTLERY SHELF ,17,18,238.0,3,2,2,322,Inactive product or newly launched
ANTIQUE GLASS DRESSING TABLE POT,1,188,4684.06,1,5,5,155,Inactive product or newly launched
ANTIQUE GLASS HEART DECORATION ,109,28,575.25,4,3,3,433,Potential products
ANTIQUE GLASS PEDESTAL BOWL,1,163,3212.1,1,5,5,155,Inactive product or newly launched
ANTIQUE GLASS PLACE SETTING,23,8,152.5,3,2,2,322,Inactive product or newly launched
ANTIQUE HEART SHELF UNIT,1,68,3879.15,1,3,5,135,Inactive product or newly launched
ANTIQUE IVORY WIRE BOWL SMALL,10,19,241.53000000000003,3,2,2,322,Inactive product or newly launched
ANTIQUE MID BLUE FLOWER EARRINGS,107,2,17.0,4,1,1,411,Inactive product or newly launched
ANTIQUE OLIVE GREEN FLOWER EARRINGS,61,3,21.25,4,1,1,411,Inactive product or newly launched
ANTIQUE OPAL WHITE FLOWER EARRINGS,50,2,8.5,4,1,1,411,Inactive product or newly launched
ANTIQUE RASPBERRY FLOWER EARRINGS,179,1,8.5,5,1,1,511,Inactive product or newly launched
ANTIQUE SILVER BAUBLE LAMP  ,1,78,3437.7000000000003,1,4,5,145,Inactive product or newly launched
ANTIQUE SILVER T-LIGHT GLASS,1,537,15176.42,1,5,5,155,Inactive product or newly launched
ANTIQUE SILVER TEA GLASS ENGRAVED,1,283,9271.84,1,5,5,155,Inactive product or newly launched
ANTIQUE SILVER TEA GLASS ETCHED,196,145,4016.75,5,4,5,545,MVP
ANTIQUE TALL SWIRLGLASS TRINKET POT,1,138,2813.38,1,4,5,145,Inactive product or newly launched
APOTHECARY MEASURING JAR,18,21,751.4000000000001,3,2,3,323,Inactive product or newly launched
APPLE BATH SPONGE,1,125,1397.99,1,4,4,144,Inactive product or newly launched
APRON APPLE DELIGHT,110,62,1286.65,4,3,4,434,Potential products
APRON MODERN VINTAGE COTTON,192,57,927.9499999999999,5,3,3,533,Potential products
AQUA BERTIE GLASS BEAD BAG CHARM,7,3,24.9,3,1,1,311,Inactive product or newly launched
AREA PATROLLED METAL SIGN,1,376,8548.02,1,5,5,155,Inactive product or newly launched
ARMY CAMO BOOKCOVER TAPE,33,4,7.14,4,1,1,411,Inactive product or newly launched
"ART LIGHTS,FUNK MONKEY",1,48,950.45,1,3,4,134,Inactive product or newly launched
ASS COL CIRCLE MOBILE ,187,7,173.15999999999997,5,1,2,512,Inactive product or newly launched
ASS COL LARGE SAND FROG P'WEIGHT,331,7,28.35,5,1,1,511,Inactive product or newly launched
ASS COL SMALL SAND GECKO P'WEIGHT,317,9,11.34,5,2,1,521,Inactive product or newly launched
ASS COLOUR GLOWING TIARAS,4,25,211.95,2,2,2,222,Inactive product or newly launched
ASS DES PHONE SPONGE CRAFT STICKER,5,16,153.09,3,2,2,322,Inactive product or newly launched
ASS FLORAL PRINT MULTI SCREWDRIVER,12,166,1251.61,3,5,4,354,Selling consistently
ASS FLORAL PRINT SPIRIT LEVEL ,3,35,90.13,2,3,2,232,Potential products
ASSORTED BOTTLE TOP  MAGNETS ,1,134,1104.36,1,4,4,144,Inactive product or newly launched
ASSORTED CAKES FRIDGE MAGNETS,22,8,35.75,3,2,1,321,Inactive product or newly launched
ASSORTED CHEESE FRIDGE MAGNETS,121,8,105.95000000000002,4,2,2,422,Inactive product or newly launched
ASSORTED CIRCULAR MOBILE,1,20,119.99999999999999,1,2,2,122,Inactive product or newly launched
ASSORTED COLOUR BIRD ORNAMENT,1,1395,56413.03,1,5,5,155,Inactive product or newly launched
ASSORTED COLOUR LIZARD SUCTION HOOK,2,60,382.92,1,3,3,133,Inactive product or newly launched
ASSORTED COLOUR METAL CAT ,5,26,138.75,3,2,2,322,Inactive product or newly launched
ASSORTED COLOUR MINI CASES,1,366,12107.51,1,5,5,155,Inactive product or newly launched
ASSORTED COLOUR SILK GLASSES CASE,261,1,6.300000000000001,5,1,1,511,Inactive product or newly launched
ASSORTED COLOUR SUCTION CUP HOOK,5,14,37.24,3,2,1,321,Inactive product or newly launched
ASSORTED COLOUR T-LIGHT HOLDER,2,88,1983.17,1,4,4,144,Inactive product or newly launched
ASSORTED COLOURED CIRCLE MOBILE ,2,8,26.88,1,2,1,121,Inactive product or newly launched
ASSORTED COLOURS SILK FAN,7,325,16044.44,3,5,5,355,Selling consistently
ASSORTED CREEPY CRAWLIES,16,90,1073.47,3,4,4,344,Selling consistently
ASSORTED EASTER DECORATIONS  BELLS,20,22,650.28,3,2,3,323,Inactive product or newly launched
ASSORTED EASTER GIFT TAGS,46,58,933.26,4,3,4,434,Potential products
ASSORTED FARMYARD ANIMALS IN BUCKET,205,6,68.06,5,1,1,511,Inactive product or newly launched
"ASSORTED FLOWER COLOUR ""LEIS""",3,103,4871.45,2,4,5,245,Potential products
ASSORTED INCENSE PACK,5,27,760.3199999999999,3,3,3,333,Potential products
ASSORTED LAQUERED INCENSE HOLDERS,143,13,443.76000000000005,5,2,3,523,Inactive product or newly launched
ASSORTED MINI MADRAS NOTEBOOK,54,23,462.6,4,2,3,423,Inactive product or newly launched
ASSORTED MONKEY SUCTION CUP HOOK,8,45,205.02,3,3,2,332,Potential products
ASSORTED SANSKRIT MINI NOTEBOOK,60,6,136.25,4,1,2,412,Inactive product or newly launched
ASSORTED SHAPES PHOTO CLIP SILVER ,1,14,164.51,1,2,2,122,Inactive product or newly launched
ASSORTED TUTTI FRUTTI  FOB NOTEBOOK,1,52,437.16999999999996,1,3,3,133,Inactive product or newly launched
ASSORTED TUTTI FRUTTI BRACELET,2,68,440.89000000000004,1,3,3,133,Inactive product or newly launched
ASSORTED TUTTI FRUTTI HEART BOX,12,34,268.75,3,3,2,332,Potential products
ASSORTED TUTTI FRUTTI KEYRING BALL,84,23,367.97999999999996,4,2,3,423,Inactive product or newly launched
ASSORTED TUTTI FRUTTI LARGE PURSE,13,24,222.60000000000002,3,2,2,322,Inactive product or newly launched
ASSORTED TUTTI FRUTTI MIRROR,24,31,594.26,4,3,3,433,Potential products
ASSORTED TUTTI FRUTTI NOTEBOOK,1,31,489.30000000000007,1,3,3,133,Inactive product or newly launched
ASSORTED TUTTI FRUTTI PEN,4,92,800.9499999999999,2,4,3,243,Potential products
ASSORTED TUTTI FRUTTI SMALL PURSE,24,31,780.14,4,3,3,433,Potential products
ASSTD COL BUTTERFLY/CRYSTAL W/CHIME,3,9,210.19,2,2,2,222,Inactive product or newly launched
ASSTD DESIGN 3D PAPER STICKERS,2,33,386.83,1,3,3,133,Inactive product or newly launched
ASSTD DESIGN RACING CAR PEN,4,64,1953.0,2,3,4,234,Potential products
ASSTD FRUIT+FLOWERS FRIDGE MAGNETS,15,62,545.1600000000001,3,3,3,333,Potential products
ASSTD MULTICOLOUR CIRCLES MUG,30,47,547.98,4,3,3,433,Potential products
ASSTD RASTA KEY-CHAINS,15,3,3.7800000000000002,3,1,1,311,Inactive product or newly launched
BABUSHKA LIGHTS STRING OF 10,4,116,3032.39,2,4,5,245,Potential products
BABY BOOM RIBBONS ,75,88,467.5,4,4,3,443,Selling consistently
BABY MOUSE RED GINGHAM DRESS,11,21,306.0,3,2,2,322,Inactive product or newly launched
BAG 125g SWIRLY MARBLES,1,247,3431.35,1,5,5,155,Inactive product or newly launched
BAG 250g SWIRLY MARBLES,1,198,3856.3799999999997,1,5,5,155,Inactive product or newly launched
BAG 500g SWIRLY MARBLES,1,112,1299.2099999999998,1,4,4,144,Inactive product or newly launched
BAG OF SILVER STONES,240,5,18.9,5,1,1,511,Inactive product or newly launched
BAKING MOULD CHOCOLATE CUP CAKES,366,2,30.599999999999998,5,1,1,511,Inactive product or newly launched
BAKING MOULD CHOCOLATE CUPCAKES,3,136,2358.89,2,4,4,244,Potential products
BAKING MOULD CUPCAKE CHOCOLATE,361,1,30.599999999999998,5,1,1,511,Inactive product or newly launched
BAKING MOULD EASTER EGG MILK CHOC,5,92,2272.2000000000003,3,4,4,344,Selling consistently
BAKING MOULD EASTER EGG WHITE CHOC,45,69,1527.2,4,3,4,434,Potential products
BAKING MOULD HEART MILK CHOCOLATE,1,146,2513.12,1,4,4,144,Inactive product or newly launched
BAKING MOULD HEART WHITE CHOCOLATE,1,111,1873.51,1,4,4,144,Inactive product or newly launched
BAKING MOULD ROSE MILK CHOCOLATE,1,52,1964.25,1,3,4,134,Inactive product or newly launched
BAKING MOULD ROSE WHITE CHOCOLATE,1,35,766.88,1,3,3,133,Inactive product or newly launched
BAKING MOULD TOFFEE CUP  CHOCOLATE,361,1,15.299999999999999,5,1,1,511,Inactive product or newly launched
BAKING MOULD TOFFEE CUP CHOCOLATE,1,63,1935.6000000000001,1,3,4,134,Inactive product or newly launched
BAKING SET 9 PIECE RETROSPOT ,1,858,22953.100000000002,1,5,5,155,Inactive product or newly launched
BAKING SET SPACEBOY DESIGN,1,427,10210.890000000001,1,5,5,155,Inactive product or newly launched
BALLOON ART MAKE YOUR OWN FLOWERS,1,70,801.45,1,4,3,143,Inactive product or newly launched
BALLOON PUMP WITH 10 BALLOONS,1,112,1511.48,1,4,4,144,Inactive product or newly launched
BALLOON WATER BOMB PACK OF 35,4,141,2244.06,2,4,4,244,Potential products
BALLOONS  WRITING SET ,1,189,1253.9499999999998,1,5,4,154,Inactive product or newly launched
BANK ACCOUNT  GREETING  CARD ,249,17,106.97999999999999,5,2,2,522,Inactive product or newly launched
BANQUET BIRTHDAY  CARD  ,5,100,642.24,3,4,3,343,Selling consistently
BAROQUE BUTTERFLY EARRINGS BLACK,61,2,7.5,4,1,1,411,Inactive product or newly launched
BAROQUE BUTTERFLY EARRINGS CRYSTAL,50,1,3.75,4,1,1,411,Inactive product or newly launched
BASKET OF FLOWERS SEWING KIT,4,42,599.76,2,3,3,233,Potential products
BASKET OF TOADSTOOLS,1,78,1574.98,1,4,4,144,Inactive product or newly launched
BATH BUILDING BLOCK WORD,1,243,4644.530000000001,1,5,5,155,Inactive product or newly launched
BATHROOM HOOK,1,22,137.76,1,2,2,122,Inactive product or newly launched
BATHROOM METAL SIGN,2,386,3016.9500000000003,1,5,5,155,Inactive product or newly launched
BATHROOM METAL SIGN ,130,60,566.8,4,3,3,433,Potential products
BATHROOM SCALES FOOTPRINTS IN SAND,16,20,172.05,3,2,2,322,Inactive product or newly launched
BATHROOM SCALES RUBBER DUCKS,16,19,139.35,3,2,2,322,Inactive product or newly launched
"BATHROOM SCALES, TROPICAL BEACH",26,10,60.0,4,2,1,421,Inactive product or newly launched
BATHROOM SET LOVE HEART DESIGN,121,11,191.0,4,2,2,422,Inactive product or newly launched
BEACH HUT DESIGN BLACKBOARD,211,8,144.5,5,2,2,522,Inactive product or newly launched
BEACH HUT KEY CABINET,202,9,78.75,5,2,2,522,Inactive product or newly launched
BEACH HUT MIRROR,152,8,66.39,5,2,1,521,Inactive product or newly launched
BEACH HUT SHELF W 3 DRAWERS,26,20,376.5,4,2,3,423,Inactive product or newly launched
BEADED CHANDELIER T-LIGHT HOLDER,24,34,1298.44,4,3,4,434,Potential products
BEADED CRYSTAL HEART BLUE  LARGE,2,44,424.06,1,3,3,133,Inactive product or newly launched
BEADED CRYSTAL HEART BLUE ON STICK,25,11,78.71,4,2,2,422,Inactive product or newly launched
BEADED CRYSTAL HEART BLUE SMALL,30,12,99.88,4,2,2,422,Inactive product or newly launched
BEADED CRYSTAL HEART GREEN LARGE,2,50,707.7,1,3,3,133,Inactive product or newly launched
BEADED CRYSTAL HEART GREEN ON STICK,4,13,120.38,2,2,2,222,Inactive product or newly launched
BEADED CRYSTAL HEART GREEN SMALL,4,16,124.11,2,2,2,222,Inactive product or newly launched
BEADED CRYSTAL HEART PINK LARGE,2,52,526.38,1,3,3,133,Inactive product or newly launched
BEADED CRYSTAL HEART PINK ON STICK,4,12,113.09,2,2,2,222,Inactive product or newly launched
BEADED CRYSTAL HEART PINK SMALL,4,34,240.13,2,3,2,232,Potential products
BEADED LOVE HEART JEWELLERY SET,370,1,8.5,5,1,1,511,Inactive product or newly launched
BEADED PEARL HEART WHITE LARGE,200,10,127.04999999999998,5,2,2,522,Inactive product or newly launched
BEADED PEARL HEART WHITE ON STICK,40,25,462.17,4,2,3,423,Inactive product or newly launched
BELL HEART ANTIQUE GOLD,162,1,24.96,5,1,1,511,Inactive product or newly launched
BELL HEART DECORATION,89,9,387.0,4,2,3,423,Inactive product or newly launched
BELLE JARDINIERE CUSHION COVER,1,176,2555.73,1,5,4,154,Inactive product or newly launched
BEST DAD CANDLE LETTERS,55,8,26.349999999999998,4,2,1,421,Inactive product or newly launched
BEWARE OF THE CAT METAL SIGN ,4,365,6401.93,2,5,5,255,Potential products
BICYCLE PUNCTURE REPAIR KIT ,1,110,3336.7200000000003,1,4,5,145,Inactive product or newly launched
BICYCLE SAFTEY WALL ART,12,39,2371.94,3,3,4,334,Potential products
BIG DOUGHNUT FRIDGE MAGNETS,2,87,1076.1,1,4,4,144,Inactive product or newly launched
BIG POLKADOT MUG,263,1,2.34,5,1,1,511,Inactive product or newly launched
BILI NUT AND WOOD NECKLACE,15,5,48.0,3,1,1,311,Inactive product or newly launched
BINGO SET,5,280,5718.21,3,5,5,355,Selling consistently
BIRD BOX CHRISTMAS TREE DECORATION,361,5,18.7,5,1,1,511,Inactive product or newly launched
BIRD DECORATION GREEN POLKADOT,30,37,331.5,4,3,2,432,Potential products
BIRD DECORATION RED RETROSPOT,15,57,625.5999999999999,3,3,3,333,Potential products
BIRD HOUSE HOT WATER BOTTLE,1,162,1562.06,1,5,4,154,Inactive product or newly launched
BIRD ON BRANCH CANVAS SCREEN,142,1,21.45,5,1,1,511,Inactive product or newly launched
BIRDCAGE DECORATION TEALIGHT HOLDER,1,69,761.57,1,3,3,133,Inactive product or newly launched
BIRDHOUSE DECORATION MAGIC GARDEN,10,74,642.94,3,4,3,343,Selling consistently
BIRDHOUSE GARDEN MARKER ,3,76,1929.35,2,4,4,244,Potential products
BIRDS MOBILE VINTAGE DESIGN,1,69,1100.21,1,3,4,134,Inactive product or newly launched
BIRTHDAY BANNER TAPE,355,1,30.0,5,1,1,511,Inactive product or newly launched
BIRTHDAY BANQUET GIFT WRAP,4,32,393.5,2,3,3,233,Potential products
"BIRTHDAY CARD, RETRO SPOT",1,126,758.88,1,4,3,143,Inactive product or newly launched
BIRTHDAY PARTY CORDON BARRIER TAPE,2,82,548.63,1,4,3,143,Inactive product or newly launched
BISCUIT TIN 50'S CHRISTMAS,1,271,5760.52,1,5,5,155,Inactive product or newly launched
BISCUIT TIN VINTAGE CHRISTMAS,1,234,4567.38,1,5,5,155,Inactive product or newly launched
BISCUIT TIN VINTAGE GREEN,10,114,2685.13,3,4,5,345,Selling consistently
BISCUIT TIN VINTAGE LEAF,142,3,64.56,5,1,1,511,Inactive product or newly launched
BISCUIT TIN VINTAGE RED,10,146,3609.8,3,4,5,345,Selling consistently
BISCUITS SMALL BOWL LIGHT BLUE,83,79,440.94,4,4,3,443,Selling consistently
BLACK 3 BEAD DROP EARRINGS,77,1,17.700000000000003,4,1,1,411,Inactive product or newly launched
BLACK AND WHITE CAT BOWL,12,43,2661.8999999999996,3,3,4,334,Potential products
BLACK AND WHITE DOG BOWL,63,48,2578.78,4,3,4,434,Potential products
BLACK BAROQUE CARRIAGE CLOCK,4,7,149.67,2,1,2,212,Inactive product or newly launched
BLACK BAROQUE WALL CLOCK ,16,14,333.6,3,2,2,322,Inactive product or newly launched
BLACK BIRD GARDEN DESIGN MUG,26,16,46.11,4,2,1,421,Inactive product or newly launched
BLACK CANDELABRA T-LIGHT HOLDER,57,38,702.8000000000001,4,3,3,433,Potential products
BLACK CHAMPAGNE GLASS,83,33,621.87,4,3,3,433,Potential products
BLACK CHERRY LIGHTS,301,1,54.0,5,1,1,511,Inactive product or newly launched
BLACK CHRISTMAS FLOCK DROPLET ,362,1,30.0,5,1,1,511,Inactive product or newly launched
BLACK CHRISTMAS TREE 120CM,6,23,503.85,3,2,3,323,Inactive product or newly launched
BLACK CHRISTMAS TREE 60CM,9,22,433.70000000000005,3,2,3,323,Inactive product or newly launched
BLACK CHUNKY BEAD BRACELET W STRAP,29,7,98.44999999999999,4,1,2,412,Inactive product or newly launched
BLACK CRYSTAL DROP EARRINGS,94,2,20.650000000000002,4,1,1,411,Inactive product or newly launched
BLACK DIAMANTE EXPANDABLE RING,77,5,89.25,4,1,2,412,Inactive product or newly launched
BLACK DIAMOND CLUSTER NECKLACE,72,1,17.9,4,1,1,411,Inactive product or newly launched
BLACK DINER WALL CLOCK,156,33,450.5,5,3,3,533,Potential products
BLACK DROP CRYSTAL NECKLACE,27,2,35.400000000000006,4,1,1,411,Inactive product or newly launched
BLACK DROP EARRINGS W LONG BEADS,281,1,2.95,5,1,1,511,Inactive product or newly launched
BLACK EAR MUFF HEADPHONES,15,18,192.86,3,2,2,322,Inactive product or newly launched
BLACK ENAMEL FLOWER RING,5,10,188.8,3,2,2,322,Inactive product or newly launched
BLACK ENCHANTED FOREST PLACEMAT,8,42,893.25,3,3,3,333,Potential products
BLACK FEATHER CHRISTMAS DECORATION,86,7,18.240000000000002,4,1,1,411,Inactive product or newly launched
BLACK FINE BEAD NECKLACE W TASSEL,369,1,5.95,5,1,1,511,Inactive product or newly launched
BLACK FLOWER CANDLE PLATE,340,2,5.949999999999999,5,1,1,511,Inactive product or newly launched
BLACK GEMSTONE BRACELET,30,3,20.849999999999998,4,1,1,411,Inactive product or newly launched
BLACK GEMSTONE NECKLACE 45CM,30,4,51.0,4,1,1,411,Inactive product or newly launched
BLACK GLASS BRACELET W HEART CHARMS,319,1,14.850000000000001,5,1,1,511,Inactive product or newly launched
BLACK GRAND BAROQUE PHOTO FRAME,246,7,93.0,5,1,2,512,Inactive product or newly launched
BLACK HEART CARD HOLDER,1,166,12257.95,1,5,5,155,Inactive product or newly launched
BLACK KITCHEN SCALES,1,183,4134.03,1,5,5,155,Inactive product or newly launched
BLACK LOVE BIRD CANDLE,9,25,191.49,3,2,2,322,Inactive product or newly launched
BLACK LOVE BIRD T-LIGHT HOLDER,25,13,247.46,4,2,2,422,Inactive product or newly launched
BLACK MEDIUM GLASS CAKE STAND,246,8,37.11,5,2,1,521,Inactive product or newly launched
BLACK MINI TAPE MEASURE ,3,30,121.3,2,3,2,232,Potential products
BLACK ORANGE SQUEEZER,10,21,57.96,3,2,1,321,Inactive product or newly launched
BLACK PHOTO ALBUM ,236,3,7.5,5,1,1,511,Inactive product or newly launched
BLACK PIRATE TREASURE CHEST,1,82,502.37999999999994,1,4,3,143,Inactive product or newly launched
BLACK RECORD COVER FRAME,1,314,39045.8,1,5,5,155,Inactive product or newly launched
BLACK SIL'T SQU CANDLE PLATE ,1,2,33.6,1,1,1,111,Inactive product or newly launched
BLACK SILOUETTE CANDLE PLATE,1,20,116.44999999999999,1,2,2,122,Inactive product or newly launched
BLACK SMALL GLASS CAKE STAND,234,12,54.99,5,2,1,521,Inactive product or newly launched
BLACK SQUARE TABLE CLOCK,3,12,225.48999999999998,2,2,2,222,Inactive product or newly launched
BLACK STITCHED WALL CLOCK,99,29,684.65,4,3,3,433,Potential products
BLACK SWEETHEART BRACELET,2,24,284.75,1,2,2,122,Inactive product or newly launched
BLACK TEA TOWEL CLASSIC DESIGN,1,86,607.74,1,4,3,143,Inactive product or newly launched
"BLACK TEA,COFFEE,SUGAR JARS",5,45,779.4499999999999,3,3,3,333,Potential products
BLACK VINT ART DEC CRYSTAL BRACELET,30,1,6.75,4,1,1,411,Inactive product or newly launched
BLACK VINT ART DEC CRYSTAL NECKLACE,37,5,68.0,4,1,1,411,Inactive product or newly launched
BLACK VINTAGE  CRYSTAL EARRINGS,61,6,41.25,4,1,1,411,Inactive product or newly launched
BLACK WINE GLASS,32,20,697.62,4,2,3,423,Inactive product or newly launched
BLACK+WHITE NECKLACE W TASSEL,47,5,87.35,4,1,2,412,Inactive product or newly launched
BLACK/BLUE POLKADOT UMBRELLA,4,256,6361.990000000001,2,5,5,255,Potential products
BLACK/WHITE GLASS/SILVER BRACELET,244,3,62.64999999999999,5,1,1,511,Inactive product or newly launched
BLACKCHRISTMAS TREE 30CM,369,1,1.25,5,1,1,511,Inactive product or newly launched
BLING KEY RING STAND,3,3,6.25,2,1,1,211,Inactive product or newly launched
BLOND DOLL DOORSTOP,16,14,141.75,3,2,2,322,Inactive product or newly launched
BLOSSOM  IMAGES NOTEBOOK SET,2,25,640.5,1,2,3,123,Inactive product or newly launched
BLOSSOM IMAGES GIFT WRAP SET,2,93,655.8000000000001,1,4,3,143,Inactive product or newly launched
BLOSSOM IMAGES SCRAP BOOK SET,358,1,4.95,5,1,1,511,Inactive product or newly launched
BLUE  DIAMANTE PEN IN GIFT BOX,3,21,271.8,2,2,2,222,Inactive product or newly launched
BLUE  TILE HOOK,4,16,213.14999999999998,2,2,2,222,Inactive product or newly launched
BLUE  VOILE LAMPSHADE,33,9,234.5,4,2,2,422,Inactive product or newly launched
BLUE & WHITE BREAKFAST TRAY,174,21,209.55,5,2,2,522,Inactive product or newly launched
BLUE 3 PIECE POLKADOT CUTLERY SET,212,97,4213.34,5,4,5,545,MVP
BLUE BIRDHOUSE DECORATION,1,38,223.3,1,3,2,132,Inactive product or newly launched
BLUE BLOSSOM HAIR CLIP,77,6,67.2,4,1,1,411,Inactive product or newly launched
BLUE BREAKFAST CUP AND SAUCER ,257,3,11.8,5,1,1,511,Inactive product or newly launched
BLUE BUNNY EASTER EGG BASKET,2,3,230.24999999999997,1,1,2,112,Inactive product or newly launched
BLUE CALCULATOR RULER,1,61,543.01,1,3,3,133,Inactive product or newly launched
BLUE CAT BISCUIT BARREL PINK HEART,143,9,111.14999999999999,5,2,2,522,Inactive product or newly launched
BLUE CHARLIE+LOLA PERSONAL DOORSIGN,4,92,512.8000000000001,2,4,3,243,Potential products
BLUE CHECK BAG W HANDLE 34X20CM,205,5,14.11,5,1,1,511,Inactive product or newly launched
BLUE CHENILLE SHAGGY CUSHION COVER ,26,12,43.15,4,2,1,421,Inactive product or newly launched
BLUE CIRCLES DESIGN MONKEY DOLL,48,26,160.64999999999998,4,2,2,422,Inactive product or newly launched
BLUE CIRCLES DESIGN TEDDY,22,20,130.04999999999998,3,2,2,322,Inactive product or newly launched
BLUE CLIMBING HYDRANGA ART FLOWER,2,3,52.5,1,1,1,111,Inactive product or newly launched
BLUE COAT RACK PARIS FASHION,1,135,1974.69,1,4,4,144,Inactive product or newly launched
BLUE CRUSOE CHECK LAMPSHADE,143,3,3.78,5,1,1,511,Inactive product or newly launched
BLUE CUSHION COVER WITH FLOWER,184,9,201.55,5,2,2,522,Inactive product or newly launched
BLUE DAISY MOBILE,11,12,138.76,3,2,2,322,Inactive product or newly launched
BLUE DELPHINIUM ARTIFICIAL FLOWER,2,6,188.37000000000003,1,1,2,112,Inactive product or newly launched
BLUE DINER WALL CLOCK,1,338,7528.93,1,5,5,155,Inactive product or newly launched
BLUE DISCO HANDBAG,15,10,60.68,3,2,1,321,Inactive product or newly launched
BLUE DRAGONFLY HELICOPTER,22,35,373.65000000000003,3,3,3,333,Potential products
BLUE DRAWER KNOB ACRYLIC EDWARDIAN,1,122,1906.68,1,4,4,144,Inactive product or newly launched
BLUE EASTER EGG HUNT START POST,262,4,15.6,5,1,1,511,Inactive product or newly launched
BLUE EGG  SPOON,4,71,258.71999999999997,2,4,2,242,Potential products
BLUE FELT EASTER EGG BASKET,264,66,577.4999999999999,5,3,3,533,Potential products
BLUE FELT HANGING HEART WITH FLOWER,111,1,5.1,4,1,1,411,Inactive product or newly launched
BLUE FLOCK CUSHION COVER ,185,2,12.5,5,1,1,511,Inactive product or newly launched
BLUE FLOCK GLASS CANDLEHOLDER,154,10,259.96,5,2,2,522,Inactive product or newly launched
BLUE FLOWER DES PURSE,191,6,43.66,5,1,1,511,Inactive product or newly launched
BLUE FLY SWAT,4,42,114.21000000000001,2,3,2,232,Potential products
BLUE GEISHA GIRL ,98,10,75.0,4,2,2,422,Inactive product or newly launched
BLUE GIANT GARDEN THERMOMETER,43,163,2511.7200000000003,4,5,4,454,MVP
BLUE GINGHAM ROSE CUSHION COVER,359,1,11.9,5,1,1,511,Inactive product or newly launched
BLUE GLASS CHUNKY CHARM BRACELET,22,6,80.55,3,1,2,312,Inactive product or newly launched
BLUE GLASS GEMS IN BAG,30,19,291.25,4,2,2,422,Inactive product or newly launched
BLUE GREEN EMBROIDERY COSMETIC BAG,11,3,11.690000000000001,3,1,1,311,Inactive product or newly launched
BLUE HANGING GINGHAM EASTER HEN,227,5,13.44,5,1,1,511,Inactive product or newly launched
BLUE HAPPY BIRTHDAY BUNTING,7,355,10096.62,3,5,5,355,Selling consistently
BLUE HARMONICA IN BOX ,1,524,9218.88,1,5,5,155,Inactive product or newly launched
BLUE HEART COMPACT MIRROR,89,12,187.5,4,2,2,422,Inactive product or newly launched
BLUE HOLE PUNCH,40,7,16.25,4,1,1,411,Inactive product or newly launched
BLUE JUICY FRUIT PHOTO FRAME,33,29,209.1,4,3,2,432,Potential products
BLUE KNITTED EGG COSY,241,25,81.50999999999999,5,2,2,522,Inactive product or newly launched
BLUE KNITTED HEN ,256,14,150.14999999999998,5,2,2,522,Inactive product or newly launched
BLUE LEAVES AND BEADS PHONE CHARM,371,1,1.25,5,1,1,511,Inactive product or newly launched
BLUE MONTE CARLO HANDBAG,141,1,46.8,5,1,1,511,Inactive product or newly launched
BLUE MURANO TWIST BRACELET,22,5,85.0,3,1,2,312,Inactive product or newly launched
BLUE MURANO TWIST NECKLACE,199,3,39.8,5,1,1,511,Inactive product or newly launched
BLUE NETTING STORAGE HANGER,69,7,15.6,4,1,1,411,Inactive product or newly launched
BLUE NEW BAROQUE CANDLESTICK CANDLE,73,28,478.15,4,3,3,433,Potential products
BLUE NEW BAROQUE FLOCK CANDLESTICK,367,1,4.65,5,1,1,511,Inactive product or newly launched
BLUE ORGANDY ROUND LAMPSHADE W BEA,17,4,10.2,3,1,1,311,Inactive product or newly launched
BLUE OWL SOFT TOY,40,100,1420.4,4,4,4,444,MVP
BLUE PADDED SOFT MOBILE,240,1,4.25,5,1,1,511,Inactive product or newly launched
BLUE PAINTED KASHMIRI CHAIR,127,1,149.85000000000002,4,1,2,412,Inactive product or newly launched
BLUE PAISLEY JOURNAL ,3,58,534.3199999999999,2,3,3,233,Potential products
BLUE PAISLEY NOTEBOOK,88,24,92.39999999999999,4,2,2,422,Inactive product or newly launched
BLUE PAISLEY POCKET BOOK,3,50,247.35,2,3,2,232,Potential products
BLUE PAISLEY SKETCHBOOK,3,52,408.67,2,3,3,233,Potential products
BLUE PAISLEY TISSUE BOX,2,88,311.56,1,4,2,142,Inactive product or newly launched
BLUE PAPER PARASOL ,72,48,865.6500000000001,4,3,3,433,Potential products
BLUE PARTY BAGS ,7,108,2728.94,3,4,5,345,Selling consistently
BLUE PATCH PURSE PINK HEART,293,17,252.79999999999998,5,2,2,522,Inactive product or newly launched
BLUE POLKADOT BEAKER ,36,78,1094.34,4,4,4,444,MVP
BLUE POLKADOT BOWL,1,225,3178.65,1,5,5,155,Inactive product or newly launched
BLUE POLKADOT COFFEE MUG,188,62,826.14,5,3,3,533,Potential products
BLUE POLKADOT CUP,4,217,2484.53,2,5,4,254,Potential products
BLUE POLKADOT EGG CUP ,234,44,445.26,5,3,3,533,Potential products
BLUE POLKADOT GARDEN PARASOL,17,51,1104.6,3,3,4,334,Potential products
BLUE POLKADOT KIDS BAG,4,30,456.35999999999996,2,3,3,233,Potential products
BLUE POLKADOT LUGGAGE TAG ,1,33,191.01,1,3,2,132,Inactive product or newly launched
BLUE POLKADOT PASSPORT COVER,1,35,233.34,1,3,2,132,Inactive product or newly launched
BLUE POLKADOT PLATE ,51,148,3359.47,4,4,5,445,MVP
BLUE POLKADOT PUDDING BOWL,257,8,38.67,5,2,1,521,Inactive product or newly launched
BLUE POLKADOT PURSE ,39,5,35.07,4,1,1,411,Inactive product or newly launched
BLUE POLKADOT WASHING UP GLOVES,12,115,756.0000000000001,3,4,3,343,Selling consistently
BLUE POLKADOT WRAP,2,215,2798.0,1,5,5,155,Inactive product or newly launched
BLUE POT PLANT CANDLE ,1,37,794.45,1,3,3,133,Inactive product or newly launched
BLUE PUDDING SPOON,4,59,132.29999999999998,2,3,2,232,Potential products
BLUE REFECTORY CLOCK ,1,70,1547.95,1,4,4,144,Inactive product or newly launched
BLUE RETRO KITCHEN WALL CLOCK,1,17,285.25,1,2,2,122,Inactive product or newly launched
BLUE ROSE FABRIC MIRROR,4,37,487.34,2,3,3,233,Potential products
BLUE ROSE PATCH PURSE PINK BUTTERFL,295,8,52.8,5,2,1,521,Inactive product or newly launched
BLUE ROUND COMPACT MIRROR,75,11,121.25,4,2,2,422,Inactive product or newly launched
BLUE SAVANNAH PICNIC HAMPER FOR 2,128,17,793.3499999999999,4,2,3,423,Inactive product or newly launched
BLUE SCANDINAVIAN PAISLEY WRAP,15,39,409.5,3,3,3,333,Potential products
BLUE SCOTTIE DOG W FLOWER PATTERN,9,25,334.04999999999995,3,2,3,323,Inactive product or newly launched
BLUE SHARK HELICOPTER,360,2,15.9,5,1,1,511,Inactive product or newly launched
BLUE SPOT CERAMIC DRAWER KNOB,1,290,4971.22,1,5,5,155,Inactive product or newly launched
BLUE SQUARE COMPACT MIRROR,77,8,63.75,4,2,1,421,Inactive product or newly launched
BLUE STONES ON WIRE FOR CANDLE,36,17,29.59,4,2,1,421,Inactive product or newly launched
BLUE STRIPE CERAMIC DRAWER KNOB,1,359,6239.4,1,5,5,155,Inactive product or newly launched
BLUE STRIPES SHOULDER BAG,201,3,7.469999999999999,5,1,1,511,Inactive product or newly launched
BLUE SWEETHEART BRACELET,303,7,85.0,5,1,2,512,Inactive product or newly launched
BLUE TABLE RUN FLOWER,9,11,56.25,3,2,1,321,Inactive product or newly launched
BLUE TEA TOWEL CLASSIC DESIGN,157,48,523.52,5,3,3,533,Potential products
BLUE TEATIME PRINT BOWL ,365,2,12.5,5,1,1,511,Inactive product or newly launched
BLUE TILED TRAY,93,4,54.0,4,1,1,411,Inactive product or newly launched
BLUE TRAVEL FIRST AID KIT,130,7,56.1,4,1,1,411,Inactive product or newly launched
BLUE TV TRAY TABLE ,253,13,175.8,5,2,2,522,Inactive product or newly launched
BLUE VICTORIAN FABRIC OVAL BOX,3,34,293.82,2,3,2,232,Potential products
BLUE VINTAGE SPOT BEAKER,2,164,4528.29,1,5,5,155,Inactive product or newly launched
BLUE WHITE PLASTIC RINGS LAMPSHADE,95,5,11.899999999999999,4,1,1,411,Inactive product or newly launched
BLUE WIRE SPIRAL CANDLE HOLDER,146,5,69.85,5,1,2,512,Inactive product or newly launched
BLUE/CREAM STRIPE CUSHION COVER ,8,99,769.9,3,4,3,343,Selling consistently
BLUE/GREEN SHELL NECKLACE W PENDANT,371,1,5.95,5,1,1,511,Inactive product or newly launched
BLUE/NAT SHELL NECKLACE W PENDANT,298,1,5.95,5,1,1,511,Inactive product or newly launched
BLUE/YELLOW CERAMIC CANDLE HOLDER,144,1,6.6,5,1,1,511,Inactive product or newly launched
BLUE/YELLOW FLOWER DESIGN BIG MUG,19,12,16.77,3,2,1,321,Inactive product or newly launched
BOHEMIAN COLLAGE STATIONERY SET,2,103,675.53,1,4,3,143,Inactive product or newly launched
BOOM BOX SPEAKER BOYS,1,56,740.15,1,3,3,133,Inactive product or newly launched
BOOM BOX SPEAKER GIRLS,1,42,827.15,1,3,3,133,Inactive product or newly launched
BOOZE & WOMEN GREETING CARD ,38,33,187.62,4,3,2,432,Potential products
BOTANICAL GARDENS WALL CLOCK ,1,80,5719.0,1,4,5,145,Inactive product or newly launched
BOTANICAL LAVENDER BIRTHDAY CARD,1,32,158.61,1,3,2,132,Inactive product or newly launched
BOTANICAL LAVENDER GIFT WRAP ,4,19,199.5,2,2,2,222,Inactive product or newly launched
BOTANICAL LILY GIFT WRAP,45,7,105.0,4,1,2,412,Inactive product or newly launched
BOTANICAL LILY GREETING CARD,15,31,151.62,3,3,2,332,Potential products
BOTANICAL ROSE GIFT WRAP,23,28,304.5,3,3,2,332,Potential products
BOTANICAL ROSE GREETING CARD,141,21,141.12,5,2,2,522,Inactive product or newly launched
BOTTLE BAG RETROSPOT ,4,105,1510.89,2,4,4,244,Potential products
BOUDOIR SQUARE TISSUE BOX,1,149,910.08,1,4,3,143,Inactive product or newly launched
BOX OF 24 COCKTAIL PARASOLS,1,370,2808.57,1,5,5,155,Inactive product or newly launched
BOX OF 6 ASSORTED COLOUR TEASPOONS,4,73,1267.99,2,4,4,244,Potential products
BOX OF 6 CHRISTMAS CAKE DECORATIONS,1,164,6155.04,1,5,5,155,Inactive product or newly launched
BOX OF 6 MINI 50'S CRACKERS,1,373,8169.4800000000005,1,5,5,155,Inactive product or newly launched
BOX OF 6 MINI VINTAGE CRACKERS,1,335,8345.43,1,5,5,155,Inactive product or newly launched
BOX OF 9 PEBBLE CANDLES,33,78,851.4,4,4,3,443,Selling consistently
BOX OF VINTAGE ALPHABET BLOCKS,1,231,13035.66,1,5,5,155,Inactive product or newly launched
BOX OF VINTAGE JIGSAW BLOCKS ,2,219,5019.67,1,5,5,155,Inactive product or newly launched
BOX/12 CHICK & EGG IN BASKET,254,40,222.29999999999998,5,3,2,532,Potential products
BOYS ALPHABET IRON ON PATCHES,22,5,262.08,3,1,2,312,Inactive product or newly launched
BOYS VINTAGE TIN SEASIDE BUCKET,3,137,2880.92,2,4,5,245,Potential products
BREAD BIN DINER STYLE IVORY,1,341,13131.89,1,5,5,155,Inactive product or newly launched
BREAD BIN DINER STYLE MINT,51,118,4612.66,4,4,5,445,MVP
BREAD BIN DINER STYLE PINK,40,111,4581.4,4,4,5,445,MVP
BREAD BIN DINER STYLE RED ,2,249,9597.31,1,5,5,155,Inactive product or newly launched
"BREAD BIN, DINER STYLE, IVORY",369,1,59.8,5,1,1,511,Inactive product or newly launched
"BREAD BIN, DINER STYLE, MINT",369,1,59.8,5,1,1,511,Inactive product or newly launched
BRIGHT BLUES RIBBONS ,72,104,671.25,4,4,3,443,Selling consistently
BROCADE RING PURSE ,2,208,5969.61,1,5,5,155,Inactive product or newly launched
BROCANTE COAT RACK,177,46,1734.05,5,3,4,534,Potential products
BROCANTE SHELF WITH HOOKS,10,69,1645.45,3,4,4,344,Selling consistently
BROWN  PIRATE TREASURE CHEST ,1,38,237.47999999999996,1,3,2,132,Inactive product or newly launched
BROWN CHECK CAT DOORSTOP ,18,94,965.0,3,4,4,344,Selling consistently
BROWN KUKUI COCONUT SEED NECKLACE,15,8,74.0,3,2,2,322,Inactive product or newly launched
BUBBLEGUM RING ASSORTED,1,214,4894.83,1,5,5,155,Inactive product or newly launched
BUFFALO BILL TREASURE BOOK BOX,1,137,3750.57,1,4,5,145,Inactive product or newly launched
BUFFALO BILL WALL ART ,23,15,845.22,3,2,3,323,Inactive product or newly launched
BULL DOG BOTTLE OPENER,1,199,3749.5,1,5,5,155,Inactive product or newly launched
BULL DOG BOTTLE TOP WALL CLOCK,9,69,1484.25,3,4,4,344,Selling consistently
BUNDLE OF 3 ALPHABET EXERCISE BOOKS,2,318,5197.169999999999,1,5,5,155,Inactive product or newly launched
BUNDLE OF 3 RETRO EXERCISE BOOKS,202,5,98.99999999999999,5,1,2,512,Inactive product or newly launched
BUNDLE OF 3 RETRO NOTE BOOKS,1,246,3393.3499999999995,1,5,5,155,Inactive product or newly launched
BUNDLE OF 3 SCHOOL EXERCISE BOOKS  ,1,180,2691.14,1,5,5,155,Inactive product or newly launched
BUNNY DECORATION MAGIC GARDEN,14,59,406.39,3,3,3,333,Potential products
BUNNY EGG BOX,235,27,228.75,5,3,2,532,Potential products
BUNNY EGG GARLAND,51,34,173.46,4,3,2,432,Potential products
BUNNY WOODEN PAINTED WITH BIRD ,1,93,597.31,1,4,3,143,Inactive product or newly launched
BUNNY WOODEN PAINTED WITH FLOWER ,5,64,334.27,3,3,3,333,Potential products
"BUNTING , SPOTTY ",169,7,634.7,5,1,3,513,Inactive product or newly launched
BUTTERFLIES STICKERS,4,51,442.71,2,3,3,233,Potential products
BUTTERFLY CROCHET FOOD COVER,10,50,468.67,3,3,3,333,Potential products
BUTTERFLY CUSHION COVER,86,2,30.0,4,1,1,411,Inactive product or newly launched
BUTTERFLY HAIR BAND,77,4,40.8,4,1,1,411,Inactive product or newly launched
BUTTON BOX ,2,121,2020.71,1,4,4,144,Inactive product or newly launched
BUTTONS AND STRIPES NOTEBOOK ,24,7,48.75,4,1,1,411,Inactive product or newly launched
Bank Charges,3,12,165.001,2,2,2,222,Inactive product or newly launched
CABIN BAG VINTAGE PAISLEY,13,16,1279.2,3,2,4,324,Inactive product or newly launched
CABIN BAG VINTAGE RETROSPOT,4,39,3012.4,2,3,5,235,Potential products
CACTI T-LIGHT CANDLES,12,130,2065.22,3,4,4,344,Selling consistently
CAKE PLATE LOVEBIRD PINK,5,43,902.85,3,3,3,333,Potential products
CAKE PLATE LOVEBIRD WHITE,3,149,2599.2,2,4,4,244,Potential products
CAKE SHOP  STICKER SHEET,137,8,48.449999999999996,5,2,1,521,Inactive product or newly launched
CAKE STAND 3 TIER MAGIC GARDEN,16,88,3624.5999999999995,3,4,5,345,Selling consistently
CAKE STAND LACE WHITE,359,1,4.25,5,1,1,511,Inactive product or newly launched
CAKE STAND LOVEBIRD 2 TIER PINK,2,44,964.4,1,3,4,134,Inactive product or newly launched
CAKE STAND LOVEBIRD 2 TIER WHITE,1,74,1489.55,1,4,4,144,Inactive product or newly launched
CAKE STAND VICTORIAN FILIGREE LARGE,317,4,68.0,5,1,1,511,Inactive product or newly launched
CAKE STAND VICTORIAN FILIGREE MED,27,17,466.95000000000005,4,2,3,423,Inactive product or newly launched
CAKE STAND VICTORIAN FILIGREE SMALL,1,36,713.8000000000001,1,3,3,133,Inactive product or newly launched
CAKE STAND WHITE TWO TIER LACE,1,89,2254.5,1,4,4,144,Inactive product or newly launched
CAKES AND BOWS GIFT  TAPE,6,44,318.81,3,3,2,332,Potential products
CAKES AND RABBITS DESIGN FLANNEL ,29,10,48.449999999999996,4,2,1,421,Inactive product or newly launched
"CAKESTAND, 3 TIER, LOVEHEART",373,1,19.9,5,1,1,511,Inactive product or newly launched
CALENDAR FAMILY FAVOURITES,8,32,427.43,3,3,3,333,Potential products
CALENDAR IN SEASON DESIGN,2,68,1222.54,1,3,4,134,Inactive product or newly launched
CALENDAR PAPER CUT DESIGN,23,237,5060.84,3,5,5,355,Selling consistently
CAMOUFLAGE DESIGN TEDDY,80,35,3445.5000000000005,4,3,5,435,Potential products
CAMOUFLAGE EAR MUFF HEADPHONES,3,17,215.87,2,2,2,222,Inactive product or newly launched
CAMOUFLAGE LED TORCH,3,120,4278.12,2,4,5,245,Potential products
CAMPHOR WOOD PORTOBELLO MUSHROOM,2,23,155.61,1,2,2,122,Inactive product or newly launched
CANDLE HOLDER SILVER MADELINE,1,18,315.28999999999996,1,2,2,122,Inactive product or newly launched
CANDLE PLATE LACE WHITE,3,21,246.7,2,2,2,222,Inactive product or newly launched
CANDLEHOLDER PINK HANGING HEART,54,348,5739.33,4,5,5,455,MVP
CANDY HEART HANGING DECORATION,9,42,631.71,3,3,3,333,Potential products
CANDY SHOP  STICKER SHEET,44,22,148.75,4,2,2,422,Inactive product or newly launched
CANDY SPOT BUNNY,22,5,38.35,3,1,1,311,Inactive product or newly launched
CANDY SPOT CUSHION COVER,73,7,119.36000000000001,4,1,2,412,Inactive product or newly launched
CANDY SPOT EGG WARMER HARE,36,21,227.49,4,2,2,422,Inactive product or newly launched
CANDY SPOT EGG WARMER RABBIT,6,30,122.75000000000001,3,3,2,332,Potential products
CANDY SPOT HAND BAG,15,21,385.27000000000004,3,2,3,323,Inactive product or newly launched
CANDY SPOT HEART DECORATION,163,8,38.25,5,2,1,521,Inactive product or newly launched
CANDY SPOT TEA COSY,292,2,40.05,5,1,1,511,Inactive product or newly launched
CANNABIS LEAF BEAD CURTAIN,109,2,30.599999999999998,4,1,1,411,Inactive product or newly launched
CANNISTER VINTAGE LEAF DESIGN,179,2,23.4,5,1,1,511,Inactive product or newly launched
CAPIZ CHANDELIER,199,1,29.95,5,1,1,511,Inactive product or newly launched
CARAVAN SQUARE TISSUE BOX,1,127,703.57,1,4,3,143,Inactive product or newly launched
CARD BILLBOARD FONT,2,332,2067.75,1,5,4,154,Inactive product or newly launched
CARD BIRTHDAY COWBOY,3,155,1324.8899999999999,2,4,4,244,Potential products
CARD CAT AND TREE ,2,104,636.48,1,4,3,143,Inactive product or newly launched
CARD CHRISTMAS VILLAGE,1,162,1309.32,1,5,4,154,Inactive product or newly launched
CARD CIRCUS PARADE,1,214,1267.23,1,5,4,154,Inactive product or newly launched
CARD DOG AND BALL ,11,87,487.08,3,4,3,343,Selling consistently
CARD DOLLY GIRL ,2,213,1701.21,1,5,4,154,Inactive product or newly launched
CARD GINGHAM ROSE ,3,140,1063.66,2,4,4,244,Potential products
CARD HOLDER GINGHAM HEART,3,135,1724.42,2,4,4,244,Potential products
CARD HOLDER LOVE BIRD LARGE ,4,75,1323.4,2,4,4,244,Potential products
CARD HOLDER LOVE BIRD SMALL,2,63,1255.7600000000002,1,3,4,134,Inactive product or newly launched
CARD I LOVE LONDON ,3,150,1286.92,2,4,4,244,Potential products
CARD MOTORBIKE SANTA,1,177,1405.08,1,5,4,154,Inactive product or newly launched
CARD PARTY GAMES ,2,95,628.74,1,4,3,143,Inactive product or newly launched
CARD PSYCHEDELIC APPLES,3,113,742.2,2,4,3,243,Potential products
CARD SUKI BIRTHDAY,5,126,763.08,3,4,3,343,Selling consistently
CARD WEDDING DAY,12,98,615.24,3,4,3,343,Selling consistently
CARDHOLDER GINGHAM CHRISTMAS TREE,4,63,1250.84,2,3,4,234,Potential products
CARDHOLDER GINGHAM STAR,4,58,940.49,2,3,4,234,Potential products
CARDHOLDER HOLLY WREATH METAL,1,91,1886.08,1,4,4,144,Inactive product or newly launched
CARNIVAL BRACELET,243,6,255.0,5,1,2,512,Inactive product or newly launched
CAROUSEL DESIGN WASHBAG,15,26,101.39999999999999,3,2,2,322,Inactive product or newly launched
CAROUSEL PONIES BABY BIB,255,13,14.37,5,2,1,521,Inactive product or newly launched
CARRIAGE,5,133,6686.0,3,4,5,345,Selling consistently
CARROT CHARLIE+LOLA COASTER SET,1,92,545.99,1,4,3,143,Inactive product or newly launched
CARTOON  PENCIL SHARPENERS,4,50,253.2,2,3,2,232,Potential products
CAST IRON HOOK GARDEN FORK,234,14,1371.4299999999998,5,2,4,524,Inactive product or newly launched
CAST IRON HOOK GARDEN TROWEL,227,15,962.73,5,2,4,524,Inactive product or newly launched
CAT AND BIRD WALL ART,47,4,323.64,4,1,2,412,Inactive product or newly launched
CAT BOWL VINTAGE CREAM,1,101,1396.95,1,4,4,144,Inactive product or newly launched
CAT WITH SUNGLASSES BLANK CARD,20,1,0.95,3,1,1,311,Inactive product or newly launched
CD WALL TIDY BLUE OFFICE,16,2,34.56,3,1,1,311,Inactive product or newly launched
CD WALL TIDY RED FLOWERS,16,5,58.56,3,1,1,311,Inactive product or newly launched
CERAMIC BIRDHOUSE CRESTED TIT SMALL,262,17,212.40000000000003,5,2,2,522,Inactive product or newly launched
CERAMIC BOWL WITH LOVE HEART DESIGN,57,58,599.74,4,3,3,433,Potential products
CERAMIC BOWL WITH STRAWBERRY DESIGN,2,84,1106.5500000000002,1,4,4,144,Inactive product or newly launched
CERAMIC CAKE BOWL + HANGING CAKES,1,100,1832.15,1,4,4,144,Inactive product or newly launched
CERAMIC CAKE DESIGN SPOTTED MUG,1,157,2035.55,1,5,4,154,Inactive product or newly launched
CERAMIC CAKE DESIGN SPOTTED PLATE,8,76,1104.8899999999999,3,4,4,344,Selling consistently
CERAMIC CAKE STAND + HANGING CAKES,2,152,5074.83,1,4,5,145,Inactive product or newly launched
CERAMIC CHERRY CAKE MONEY BANK,1,188,2315.73,1,5,4,154,Inactive product or newly launched
CERAMIC HEART FAIRY CAKE MONEY BANK,1,234,2243.94,1,5,4,154,Inactive product or newly launched
CERAMIC LOVE HEART MONEY BANK,1,36,429.84999999999997,1,3,3,133,Inactive product or newly launched
CERAMIC PIRATE CHEST MONEY BANK,3,106,1122.95,2,4,4,244,Potential products
CERAMIC PLATE STRAWBERRY DESIGN,1,56,648.18,1,3,3,133,Inactive product or newly launched
CERAMIC STRAWBERRY CAKE MONEY BANK,1,282,4745.3099999999995,1,5,5,155,Inactive product or newly launched
CERAMIC STRAWBERRY DESIGN MUG,1,146,1960.47,1,4,4,144,Inactive product or newly launched
CERAMIC STRAWBERRY MONEY BOX,17,47,1859.3999999999999,3,3,4,334,Potential products
CERAMIC STRAWBERRY TRINKET TRAY,33,12,140.25,4,2,2,422,Inactive product or newly launched
CHALKBOARD KITCHEN ORGANISER,358,3,137.7,5,1,2,512,Inactive product or newly launched
CHAMBRE HOOK,1,18,155.06999999999996,1,2,2,122,Inactive product or newly launched
CHAMPAGNE TRAY BLANK CARD,15,2,1.52,3,1,1,311,Inactive product or newly launched
CHARLIE & LOLA WASTEPAPER BIN BLUE,4,83,805.75,2,4,3,243,Potential products
CHARLIE & LOLA WASTEPAPER BIN FLORA,5,107,1228.25,3,4,4,344,Selling consistently
CHARLIE + LOLA BISCUITS TINS,200,51,963.3499999999999,5,3,4,534,Potential products
CHARLIE + LOLA RED HOT WATER BOTTLE,1,132,1333.15,1,4,4,144,Inactive product or newly launched
CHARLIE AND LOLA CHARLOTTE BAG,286,8,70.95,5,2,2,522,Inactive product or newly launched
CHARLIE AND LOLA FIGURES TINS,103,127,2817.7999999999997,4,4,5,445,MVP
CHARLIE AND LOLA TABLE TINS,173,60,1048.35,5,3,4,534,Potential products
CHARLIE LOLA BLUE HOT WATER BOTTLE ,1,37,338.09000000000003,1,3,3,133,Inactive product or newly launched
CHARLIE+LOLA MY ROOM DOOR SIGN,4,66,205.98,2,3,2,232,Potential products
CHARLIE+LOLA PINK HOT WATER BOTTLE,1,106,1107.0100000000002,1,4,4,144,Inactive product or newly launched
CHARLIE+LOLA RED HOT WATER BOTTLE ,1,49,498.53000000000003,1,3,3,133,Inactive product or newly launched
"CHARLIE+LOLA""EXTREMELY BUSY"" SIGN",1,73,313.78,1,4,2,142,Inactive product or newly launched
CHARLOTTE BAG ALPHABET  DESIGN,187,22,320.5,5,2,2,522,Inactive product or newly launched
CHARLOTTE BAG APPLES DESIGN,1,427,5632.15,1,5,5,155,Inactive product or newly launched
CHARLOTTE BAG DOLLY GIRL DESIGN,2,347,4011.19,1,5,5,155,Inactive product or newly launched
CHARLOTTE BAG PINK POLKADOT,1,494,5838.09,1,5,5,155,Inactive product or newly launched
CHARLOTTE BAG SUKI DESIGN,2,590,7114.85,1,5,5,155,Inactive product or newly launched
CHARLOTTE BAG VINTAGE ALPHABET ,1,325,3784.52,1,5,5,155,Inactive product or newly launched
CHERRY BLOSSOM  DECORATIVE FLASK,9,95,1242.72,3,4,4,344,Selling consistently
CHERRY BLOSSOM CANVAS ART PICTURE,123,6,97.95,4,1,2,412,Inactive product or newly launched
CHERRY BLOSSOM DECORATIVE FLASK,176,57,666.93,5,3,3,533,Potential products
CHERRY BLOSSOM LUGGAGE TAG,4,6,43.67,2,1,1,211,Inactive product or newly launched
CHERRY BLOSSOM PASSPORT COVER,1,25,122.78,1,2,2,122,Inactive product or newly launched
CHERRY BLOSSOM PURSE,193,1,2.95,5,1,1,511,Inactive product or newly launched
CHERRY BLOSSOM TABLE CLOCK ,202,3,25.7,5,1,1,511,Inactive product or newly launched
CHERRY CROCHET FOOD COVER,4,78,813.67,2,4,3,243,Potential products
CHERUB HEART DECORATION GOLD,2,59,620.4499999999999,1,3,3,133,Inactive product or newly launched
CHERUB HEART DECORATION SILVER ,4,69,1089.6,2,4,4,244,Potential products
CHEST 7 DRAWER MA CAMPAGNE,7,24,821.3,3,2,3,323,Inactive product or newly launched
CHEST NATURAL WOOD 20 DRAWERS,25,13,2745.0,4,2,5,425,Inactive product or newly launched
CHEST OF DRAWERS GINGHAM HEART ,3,79,2459.04,2,4,4,244,Potential products
CHICK GREY HOT WATER BOTTLE,1,288,5770.27,1,5,5,155,Inactive product or newly launched
CHILDREN'S APRON DOLLY GIRL ,1,262,3984.78,1,5,5,155,Inactive product or newly launched
CHILDREN'S CIRCUS PARADE MUG,2,111,1914.5799999999997,1,4,4,144,Inactive product or newly launched
CHILDREN'S SPACEBOY MUG,1,179,2746.1599999999994,1,5,5,155,Inactive product or newly launched
CHILDRENS APRON APPLES DESIGN,2,279,4097.45,1,5,5,155,Inactive product or newly launched
CHILDRENS APRON SPACEBOY DESIGN,1,451,6560.79,1,5,5,155,Inactive product or newly launched
CHILDRENS CUTLERY CIRCUS PARADE,1,143,3852.44,1,4,5,145,Inactive product or newly launched
CHILDRENS CUTLERY DOLLY GIRL ,1,270,6525.55,1,5,5,155,Inactive product or newly launched
CHILDRENS CUTLERY POLKADOT BLUE,1,211,9827.25,1,5,5,155,Inactive product or newly launched
CHILDRENS CUTLERY POLKADOT GREEN ,2,166,6599.06,1,5,5,155,Inactive product or newly launched
CHILDRENS CUTLERY POLKADOT PINK,1,326,13788.300000000001,1,5,5,155,Inactive product or newly launched
CHILDRENS CUTLERY RETROSPOT RED ,1,232,9603.68,1,5,5,155,Inactive product or newly launched
CHILDRENS CUTLERY SPACEBOY ,1,320,7966.080000000001,1,5,5,155,Inactive product or newly launched
CHILDRENS DOLLY GIRL MUG,4,158,2443.14,2,5,4,254,Potential products
CHILDRENS GARDEN GLOVES BLUE,200,66,721.0,5,3,3,533,Potential products
CHILDRENS GARDEN GLOVES PINK,235,52,553.5,5,3,3,533,Potential products
CHILDRENS SPACEBOY MUG,367,2,39.599999999999994,5,1,1,511,Inactive product or newly launched
CHILDRENS TOY COOKING UTENSIL SET,17,124,1363.16,3,4,4,344,Selling consistently
CHILDS BREAKFAST SET CIRCUS PARADE,1,183,4656.3,1,5,5,155,Inactive product or newly launched
CHILDS BREAKFAST SET DOLLY GIRL ,2,181,6053.049999999999,1,5,5,155,Inactive product or newly launched
CHILDS BREAKFAST SET SPACEBOY ,2,205,6652.0,1,5,5,155,Inactive product or newly launched
CHILDS GARDEN BRUSH BLUE,207,57,663.3000000000001,5,3,3,533,Potential products
CHILDS GARDEN BRUSH PINK,186,65,741.0000000000001,5,3,3,533,Potential products
CHILDS GARDEN FORK BLUE ,1,122,757.89,1,4,3,143,Inactive product or newly launched
CHILDS GARDEN FORK PINK,5,118,716.55,3,4,3,343,Selling consistently
CHILDS GARDEN RAKE BLUE,13,43,348.00000000000006,3,3,3,333,Potential products
CHILDS GARDEN RAKE PINK,3,54,366.90000000000003,2,3,3,233,Potential products
CHILDS GARDEN SPADE BLUE,10,75,537.0,3,4,3,343,Selling consistently
CHILDS GARDEN SPADE PINK,3,63,488.70000000000005,2,3,3,233,Potential products
CHILDS GARDEN TROWEL BLUE ,207,107,599.25,5,4,3,543,Selling consistently
CHILDS GARDEN TROWEL PINK,223,95,508.29999999999995,5,4,3,543,Selling consistently
CHILLI LIGHTS,1,521,46265.11,1,5,5,155,Inactive product or newly launched
CHINESE DRAGON PAPER LANTERNS,79,75,1870.7,4,4,4,444,MVP
CHOC TRUFFLE GOLD TRINKET POT ,1,49,562.53,1,3,3,133,Inactive product or newly launched
CHOCOLATE 1 WICK MORRIS BOX CANDLE,22,42,553.58,3,3,3,333,Potential products
CHOCOLATE 3 WICK MORRIS BOX CANDLE,43,43,816.25,4,3,3,433,Potential products
CHOCOLATE BOX RIBBONS ,2,237,1917.58,1,5,4,154,Inactive product or newly launched
CHOCOLATE CALCULATOR,1,116,1296.83,1,4,4,144,Inactive product or newly launched
CHOCOLATE HOT WATER BOTTLE,1,706,23584.64,1,5,5,155,Inactive product or newly launched
CHOCOLATE THIS WAY METAL SIGN,1,379,7204.320000000001,1,5,5,155,Inactive product or newly launched
CHRISTMAS CARD SCREEN PRINT ,7,43,283.32,3,3,2,332,Potential products
CHRISTMAS CARD SINGING ANGEL,4,25,151.2,2,2,2,222,Inactive product or newly launched
CHRISTMAS CARD STACK OF PRESENTS,33,36,196.44,4,3,2,432,Potential products
CHRISTMAS CRAFT HEART STOCKING ,366,1,63.0,5,1,1,511,Inactive product or newly launched
CHRISTMAS CRAFT LITTLE FRIENDS,1,430,7109.200000000001,1,5,5,155,Inactive product or newly launched
CHRISTMAS CRAFT TREE TOP ANGEL,1,355,5015.080000000001,1,5,5,155,Inactive product or newly launched
CHRISTMAS CRAFT WHITE FAIRY ,1,330,4334.94,1,5,5,155,Inactive product or newly launched
CHRISTMAS DECOUPAGE CANDLE,39,65,782.77,4,3,3,433,Potential products
"CHRISTMAS GARLAND STARS,TREES",1,21,366.25,1,2,3,123,Inactive product or newly launched
CHRISTMAS GINGHAM HEART,331,30,450.47999999999996,5,3,3,533,Potential products
CHRISTMAS GINGHAM STAR,1,140,1735.27,1,4,4,144,Inactive product or newly launched
CHRISTMAS GINGHAM TREE,1,126,1480.06,1,4,4,144,Inactive product or newly launched
CHRISTMAS HANGING HEART WITH BELL,331,17,270.0,5,2,2,522,Inactive product or newly launched
CHRISTMAS HANGING SNOWFLAKE,3,44,421.02000000000004,2,3,3,233,Potential products
CHRISTMAS HANGING STAR WITH BELL,1,184,2402.12,1,5,4,154,Inactive product or newly launched
CHRISTMAS HANGING TREE WITH BELL,1,89,993.66,1,4,4,144,Inactive product or newly launched
CHRISTMAS LIGHTS 10 REINDEER,1,253,12133.0,1,5,5,155,Inactive product or newly launched
CHRISTMAS LIGHTS 10 SANTAS ,1,131,4100.25,1,4,5,145,Inactive product or newly launched
CHRISTMAS LIGHTS 10 VINTAGE BAUBLES,4,159,5939.280000000001,2,5,5,255,Potential products
CHRISTMAS METAL POSTCARD WITH BELLS,3,60,1125.94,2,3,4,234,Potential products
CHRISTMAS METAL TAGS ASSORTED ,4,139,2395.93,2,4,4,244,Potential products
CHRISTMAS MUSICAL ZINC HEART ,361,5,29.75,5,1,1,511,Inactive product or newly launched
CHRISTMAS MUSICAL ZINC STAR,1,71,528.2099999999999,1,4,3,143,Inactive product or newly launched
CHRISTMAS MUSICAL ZINC TREE,1,52,290.16999999999996,1,3,2,132,Inactive product or newly launched
CHRISTMAS PUDDING TRINKET POT ,2,175,2883.44,1,5,5,155,Inactive product or newly launched
CHRISTMAS RETROSPOT ANGEL WOOD,3,152,1824.87,2,4,4,244,Potential products
CHRISTMAS RETROSPOT HEART WOOD,361,11,93.5,5,2,2,522,Inactive product or newly launched
CHRISTMAS RETROSPOT STAR WOOD,1,144,1301.84,1,4,4,144,Inactive product or newly launched
CHRISTMAS RETROSPOT TREE WOOD,1,130,1088.1299999999999,1,4,4,144,Inactive product or newly launched
CHRISTMAS STAR WISH LIST CHALKBOARD,1,237,3535.2,1,5,5,155,Inactive product or newly launched
CHRISTMAS TABLE CANDLE SILVER SPIKE,179,1,13.28,5,1,1,511,Inactive product or newly launched
CHRISTMAS TABLE SILVER CANDLE SPIKE,2,76,1301.05,1,4,4,144,Inactive product or newly launched
CHRISTMAS TOILET ROLL,1,175,3665.05,1,5,5,155,Inactive product or newly launched
CHRISTMAS TREE DECORATION WITH BELL,41,22,191.94,4,2,2,422,Inactive product or newly launched
CHRISTMAS TREE HANGING GOLD,1,66,690.64,1,3,3,133,Inactive product or newly launched
CHRISTMAS TREE HANGING SILVER ,1,68,670.1099999999999,1,3,3,133,Inactive product or newly launched
CHRISTMAS TREE HEART DECORATION,19,48,418.74,3,3,3,333,Potential products
CHRISTMAS TREE PAINTED ZINC ,20,55,569.2900000000001,3,3,3,333,Potential products
CHRISTMAS TREE STAR DECORATION,1,49,462.41999999999996,1,3,3,133,Inactive product or newly launched
CHRISTMAS TREE T-LIGHT HOLDER,12,8,47.849999999999994,3,2,1,321,Inactive product or newly launched
CHRYSANTHEMUM  JOURNAL,3,27,180.91,2,3,2,232,Potential products
CHRYSANTHEMUM NOTEBOOK,9,36,156.75,3,3,2,332,Potential products
CHRYSANTHEMUM POCKET BOOK ,2,20,54.4,1,2,1,121,Inactive product or newly launched
CHRYSANTHEMUM SKETCHBOOK ,4,51,367.34,2,3,3,233,Potential products
CHUNKY SILVER NECKLACE PASTEL FLOWE,12,12,208.95,3,2,2,322,Inactive product or newly launched
CINAMMON & ORANGE WREATH,1,33,654.55,1,3,3,133,Inactive product or newly launched
CINAMMON SET OF 9 T-LIGHTS,1,111,672.06,1,4,3,143,Inactive product or newly launched
CINDERELLA CHANDELIER ,36,22,3617.6000000000004,4,2,5,425,Inactive product or newly launched
CINNAMON SCENTED VOTIVE CANDLE,3,38,326.23999999999995,2,3,2,232,Potential products
CIRCUS PARADE BABY GIFT SET,6,89,4444.75,3,4,5,345,Selling consistently
CIRCUS PARADE CHILDRENS EGG CUP ,1,113,1282.34,1,4,4,144,Inactive product or newly launched
CIRCUS PARADE LUNCH BOX ,1,259,6114.83,1,5,5,155,Inactive product or newly launched
CITRONELLA CANDLE FLOWERPOT,4,127,1429.2,2,4,4,244,Potential products
CITRONELLA CANDLE GARDEN POT,2,126,1348.75,1,4,4,144,Inactive product or newly launched
CITRUS GARLAND FELT FLOWERS ,226,14,117.0,5,2,2,522,Inactive product or newly launched
CLAM SHELL LARGE,262,4,18.75,5,1,1,511,Inactive product or newly launched
CLAM SHELL SMALL ,1,30,375.73,1,3,3,133,Inactive product or newly launched
CLASSIC BICYCLE CLIPS ,1,89,2200.15,1,4,4,144,Inactive product or newly launched
CLASSIC CAFE SUGAR DISPENSER,1,210,3037.1,1,5,5,155,Inactive product or newly launched
CLASSIC CHROME BICYCLE BELL ,1,175,3431.35,1,5,5,155,Inactive product or newly launched
CLASSIC CROME BICYCLE BELL ,24,2,77.4,4,1,2,412,Inactive product or newly launched
CLASSIC DIAMANTE EARRINGS JET,77,1,17.700000000000003,4,1,1,411,Inactive product or newly launched
CLASSIC DIAMANTE NECKLACE JET,37,1,15.0,4,1,1,411,Inactive product or newly launched
CLASSIC FRENCH STYLE BASKET BROWN,11,67,1240.44,3,3,4,334,Potential products
CLASSIC FRENCH STYLE BASKET GREEN ,128,70,1388.65,4,4,4,444,MVP
CLASSIC FRENCH STYLE BASKET NATURAL,45,93,2064.4700000000003,4,4,4,444,MVP
CLASSIC GLASS COOKIE JAR,3,249,5350.200000000001,2,5,5,255,Potential products
CLASSIC GLASS SWEET JAR,120,14,479.45000000000005,4,2,3,423,Inactive product or newly launched
CLASSIC METAL BIRDCAGE PLANT HOLDER,2,261,10123.16,1,5,5,155,Inactive product or newly launched
CLASSIC SUGAR DISPENSER,163,12,247.32,5,2,2,522,Inactive product or newly launched
CLASSIC WHITE FRAME,249,15,162.25,5,2,2,522,Inactive product or newly launched
CLASSICAL ROSE CANDLESTAND,220,7,147.35000000000002,5,1,2,512,Inactive product or newly launched
CLASSICAL ROSE SMALL VASE,262,10,227.1,5,2,2,522,Inactive product or newly launched
CLASSICAL ROSE TABLE LAMP,4,2,55.7,2,1,1,211,Inactive product or newly launched
CLEAR ACRYLIC FACETED BANGLE,1,6,58.6,1,1,1,111,Inactive product or newly launched
CLEAR CRYSTAL STAR PHONE CHARM,3,6,20.39,2,1,1,211,Inactive product or newly launched
CLEAR DRAWER KNOB ACRYLIC EDWARDIAN,2,327,6803.17,1,5,5,155,Inactive product or newly launched
CLEAR LOVE BIRD T-LIGHT HOLDER,25,6,146.21,4,1,2,412,Inactive product or newly launched
CLEAR MILKSHAKE GLASS,318,5,75.60000000000001,5,1,2,512,Inactive product or newly launched
CLEAR STATIONERY BOX SET ,246,2,5.1,5,1,1,511,Inactive product or newly launched
CLOCK MAGNET MUM'S KITCHEN,1,40,837.88,1,3,3,133,Inactive product or newly launched
CLOTHES PEGS RETROSPOT PACK 24 ,1,642,12525.21,1,5,5,155,Inactive product or newly launched
COCKLE SHELL DISH,1,32,420.88,1,3,3,133,Inactive product or newly launched
COCKTAIL SWORDS 50 PIECES,1,68,705.25,1,3,3,133,Inactive product or newly launched
COFFEE MUG APPLES DESIGN,1,230,6108.85,1,5,5,155,Inactive product or newly launched
COFFEE MUG BLUE PAISLEY DESIGN,2,47,1252.76,1,3,4,134,Inactive product or newly launched
COFFEE MUG CAT + BIRD DESIGN,1,181,4478.34,1,5,5,155,Inactive product or newly launched
COFFEE MUG DOG + BALL DESIGN,1,143,3011.64,1,4,5,145,Inactive product or newly launched
COFFEE MUG PEARS  DESIGN,1,191,4957.3,1,5,5,155,Inactive product or newly launched
COFFEE MUG PINK PAISLEY DESIGN,2,44,1559.44,1,3,4,134,Inactive product or newly launched
COFFEE SCENT PILLAR CANDLE,2,45,276.45,1,3,2,132,Inactive product or newly launched
COLOUR GLASS T-LIGHT HOLDER HANGING,1,530,9566.51,1,5,5,155,Inactive product or newly launched
COLOUR GLASS. STAR T-LIGHT HOLDER,11,223,16566.34,3,5,5,355,Selling consistently
COLOURED GLASS STAR T-LIGHT HOLDER,1,43,3474.88,1,3,5,135,Inactive product or newly launched
COLOURFUL FLOWER FRUIT BOWL,68,11,50.25,4,2,1,421,Inactive product or newly launched
COLOURING PENCILS BROWN TUBE,2,241,2923.18,1,5,5,155,Inactive product or newly launched
COLUMBIAN  CUBE CANDLE ,40,8,47.18,4,2,1,421,Inactive product or newly launched
COLUMBIAN CANDLE RECTANGLE,7,32,285.15,3,3,2,332,Potential products
COLUMBIAN CANDLE ROUND,12,58,272.32,3,3,2,332,Potential products
COLUMBIAN CANDLE ROUND ,16,30,208.1,3,3,2,332,Potential products
COLUMBIAN CUBE CANDLE,12,12,54.599999999999994,3,2,1,321,Inactive product or newly launched
CONDIMENT TRAY 4 BOWLS AND 4 SPOONS,50,9,160.39,4,2,2,422,Inactive product or newly launched
CONGRATULATIONS BUNTING,200,3,70.85000000000001,5,1,2,512,Inactive product or newly launched
COOK WITH WINE METAL SIGN ,1,607,20232.13,1,5,5,155,Inactive product or newly launched
COOKING SET RETROSPOT,217,25,621.66,5,2,3,523,Inactive product or newly launched
COPPER AND BRASS BAG CHARM,53,2,24.810000000000002,4,1,1,411,Inactive product or newly launched
COPPER/OLIVE GREEN FLOWER NECKLACE,60,4,35.7,4,1,1,411,Inactive product or newly launched
CORDIAL GLASS JUG,15,14,247.5,3,2,2,322,Inactive product or newly launched
CORDIAL JUG,40,2,49.5,4,1,1,411,Inactive product or newly launched
CORONA MEXICAN TRAY,354,18,496.25,5,2,3,523,Inactive product or newly launched
COSMETIC BAG VINTAGE ROSE PAISLEY,2,63,728.62,1,3,3,133,Inactive product or newly launched
COSY HOUR CIGAR BOX MATCHES ,1,150,1451.39,1,4,4,144,Inactive product or newly launched
COSY HOUR GIANT TUBE MATCHES,53,29,475.65,4,3,3,433,Potential products
COSY SLIPPER SHOES LARGE GREEN,24,28,386.45000000000005,4,3,3,433,Potential products
COSY SLIPPER SHOES SMALL  RED ,51,20,126.85000000000001,4,2,2,422,Inactive product or newly launched
COSY SLIPPER SHOES SMALL GREEN,1,48,411.54,1,3,3,133,Inactive product or newly launched
COTE D'AZURE NECKLACE,30,2,14.850000000000001,4,1,1,411,Inactive product or newly launched
COTTON APRON PANTRY DESIGN,1,142,2670.54,1,4,4,144,Inactive product or newly launched
COWBOYS AND INDIANS BIRTHDAY CARD ,1,203,1444.75,1,5,4,154,Inactive product or newly launched
CRACKED GLAZE EARRINGS BROWN,301,1,2.55,5,1,1,511,Inactive product or newly launched
CRACKED GLAZE EARRINGS RED,61,1,2.55,4,1,1,411,Inactive product or newly launched
CRACKED GLAZE NECKLACE IVORY,31,2,41.7,4,1,1,411,Inactive product or newly launched
CRACKED GLAZE NECKLACE RED,61,3,41.7,4,1,1,411,Inactive product or newly launched
CRAZY DAISY HEART DECORATION,4,31,195.52,2,3,2,232,Potential products
CREAM AND PINK FLOWERS PONY ,51,5,41.25,4,1,1,411,Inactive product or newly launched
CREAM BUNNY EASTER EGG BASKET,10,3,41.24999999999999,3,1,1,311,Inactive product or newly launched
CREAM CLIMBING HYDRANGA ART FLOWER,4,3,52.5,2,1,1,211,Inactive product or newly launched
CREAM CUPID HEARTS COAT HANGER,4,243,7121.2300000000005,2,5,5,255,Potential products
CREAM DELPHINIUM ARTIFICIAL FLOWER,4,8,180.58,2,2,2,222,Inactive product or newly launched
CREAM FELT EASTER EGG BASKET,269,104,1446.8999999999999,5,4,4,544,MVP
CREAM HANGING HEART T-LIGHT HOLDER,1,7,155.35,1,1,2,112,Inactive product or newly launched
CREAM HEART CARD HOLDER,1,454,22687.920000000002,1,5,5,155,Inactive product or newly launched
CREAM SLICE FLANNEL CHOCOLATE SPOT ,10,35,530.95,3,3,3,333,Potential products
CREAM SLICE FLANNEL PINK SPOT ,9,63,2209.95,3,3,4,334,Potential products
CREAM SWEETHEART EGG HOLDER,79,149,3547.3,4,4,5,445,MVP
CREAM SWEETHEART LETTER RACK,317,23,866.05,5,2,3,523,Inactive product or newly launched
CREAM SWEETHEART MINI CHEST,1,450,20448.17,1,5,5,155,Inactive product or newly launched
CREAM SWEETHEART WALL CABINET,330,5,126.64999999999999,5,1,2,512,Inactive product or newly launched
CREAM WALL PLANTER HEART SHAPED,1,144,2396.71,1,4,4,144,Inactive product or newly launched
CROCHET BEAR RED/BLUE  KEYRING,159,4,24.75,5,1,1,511,Inactive product or newly launched
CROCHET DOG KEYRING,178,1,1.65,5,1,1,511,Inactive product or newly launched
CROCHET LILAC/RED BEAR KEYRING,14,1,1.65,3,1,1,311,Inactive product or newly launched
CROCHET ROSE DES CLOTHES HANGER,277,2,14.750000000000002,5,1,1,511,Inactive product or newly launched
CROCHET ROSE PURSE WITH SUEDE BACK,9,17,206.50000000000003,3,2,2,322,Inactive product or newly launched
CROCHET WHITE RABBIT KEYRING ,134,3,46.349999999999994,5,1,1,511,Inactive product or newly launched
CRYSTAL CHANDELIER T-LIGHT HOLDER,213,1,18.75,5,1,1,511,Inactive product or newly launched
CRYSTAL CZECH CROSS PHONE CHARM,4,4,13.69,2,1,1,211,Inactive product or newly launched
CRYSTAL DIAMANTE EXPANDABLE RING,227,8,136.0,5,2,2,522,Inactive product or newly launched
CRYSTAL DIAMANTE STAR BROOCH,11,7,59.400000000000006,3,1,1,311,Inactive product or newly launched
CRYSTAL FROG PHONE CHARM,1,11,49.93,1,2,1,121,Inactive product or newly launched
CRYSTAL HOOP EARRING FLORAL LEAF,11,6,35.400000000000006,3,1,1,311,Inactive product or newly launched
CRYSTAL PAIR HEART HAIR SLIDES,33,7,67.5,4,1,1,411,Inactive product or newly launched
CRYSTAL SEA HORSE PHONE CHARM,1,8,33.66,1,2,1,121,Inactive product or newly launched
CRYSTAL STILETTO PHONE CHARM,7,2,20.4,3,1,1,311,Inactive product or newly launched
CRYSTAL STUD EARRINGS ASSORTED COL ,8,15,232.56,3,2,2,322,Inactive product or newly launched
CRYSTAL STUD EARRINGS CLEAR DISPLAY,26,7,123.12,4,1,2,412,Inactive product or newly launched
CUBIC MUG FLOCK BLUE ON BROWN,177,17,60.33,5,2,1,521,Inactive product or newly launched
CUBIC MUG FLOCK PINK ON BROWN,32,21,52.5,4,2,1,421,Inactive product or newly launched
CUBIC MUG PINK POLKADOT,241,35,216.26999999999998,5,3,2,532,Potential products
CUPBOARD 3 DRAWER MA CAMPAGNE,3,87,2070.95,2,4,4,244,Potential products
CUPCAKE LACE PAPER SET 6,1,172,4355.33,1,5,5,155,Inactive product or newly launched
CUPID DESIGN SCENTED CANDLES,1,30,436.4,1,3,3,133,Inactive product or newly launched
CUPID SCENTED CANDLE IN GLASS,302,4,18.15,5,1,1,511,Inactive product or newly launched
CURIO CABINET LINEN AND LACE ,14,18,290.1,3,2,2,322,Inactive product or newly launched
CURIOUS  IMAGES NOTEBOOK SET,184,10,262.25,5,2,2,522,Inactive product or newly launched
CURIOUS IMAGES GIFT WRAP SET,2,85,565.1,1,4,3,143,Inactive product or newly launched
CURIOUS IMAGES SCRAP BOOK SET,359,1,14.850000000000001,5,1,1,511,Inactive product or newly launched
CUSHION COVER PINK UNION JACK,2,37,576.64,1,3,3,133,Inactive product or newly launched
CUT GLASS HEXAGON T-LIGHT HOLDER,11,9,912.9599999999999,3,2,3,323,Inactive product or newly launched
CUT GLASS T-LIGHT HOLDER OCTAGON,3,27,511.35,2,3,3,233,Potential products
CUTE BIRD CEATURE SCREEN,113,2,8.58,4,1,1,411,Inactive product or newly launched
CUTE CATS TAPE,4,45,315.55,2,3,2,232,Potential products
CUTE RABBIT CEATURE SCREEN ,113,2,4.29,4,1,1,411,Inactive product or newly launched
DAIRY MAID  PUDDING BOWL,365,2,18.75,5,1,1,511,Inactive product or newly launched
DAIRY MAID LARGE MILK JUG,3,125,1563.75,2,4,4,244,Potential products
DAIRY MAID STRIPE MUG,12,82,1720.3000000000002,3,4,4,344,Selling consistently
DAIRY MAID TOASTRACK,1,84,690.12,1,4,3,143,Inactive product or newly launched
DAIRY MAID TRADITIONAL TEAPOT ,10,86,1209.2,3,4,4,344,Selling consistently
DAISIES  HONEYCOMB GARLAND ,3,51,691.3499999999999,2,3,3,233,Potential products
DAISY FOLKART HEART DECORATION,33,17,120.0,4,2,2,422,Inactive product or newly launched
DAISY GARDEN MARKER,8,54,1513.1,3,3,4,334,Potential products
DAISY HAIR BAND,33,6,75.89999999999999,4,1,2,412,Inactive product or newly launched
DAISY HAIR COMB,77,1,15.299999999999999,4,1,1,411,Inactive product or newly launched
DAISY JOURNAL ,3,26,173.11999999999998,2,2,2,222,Inactive product or newly launched
DAISY NOTEBOOK ,9,21,103.94999999999999,3,2,2,322,Inactive product or newly launched
DAISY SKETCHBOOK ,4,25,189.96,2,2,2,222,Inactive product or newly launched
DANISH ROSE BEDSIDE CABINET,112,10,519.35,4,2,3,423,Inactive product or newly launched
DANISH ROSE DECORATIVE PLATE,1,56,710.64,1,3,3,133,Inactive product or newly launched
DANISH ROSE DELUXE COASTER,1,41,407.15,1,3,3,133,Inactive product or newly launched
DANISH ROSE FOLDING CHAIR,305,25,890.4000000000001,5,2,3,523,Inactive product or newly launched
DANISH ROSE PHOTO FRAME,40,99,1460.81,4,4,4,444,MVP
DANISH ROSE ROUND SEWING BOX,1,62,951.79,1,3,4,134,Inactive product or newly launched
DANISH ROSE TRINKET TRAYS,1,31,483.05,1,3,3,133,Inactive product or newly launched
DANISH ROSE UMBRELLA STAND,19,2,31.9,3,1,1,311,Inactive product or newly launched
DARK BIRD HOUSE TREE DECORATION,2,67,377.3299999999999,1,3,3,133,Inactive product or newly launched
DECORATION  BUTTERFLY  MAGIC GARDEN,142,58,375.78999999999996,5,3,3,533,Potential products
DECORATION  PINK CHICK MAGIC GARDEN,23,46,320.53999999999996,3,3,2,332,Potential products
"DECORATION , WOBBLY CHICKEN, METAL ",252,28,374.54999999999995,5,3,3,533,Potential products
"DECORATION , WOBBLY RABBIT , METAL ",253,34,448.79999999999995,5,3,3,533,Potential products
"DECORATION HEN ON NEST, HANGING",359,3,64.35,5,1,1,511,Inactive product or newly launched
DECORATION SITTING BUNNY,29,43,257.61,4,3,2,432,Potential products
DECORATION WHITE CHICK MAGIC GARDEN,11,78,530.49,3,4,3,343,Selling consistently
DECORATION WOBBLY CHICKEN,9,29,256.11,3,3,2,332,Potential products
DECORATION WOBBLY RABBIT METAL ,9,45,375.57,3,3,3,333,Potential products
DECORATIVE CATS BATHROOM BOTTLE,10,52,647.03,3,3,3,333,Potential products
DECORATIVE FLORE BATHROOM BOTTLE,10,41,313.91,3,3,2,332,Potential products
DECORATIVE HANGING SHELVING UNIT,141,5,359.70000000000005,5,1,3,513,Inactive product or newly launched
DECORATIVE PLANT POT WITH FRIEZE,12,25,544.5,3,2,3,323,Inactive product or newly launched
DECORATIVE ROSE BATHROOM BOTTLE,10,59,693.52,3,3,3,333,Potential products
DECORATIVE VINTAGE COFFEE  BOX,2,16,208.20000000000002,1,2,2,122,Inactive product or newly launched
DECORATIVE WICKER HEART LARGE,1,232,2794.6499999999996,1,5,5,155,Inactive product or newly launched
DECORATIVE WICKER HEART MEDIUM,1,202,2181.19,1,5,4,154,Inactive product or newly launched
DECORATIVE WICKER HEART SMALL,1,86,932.2800000000001,1,4,3,143,Inactive product or newly launched
"DECOUPAGE,GREETING CARD,",148,23,141.12,5,2,2,522,Inactive product or newly launched
DECROTIVEVINTAGE COFFEE GRINDER BOX,45,4,49.5,4,1,1,411,Inactive product or newly launched
DELUXE SEWING KIT ,2,223,5968.67,1,5,5,155,Inactive product or newly launched
DENIM PATCH PURSE PINK BUTTERFLY,122,27,231.0,4,3,2,432,Potential products
DIAMANTE BOW BROOCH BLACK COLOUR,12,4,44.449999999999996,3,1,1,311,Inactive product or newly launched
DIAMANTE BOW BROOCH GREEN COLOUR,2,10,133.35,1,2,2,122,Inactive product or newly launched
DIAMANTE BOW BROOCH RED COLOUR,2,10,158.75,1,2,2,122,Inactive product or newly launched
DIAMANTE HAIR GRIP PACK/2 BLACK DIA,33,3,14.85,4,1,1,411,Inactive product or newly launched
DIAMANTE HAIR GRIP PACK/2 CRYSTAL,77,1,9.899999999999999,4,1,1,411,Inactive product or newly launched
DIAMANTE HAIR GRIP PACK/2 LT ROSE,33,3,14.85,4,1,1,411,Inactive product or newly launched
DIAMANTE HAIR GRIP PACK/2 MONTANA,33,3,13.2,4,1,1,411,Inactive product or newly launched
DIAMANTE HAIR GRIP PACK/2 PERIDOT,77,1,9.899999999999999,4,1,1,411,Inactive product or newly launched
DIAMANTE HAIR GRIP PACK/2 RUBY,33,3,16.499999999999996,4,1,1,411,Inactive product or newly launched
"DIAMANTE HEART SHAPED WALL MIRROR, ",1,38,1490.65,1,3,4,134,Inactive product or newly launched
DIAMANTE NECKLACE,109,1,15.0,4,1,1,411,Inactive product or newly launched
DIAMANTE NECKLACE BLACK ,37,1,15.0,4,1,1,411,Inactive product or newly launched
DIAMANTE NECKLACE GREEN,61,2,22.5,4,1,1,411,Inactive product or newly launched
DIAMANTE NECKLACE PURPLE,37,4,52.5,4,1,1,411,Inactive product or newly launched
DIAMANTE RING ASSORTED IN BOX.,1,22,1311.3600000000001,1,2,4,124,Inactive product or newly launched
DIAMOND LAS VEGAS NECKLACE 45CM,16,3,29.75,3,1,1,311,Inactive product or newly launched
DINOSAUR HEIGHT CHART STICKER SET,14,35,486.75000000000006,3,3,3,333,Potential products
DINOSAUR KEYRINGS ASSORTED,51,132,1310.25,4,4,4,444,MVP
DINOSAUR LUNCH BOX WITH CUTLERY,2,168,2868.7799999999997,1,5,5,155,Inactive product or newly launched
DINOSAUR PARTY BAG + STICKER SET,3,92,1101.44,2,4,4,244,Potential products
DINOSAURS  WRITING SET ,1,169,975.0999999999999,1,5,4,154,Inactive product or newly launched
DISCO BALL CHRISTMAS DECORATION,1,184,1397.04,1,5,4,154,Inactive product or newly launched
DISCO BALL ROTATOR BATTERY OPERATED,8,102,1034.0,3,4,4,344,Selling consistently
DO NOT TOUCH MY STUFF DOOR HANGER ,43,114,599.79,4,4,3,443,Selling consistently
DOCTOR'S BAG SOFT TOY,4,66,1640.1799999999998,2,3,4,234,Potential products
DOG AND BALL WALL ART,47,4,425.87999999999994,4,1,3,413,Inactive product or newly launched
DOG BOWL CHASING BALL DESIGN,4,115,5220.429999999999,2,4,5,245,Potential products
DOG BOWL VINTAGE CREAM,1,108,1507.92,1,4,4,144,Inactive product or newly launched
DOG LICENCE WALL ART,12,29,2081.64,3,3,4,334,Potential products
DOG TOY WITH PINK CROCHET SKIRT,5,70,615.76,3,4,3,343,Selling consistently
DOGGY RUBBER,5,29,40.32,3,3,1,331,Inactive product or newly launched
DOILEY BISCUIT TIN,87,13,327.6,4,2,2,422,Inactive product or newly launched
DOILEY STORAGE TIN,29,113,2934.98,4,4,5,445,MVP
DOILY THANK YOU CARD,1,44,286.62,1,3,2,132,Inactive product or newly launched
DOLLCRAFT BOY JEAN-PAUL ,205,12,373.9,5,2,3,523,Inactive product or newly launched
DOLLCRAFT GIRL AMELIE,204,8,178.2,5,2,2,522,Inactive product or newly launched
DOLLCRAFT GIRL AMELIE KIT,205,8,294.7,5,2,2,522,Inactive product or newly launched
DOLLCRAFT GIRL NICOLE,205,12,336.6,5,2,3,523,Inactive product or newly launched
DOLLY CABINET 2 DRAWERS ,2,19,412.5,1,2,3,123,Inactive product or newly launched
DOLLY CABINET 3 DRAWERS ,1,30,762.4499999999999,1,3,3,133,Inactive product or newly launched
DOLLY GIRL BABY GIFT SET,6,120,6534.049999999999,3,4,5,345,Selling consistently
DOLLY GIRL CHILDRENS BOWL,2,142,1854.8500000000001,1,4,4,144,Inactive product or newly launched
DOLLY GIRL CHILDRENS CUP,1,145,1880.14,1,4,4,144,Inactive product or newly launched
DOLLY GIRL CHILDRENS EGG CUP,4,112,1131.21,2,4,4,244,Potential products
DOLLY GIRL LUNCH BOX,1,623,20104.09,1,5,5,155,Inactive product or newly launched
DOLLY GIRL MINI BACKPACK,1,147,2838.9500000000003,1,4,5,145,Inactive product or newly launched
DOLLY GIRL MINI RUCKSACK,53,2,33.2,4,1,1,411,Inactive product or newly launched
DOLLY GIRL WALL ART,30,11,1055.94,4,2,4,424,Inactive product or newly launched
DOLLY HONEYCOMB GARLAND,23,20,403.2,3,2,3,323,Inactive product or newly launched
DOLLY MIXTURE CHILDREN'S UMBRELLA,1,64,822.38,1,3,3,133,Inactive product or newly launched
DOLPHIN WINDMILL,181,1,2.12,5,1,1,511,Inactive product or newly launched
DONKEY TAIL GAME ,78,4,189.54000000000002,4,1,2,412,Inactive product or newly launched
DOOR HANGER  MUM + DADS ROOM,1,52,271.15,1,3,2,132,Inactive product or newly launched
DOORKNOB CERAMIC IVORY,135,1,52.199999999999996,5,1,1,511,Inactive product or newly launched
DOORKNOB CRACKED GLAZE BLUE,149,3,238.49999999999997,5,1,2,512,Inactive product or newly launched
DOORKNOB CRACKED GLAZE GREEN,158,2,19.799999999999997,5,1,1,511,Inactive product or newly launched
DOORKNOB CRACKED GLAZE IVORY,109,5,258.29999999999995,4,1,2,412,Inactive product or newly launched
DOORKNOB CRACKED GLAZE PINK,158,2,19.799999999999997,5,1,1,511,Inactive product or newly launched
DOORMAT 3 SMILEY CATS,1,175,6690.8,1,5,5,155,Inactive product or newly launched
DOORMAT AIRMAIL ,1,156,4887.82,1,5,5,155,Inactive product or newly launched
DOORMAT BLACK FLOCK ,4,173,9797.75,2,5,5,255,Potential products
DOORMAT CHRISTMAS VILLAGE,4,35,2991.7,2,3,5,235,Potential products
DOORMAT ENGLISH ROSE ,1,356,13447.1,1,5,5,155,Inactive product or newly launched
DOORMAT FAIRY CAKE,1,242,21171.79,1,5,5,155,Inactive product or newly launched
DOORMAT FANCY FONT HOME SWEET HOME,1,397,19149.07,1,5,5,155,Inactive product or newly launched
DOORMAT HEARTS,1,481,19924.66,1,5,5,155,Inactive product or newly launched
DOORMAT HOME SWEET HOME BLUE ,1,262,9619.99,1,5,5,155,Inactive product or newly launched
DOORMAT I LOVE LONDON,3,69,2157.33,2,4,4,244,Potential products
DOORMAT KEEP CALM AND COME IN,1,652,35880.85,1,5,5,155,Inactive product or newly launched
DOORMAT MERRY CHRISTMAS RED ,11,113,4340.44,3,4,5,345,Selling consistently
DOORMAT MULTICOLOUR STRIPE,1,141,8045.2699999999995,1,4,5,145,Inactive product or newly launched
DOORMAT NEIGHBOURHOOD WITCH ,3,70,1645.67,2,4,4,244,Potential products
DOORMAT NEW ENGLAND,1,533,22783.8,1,5,5,155,Inactive product or newly launched
DOORMAT PEACE ON EARTH BLUE,1,27,3442.04,1,3,5,135,Inactive product or newly launched
DOORMAT RED RETROSPOT,1,577,25364.85,1,5,5,155,Inactive product or newly launched
DOORMAT RESPECTABLE HOUSE,2,126,4865.19,1,4,5,145,Inactive product or newly launched
DOORMAT SPOTTY HOME SWEET HOME,1,405,12055.32,1,5,5,155,Inactive product or newly launched
DOORMAT TOPIARY,1,183,5644.46,1,5,5,155,Inactive product or newly launched
DOORMAT UNION FLAG,1,518,23622.54,1,5,5,155,Inactive product or newly launched
DOORMAT UNION JACK GUNS AND ROSES,3,156,6619.41,2,5,5,255,Potential products
DOORMAT VINTAGE LEAF,1,121,3766.57,1,4,5,145,Inactive product or newly launched
DOORMAT VINTAGE LEAVES DESIGN ,138,88,2833.7000000000003,5,4,5,545,MVP
DOORMAT WELCOME PUPPIES,3,252,11536.25,2,5,5,255,Potential products
DOORMAT WELCOME SUNRISE,1,95,2260.69,1,4,4,144,Inactive product or newly launched
DOORMAT WELCOME TO OUR HOME,1,338,9451.58,1,5,5,155,Inactive product or newly launched
DOORSTOP FOOTBALL DESIGN,1,51,404.98,1,3,3,133,Inactive product or newly launched
DOORSTOP RACING CAR DESIGN,3,32,232.25,2,3,2,232,Potential products
DOORSTOP RETROSPOT HEART,3,236,5919.46,2,5,5,255,Potential products
DOTCOM POSTAGE,4,16,11906.36,2,2,5,225,Inactive product or newly launched
DOTCOMGIFTSHOP TEA TOWEL,294,1,19.799999999999997,5,1,1,511,Inactive product or newly launched
DOUBLE CERAMIC PARLOUR HOOK,95,5,91.30000000000001,4,1,2,412,Inactive product or newly launched
DOUGHNUT LIP GLOSS ,1,308,11615.7,1,5,5,155,Inactive product or newly launched
DOVE DECORATION PAINTED ZINC ,56,52,667.71,4,3,3,433,Potential products
DRAGONS BLOOD INCENSE,30,13,73.29,4,2,2,422,Inactive product or newly launched
DRAWER KNOB CERAMIC BLACK,1,80,1314.95,1,4,4,144,Inactive product or newly launched
DRAWER KNOB CERAMIC IVORY,2,166,2863.39,1,5,5,155,Inactive product or newly launched
DRAWER KNOB CERAMIC RED,1,59,943.75,1,3,4,134,Inactive product or newly launched
DRAWER KNOB CRACKLE GLAZE BLUE,37,112,1751.7899999999997,4,4,4,444,MVP
DRAWER KNOB CRACKLE GLAZE GREEN,1,136,2060.3999999999996,1,4,4,144,Inactive product or newly launched
DRAWER KNOB CRACKLE GLAZE IVORY,13,181,3348.5999999999995,3,5,5,355,Selling consistently
DRAWER KNOB CRACKLE GLAZE PINK,2,136,1967.9999999999998,1,4,4,144,Inactive product or newly launched
DRAWER KNOB VINTAGE GLASS BALL,8,46,669.61,3,3,3,333,Potential products
DRAWER KNOB VINTAGE GLASS HEXAGON,8,27,596.96,3,3,3,333,Potential products
DRAWER KNOB VINTAGE GLASS STAR,3,55,1016.97,2,3,4,234,Potential products
DROP DIAMANTE EARRINGS BLACK DIAMON,179,2,20.650000000000002,5,1,1,511,Inactive product or newly launched
DROP DIAMANTE EARRINGS CRYSTAL,77,3,38.35000000000001,4,1,1,411,Inactive product or newly launched
DROP DIAMANTE EARRINGS GREEN,77,1,17.700000000000003,4,1,1,411,Inactive product or newly launched
DROP DIAMANTE EARRINGS PURPLE,61,6,50.150000000000006,4,1,1,411,Inactive product or newly launched
DROP EARRINGS W FLOWER & LEAF,21,2,5.1,3,1,1,311,Inactive product or newly launched
DUSTY PINK CHRISTMAS TREE 30CM,369,1,1.25,5,1,1,511,Inactive product or newly launched
DUSTY PINK CHRISTMAS TREE 60CM,19,2,26.550000000000004,3,1,1,311,Inactive product or newly launched
EASTER BUNNY GARLAND OF FLOWERS,239,38,200.34,5,3,2,532,Potential products
EASTER BUNNY HANGING GARLAND,234,11,67.5,5,2,1,521,Inactive product or newly launched
EASTER BUNNY WITH BASKET ON BACK,36,19,68.25,4,2,1,421,Inactive product or newly launched
EASTER BUNNY WREATH,246,10,138.6,5,2,2,522,Inactive product or newly launched
EASTER CRAFT 4 CHICKS ,6,162,3355.35,3,5,5,355,Selling consistently
EASTER CRAFT IVY WREATH WITH CHICK,318,1,1.95,5,1,1,511,Inactive product or newly launched
EASTER DECORATION EGG BUNNY ,4,77,654.7,2,4,3,243,Potential products
EASTER DECORATION HANGING BUNNY,2,85,562.7,1,4,3,143,Inactive product or newly launched
EASTER DECORATION NATURAL CHICK,10,54,331.50000000000006,3,3,2,332,Potential products
EASTER DECORATION SITTING BUNNY,202,56,407.13,5,3,3,533,Potential products
EASTER TIN BUCKET,263,38,931.95,5,3,3,533,Potential products
EASTER TIN BUNNY BOUQUET,24,129,1822.7999999999997,4,4,4,444,MVP
EASTER TIN CHICKS IN GARDEN,234,38,481.79999999999995,5,3,3,533,Potential products
EASTER TIN CHICKS PINK DAISY,21,85,923.9999999999999,3,4,3,343,Selling consistently
EASTER TIN KEEPSAKE,64,111,1713.8999999999999,4,4,4,444,MVP
EASTER TREE YELLOW BIRDS,2,43,642.6,1,3,3,133,Inactive product or newly launched
EAU DE NIL LOVE BIRD CANDLE,1,21,353.72,1,2,3,123,Inactive product or newly launched
EAU DE NILE HEART SHAPE PHOTO FRAME,5,21,471.15,3,2,3,323,Inactive product or newly launched
EAU DE NILE JEWELLED PHOTOFRAME,5,24,522.4499999999999,3,2,3,323,Inactive product or newly launched
EAU DE NILE JEWELLED T-LIGHT HOLDER,1,9,63.75,1,2,1,121,Inactive product or newly launched
ECONOMY HOLIDAY PURSE,244,4,11.8,5,1,1,511,Inactive product or newly launched
ECONOMY LUGGAGE TAG,3,31,139.56,2,3,2,232,Potential products
EDWARDIAN DROP EARRINGS JET BLACK,2,4,30.0,1,1,1,111,Inactive product or newly launched
EDWARDIAN HEART PHOTO FRAME,5,33,610.0500000000001,3,3,3,333,Potential products
EDWARDIAN PARASOL BLACK,1,291,15218.67,1,5,5,155,Inactive product or newly launched
EDWARDIAN PARASOL NATURAL,1,380,20672.91,1,5,5,155,Inactive product or newly launched
EDWARDIAN PARASOL PINK,1,135,4242.26,1,4,5,145,Inactive product or newly launched
EDWARDIAN PARASOL RED,1,271,9055.87,1,5,5,155,Inactive product or newly launched
EDWARDIAN PHOTO FRAME,5,31,543.75,3,3,3,333,Potential products
EGG CUP HENRIETTA HEN CREAM ,4,28,664.52,2,3,3,233,Potential products
EGG CUP HENRIETTA HEN PINK,7,19,233.75,3,2,2,322,Inactive product or newly launched
EGG CUP MILKMAID HEIDI,4,46,919.52,2,3,3,233,Potential products
EGG CUP MILKMAID HELGA ,4,31,435.0,2,3,3,233,Potential products
EGG CUP MILKMAID INGRID,4,42,703.51,2,3,3,233,Potential products
EGG CUP NATURAL CHICKEN,2,88,520.48,1,4,3,143,Inactive product or newly launched
EGG FRYING PAN BLUE ,1,58,312.0,1,3,2,132,Inactive product or newly launched
EGG FRYING PAN IVORY ,1,82,722.5600000000001,1,4,3,143,Inactive product or newly launched
EGG FRYING PAN MINT ,1,60,351.52000000000004,1,3,3,133,Inactive product or newly launched
EGG FRYING PAN PINK ,1,64,415.97,1,3,3,133,Inactive product or newly launched
EGG FRYING PAN RED ,1,91,820.32,1,4,3,143,Inactive product or newly launched
EIGHT PIECE CREEPY CRAWLIE SET,255,3,7.5,5,1,1,511,Inactive product or newly launched
EIGHT PIECE DINOSAUR SET,268,20,115.0,5,2,2,522,Inactive product or newly launched
EIGHT PIECE SNAKE  SET,3,69,388.75,2,4,3,243,Potential products
ELEPHANT BIRTHDAY CARD ,1,72,449.88,1,4,3,143,Inactive product or newly launched
ELEPHANT CARNIVAL POUFFE,46,24,568.0999999999999,4,2,3,423,Inactive product or newly launched
ELEPHANT CLIP W SUCTION CUP,150,4,6.72,5,1,1,511,Inactive product or newly launched
"ELEPHANT, BIRTHDAY CARD, ",107,126,859.08,4,4,3,443,Selling consistently
ELVIS WALLHANGING / CURTAIN,206,6,60.0,5,1,1,511,Inactive product or newly launched
EMBOSSED GLASS TEALIGHT HOLDER,1,162,2855.59,1,5,5,155,Inactive product or newly launched
EMBOSSED HEART TRINKET BOX,1,35,444.02000000000004,1,3,3,133,Inactive product or newly launched
EMBROIDERED RIBBON REEL CLAIRE,17,19,755.01,3,2,3,323,Inactive product or newly launched
EMBROIDERED RIBBON REEL DAISY ,1,60,1075.3799999999999,1,3,4,134,Inactive product or newly launched
EMBROIDERED RIBBON REEL EMILY ,2,86,1046.42,1,4,4,144,Inactive product or newly launched
EMBROIDERED RIBBON REEL RACHEL ,7,41,954.9300000000001,3,3,4,334,Potential products
EMBROIDERED RIBBON REEL REBECCA ,5,51,860.88,3,3,3,333,Potential products
EMBROIDERED RIBBON REEL ROSIE,2,49,921.46,1,3,3,133,Inactive product or newly launched
EMBROIDERED RIBBON REEL RUBY ,4,30,585.63,2,3,3,233,Potential products
EMBROIDERED RIBBON REEL SALLY ,6,62,909.14,3,3,3,333,Potential products
EMBROIDERED RIBBON REEL SOPHIE  ,4,42,1025.01,2,3,4,234,Potential products
EMBROIDERED RIBBON REEL SUSIE ,4,62,1072.96,2,3,4,234,Potential products
EMERGENCY FIRST AID TIN ,3,119,1102.64,2,4,4,244,Potential products
EMPIRE BIRTHDAY CARD,4,85,476.25,2,4,3,243,Potential products
EMPIRE DESIGN ROSETTE,31,26,3596.4199999999996,4,2,5,425,Inactive product or newly launched
EMPIRE GIFT WRAP,4,105,1363.0,2,4,4,244,Potential products
EMPIRE TISSUE BOX,1,130,919.6700000000001,1,4,3,143,Inactive product or newly launched
EMPIRE UNION JACK TV DINNER TRAY,1,78,2145.8199999999997,1,4,4,144,Inactive product or newly launched
ENAMEL BLUE RIM BISCUIT BIN,220,30,413.95000000000005,5,3,3,533,Potential products
ENAMEL BLUE RIM COFFEE CONTAINER,9,21,155.03,3,2,2,322,Inactive product or newly launched
ENAMEL BLUE RIM TEA CONTAINER,242,3,9.18,5,1,1,511,Inactive product or newly launched
ENAMEL BOWL PANTRY,95,2,30.0,4,1,1,411,Inactive product or newly launched
ENAMEL BREAD BIN CREAM,1,326,8493.5,1,5,5,155,Inactive product or newly launched
ENAMEL COLANDER CREAM,2,141,2086.11,1,4,4,144,Inactive product or newly launched
ENAMEL DINNER PLATE PANTRY,95,1,19.799999999999997,4,1,1,411,Inactive product or newly launched
ENAMEL FIRE BUCKET CREAM,3,92,1528.73,2,4,4,244,Potential products
ENAMEL FLOWER JUG CREAM,11,444,11421.130000000001,3,5,5,355,Selling consistently
ENAMEL JUG PANTRY,95,2,30.0,4,1,1,411,Inactive product or newly launched
ENAMEL MEASURING JUG CREAM,1,317,4916.04,1,5,5,155,Inactive product or newly launched
ENAMEL MUG PANTRY,149,1,15.0,5,1,1,511,Inactive product or newly launched
ENAMEL PINK COFFEE CONTAINER,40,53,545.38,4,3,3,433,Potential products
ENAMEL PINK TEA CONTAINER,185,41,374.10999999999996,5,3,3,533,Potential products
ENAMEL WASH BOWL CREAM,2,145,2228.05,1,4,4,144,Inactive product or newly launched
ENAMEL WATERING CAN CREAM,2,162,2621.85,1,5,4,154,Inactive product or newly launched
ENCHANTED BIRD COATHANGER 5 HOOK,1,192,3470.5400000000004,1,5,5,155,Inactive product or newly launched
ENCHANTED BIRD PLANT CAGE,141,43,595.8000000000001,5,3,3,533,Potential products
ENGLISH ROSE GARDEN SECATEURS,30,178,1825.99,4,5,4,454,MVP
ENGLISH ROSE HOT WATER BOTTLE,1,279,5729.66,1,5,5,155,Inactive product or newly launched
ENGLISH ROSE METAL WASTE BIN,179,11,59.0,5,2,1,521,Inactive product or newly launched
ENGLISH ROSE NOTEBOOK A6 SIZE,215,20,185.1,5,2,2,522,Inactive product or newly launched
ENGLISH ROSE NOTEBOOK A7 SIZE,1,225,1147.0,1,5,4,154,Inactive product or newly launched
ENGLISH ROSE SCENTED HANGING FLOWER,63,51,365.5,4,3,3,433,Potential products
ENGLISH ROSE SCENTED HANGING HEART,206,2,17.0,5,1,1,511,Inactive product or newly launched
ENGLISH ROSE SMALL SCENTED FLOWER,5,28,163.2,3,3,2,332,Potential products
ENGLISH ROSE SPIRIT LEVEL ,1,92,860.88,1,4,3,143,Inactive product or newly launched
ENVELOPE 50 BLOSSOM IMAGES,37,75,491.55,4,4,3,443,Selling consistently
ENVELOPE 50 CURIOUS IMAGES,211,11,26.17,5,2,1,521,Inactive product or newly launched
ENVELOPE 50 ROMANTIC IMAGES,250,3,5.1,5,1,1,511,Inactive product or newly launched
ESSENTIAL BALM 3.5g TIN IN ENVELOPE,143,18,383.76,5,2,3,523,Inactive product or newly launched
ETCHED GLASS COASTER,54,60,722.88,4,3,3,433,Potential products
EUCALYPTUS & PINECONE  WREATH,24,37,1118.65,4,3,4,434,Potential products
FAIRY CAKE BIRTHDAY CANDLE SET,1,84,1547.4,1,4,4,144,Inactive product or newly launched
FAIRY CAKE DESIGN UMBRELLA,21,95,1482.87,3,4,4,344,Selling consistently
FAIRY CAKE FLANNEL ASSORTED COLOUR,1,193,17291.57,1,5,5,155,Inactive product or newly launched
FAIRY CAKE NOTEBOOK A5 SIZE,324,5,39.1,5,1,1,511,Inactive product or newly launched
FAIRY CAKES NOTEBOOK A6 SIZE,2,110,762.99,1,4,3,143,Inactive product or newly launched
FAIRY CAKES NOTEBOOK A7 SIZE,4,100,655.34,2,4,3,243,Potential products
FAIRY DREAMS INCENSE ,1,32,212.75,1,3,2,132,Inactive product or newly launched
FAIRY SOAP SOAP HOLDER,142,57,392.08,5,3,3,533,Potential products
FAIRY TALE COTTAGE NIGHT LIGHT,1,82,1717.1999999999998,1,4,4,144,Inactive product or newly launched
FAIRY TALE COTTAGE NIGHTLIGHT,64,69,3352.7999999999997,4,4,5,445,MVP
FAMILY ALBUM WHITE PICTURE FRAME,1,286,8408.14,1,5,5,155,Inactive product or newly launched
FAMILY PHOTO FRAME CORNICE,1,234,7636.889999999999,1,5,5,155,Inactive product or newly launched
FAN BLACK FRAME ,4,13,41.47,2,2,1,221,Inactive product or newly launched
"FANCY FONT BIRTHDAY CARD, ",1,250,1895.76,1,5,4,154,Inactive product or newly launched
FANCY FONTS BIRTHDAY WRAP,1,230,3409.0,1,5,5,155,Inactive product or newly launched
FANNY'S REST STOPMETAL SIGN,216,87,879.1800000000001,5,4,3,543,Selling consistently
FAUX FUR CHOCOLATE THROW,3,34,1035.75,2,3,4,234,Potential products
FAWN AND MUSHROOM GREETING CARD,242,8,45.36,5,2,1,521,Inactive product or newly launched
FAWN BLUE HOT WATER BOTTLE,1,382,9196.050000000001,1,5,5,155,Inactive product or newly launched
"FEATHER PEN,COAL BLACK",1,111,1170.8999999999999,1,4,4,144,Inactive product or newly launched
"FEATHER PEN,HOT PINK",2,157,1758.8899999999999,1,5,4,154,Inactive product or newly launched
"FEATHER PEN,LIGHT PINK",4,106,941.3399999999999,2,4,4,244,Potential products
FELT EGG COSY BLUE RABBIT ,9,50,351.62,3,3,3,333,Potential products
FELT EGG COSY CHICKEN,3,95,785.12,2,4,3,243,Potential products
FELT EGG COSY LADYBIRD ,11,20,124.83,3,2,2,322,Inactive product or newly launched
FELT EGG COSY WHITE RABBIT ,4,73,442.35999999999996,2,4,3,243,Potential products
FELT FARM ANIMAL CHICKEN,241,34,321.25,5,3,2,532,Potential products
FELT FARM ANIMAL HEN,227,17,240.96,5,2,2,522,Inactive product or newly launched
FELT FARM ANIMAL RABBIT,14,36,543.9399999999999,3,3,3,333,Potential products
FELT FARM ANIMAL SHEEP,41,18,194.39,4,2,2,422,Inactive product or newly launched
FELT FARM ANIMAL WHITE BUNNY ,247,42,517.07,5,3,3,533,Potential products
FELT TOADSTOOL  SMALL,2,44,460.7,1,3,3,133,Inactive product or newly launched
FELT TOADSTOOL LARGE,2,41,706.02,1,3,3,133,Inactive product or newly launched
FELTCRAFT 6 FLOWER FRIENDS,29,467,11549.59,4,5,5,455,MVP
FELTCRAFT BOY JEAN-PAUL KIT,2,117,1711.23,1,4,4,144,Inactive product or newly launched
FELTCRAFT BUTTERFLY HEARTS,9,450,8308.75,3,5,5,355,Selling consistently
FELTCRAFT CHRISTMAS FAIRY,1,308,7658.93,1,5,5,155,Inactive product or newly launched
FELTCRAFT CUSHION BUTTERFLY,46,296,9632.98,4,5,5,455,MVP
FELTCRAFT CUSHION OWL,2,419,11756.8,1,5,5,155,Inactive product or newly launched
FELTCRAFT CUSHION RABBIT,21,327,10672.31,3,5,5,355,Selling consistently
FELTCRAFT DOLL EMILY,4,231,3711.5000000000005,2,5,5,255,Potential products
FELTCRAFT DOLL MARIA,202,47,553.1,5,3,3,533,Potential products
FELTCRAFT DOLL MOLLY,1,295,11748.24,1,5,5,155,Inactive product or newly launched
FELTCRAFT DOLL ROSIE,15,258,4702.120000000001,3,5,5,355,Selling consistently
FELTCRAFT GIRL AMELIE KIT,1,257,4799.38,1,5,5,155,Inactive product or newly launched
FELTCRAFT GIRL NICOLE KIT,1,172,3169.79,1,5,5,155,Inactive product or newly launched
FELTCRAFT HAIRBAND PINK AND BLUE,2,118,676.5999999999999,1,4,3,143,Inactive product or newly launched
FELTCRAFT HAIRBAND PINK AND PURPLE,2,121,716.28,1,4,3,143,Inactive product or newly launched
FELTCRAFT HAIRBAND RED AND BLUE,1,121,715.6999999999999,1,4,3,143,Inactive product or newly launched
FELTCRAFT HAIRBANDS PINK AND WHITE ,4,109,711.6099999999999,2,4,3,243,Potential products
FELTCRAFT PRINCESS CHARLOTTE DOLL,1,408,8022.76,1,5,5,155,Inactive product or newly launched
FELTCRAFT PRINCESS LOLA DOLL,1,381,7095.69,1,5,5,155,Inactive product or newly launched
FELTCRAFT PRINCESS OLIVIA DOLL,1,253,5434.85,1,5,5,155,Inactive product or newly launched
FENG SHUI PILLAR CANDLE,1,66,630.23,1,3,3,133,Inactive product or newly launched
FILIGREE DIAMANTE EARRINGS,12,4,34.0,3,1,1,311,Inactive product or newly launched
FILIGREE HEART BIRD WHITE ,2,79,1726.3,1,4,4,144,Inactive product or newly launched
FILIGREE HEART BUTTERFLY WHITE ,1,87,1947.06,1,4,4,144,Inactive product or newly launched
FILIGREE HEART DAISY WHITE,5,72,1478.59,3,4,4,344,Selling consistently
FILIGRIS HEART WITH BUTTERFLY,3,181,4540.38,2,5,5,255,Potential products
FINE SILVER NECKLACE W PASTEL FLOWE,45,3,63.75,4,1,1,411,Inactive product or newly launched
FINE WICKER HEART ,101,179,2982.02,4,5,5,455,MVP
FIRE POLISHED GLASS BRACELET BLACK,303,1,3.75,5,1,1,511,Inactive product or newly launched
FIRE POLISHED GLASS BRACELET GREEN,130,2,52.5,4,1,1,411,Inactive product or newly launched
FIRE POLISHED GLASS BRACELET MONTAN,211,1,22.5,5,1,1,511,Inactive product or newly launched
FIRE POLISHED GLASS BRACELET RED,211,1,22.5,5,1,1,511,Inactive product or newly launched
FIRE POLISHED GLASS NECKL BRONZE,359,3,17.85,5,1,1,511,Inactive product or newly launched
FIRE POLISHED GLASS NECKL GOLD,359,1,5.95,5,1,1,511,Inactive product or newly launched
FIRST AID TIN,1,150,3530.35,1,4,5,145,Inactive product or newly launched
FIRST CLASS HOLIDAY PURSE ,46,5,40.97,4,1,1,411,Inactive product or newly launched
FIRST CLASS LUGGAGE TAG ,5,24,126.69,3,2,2,322,Inactive product or newly launched
FIRST CLASS PASSPORT COVER ,11,26,137.74,3,2,2,322,Inactive product or newly launched
FIVE CATS HANGING DECORATION,11,39,503.37000000000006,3,3,3,333,Potential products
FIVE HEART HANGING DECORATION,7,90,1161.0000000000002,3,4,4,344,Selling consistently
FLAG OF ST GEORGE ,86,7,37.95,4,1,1,411,Inactive product or newly launched
FLAG OF ST GEORGE CAR FLAG,86,1,10.5,4,1,1,411,Inactive product or newly launched
FLAG OF ST GEORGE CHAIR,65,7,179.35,4,1,2,412,Inactive product or newly launched
FLAMES SUNGLASSES PINK LENSES,15,6,84.44999999999999,3,1,2,312,Inactive product or newly launched
FLOOR CUSHION ELEPHANT CARNIVAL,3,22,461.3,2,2,3,223,Inactive product or newly launched
FLOOR LAMP SHADE WOOD BASE,123,12,287.74,4,2,2,422,Inactive product or newly launched
FLORAL BATHROOM SET,130,11,75.0,4,2,2,422,Inactive product or newly launched
FLORAL BLUE MONSTER,22,4,21.25,3,1,1,311,Inactive product or newly launched
FLORAL FOLK STATIONERY SET,1,207,1927.3500000000001,1,5,4,154,Inactive product or newly launched
FLORAL PINK MONSTER,39,11,135.0,4,2,2,422,Inactive product or newly launched
FLORAL SOFT CAR TOY,35,10,120.0,4,2,2,422,Inactive product or newly launched
FLOWER BLUE CLOCK WITH SUCKER,114,9,33.64,4,2,1,421,Inactive product or newly launched
FLOWER BURST SILVER RING CRYSTAL,215,6,37.5,5,1,1,511,Inactive product or newly launched
FLOWER FAIRY 5 DRAWER LINERS,4,20,150.45,2,2,2,222,Inactive product or newly launched
FLOWER FAIRY 5 SUMMER DRAW LINERS,81,1,15.299999999999999,4,1,1,411,Inactive product or newly launched
FLOWER FAIRY INCENSE BOUQUET,233,5,32.349999999999994,5,1,1,511,Inactive product or newly launched
"FLOWER FAIRY,5 SUMMER B'DRAW LINERS",173,25,267.75,5,2,2,522,Inactive product or newly launched
FLOWER GARLAND NECKLACE RED,126,4,47.7,4,1,1,411,Inactive product or newly launched
"FLOWER GLASS GARLAND NECKL.36""BLACK",179,4,87.45,5,1,2,512,Inactive product or newly launched
"FLOWER GLASS GARLAND NECKL.36""BLUE",43,2,47.7,4,1,1,411,Inactive product or newly launched
"FLOWER GLASS GARLAND NECKL.36""GREEN",130,2,31.8,4,1,1,411,Inactive product or newly launched
"FLOWER GLASS GARLD NECKL36""AMETHYST",50,5,55.650000000000006,4,1,1,411,Inactive product or newly launched
"FLOWER GLASS GARLD NECKL36""TURQUOIS",262,1,31.8,5,1,1,511,Inactive product or newly launched
FLOWER PURPLE CLOCK W/SUCKER,283,3,4.25,5,1,1,511,Inactive product or newly launched
FLOWER PURPLE CLOCK WITH SUCKER,149,3,4.35,5,1,1,511,Inactive product or newly launched
FLOWER SHOP DESIGN MUG,28,1,1.65,4,1,1,411,Inactive product or newly launched
FLOWER VINE RAFFIA FOOD COVER,4,114,1271.13,2,4,4,244,Potential products
FLOWERS  STICKERS,10,32,191.04999999999998,3,3,2,332,Potential products
FLOWERS CHANDELIER T-LIGHT HOLDER,16,37,2770.91,3,3,5,335,Potential products
FLOWERS HANDBAG blue and orange,199,3,61.25,5,1,1,511,Inactive product or newly launched
FLOWERS TILE COASTER,4,37,322.88,2,3,2,232,Potential products
FLOWERS TILE HOOK,145,12,71.82000000000001,5,2,2,522,Inactive product or newly launched
FLUTED ANTIQUE CANDLE HOLDER,3,128,1867.9099999999999,2,4,4,244,Potential products
FLYING PIG WATERING CAN,4,41,426.3,2,3,3,233,Potential products
FOLDING BUTTERFLY MIRROR HOT PINK ,1,129,1427.16,1,4,4,144,Inactive product or newly launched
FOLDING BUTTERFLY MIRROR IVORY ,4,102,597.78,2,4,3,243,Potential products
FOLDING BUTTERFLY MIRROR RED  ,1,92,961.28,1,4,4,144,Inactive product or newly launched
FOLDING CAMPING SCISSOR W/KNIF & S,256,3,3.5999999999999996,5,1,1,511,Inactive product or newly launched
FOLDING MIRROR HOT PINK ,82,5,118.91999999999999,4,1,2,412,Inactive product or newly launched
FOLDING MIRROR IVORY ,210,2,14.939999999999998,5,1,1,511,Inactive product or newly launched
FOLDING MIRROR RED  ,210,2,14.939999999999998,5,1,1,511,Inactive product or newly launched
FOLDING SHOE TIDY,47,2,8.850000000000001,4,1,1,411,Inactive product or newly launched
FOLDING UMBRELLA BLACKBLUE POLKADOT,4,47,601.22,2,3,3,233,Potential products
FOLDING UMBRELLA CHOCOLATE POLKADOT,14,31,430.06,3,3,3,333,Potential products
FOLDING UMBRELLA CREAM POLKADOT,12,32,677.5,3,3,3,333,Potential products
FOLDING UMBRELLA PINKWHITE POLKADOT,15,31,412.41,3,3,3,333,Potential products
FOLDING UMBRELLA RED/WHITE POLKADOT,4,68,1129.63,2,3,4,234,Potential products
FOLDING UMBRELLA WHITE/RED POLKADOT,15,23,420.1,3,2,3,323,Inactive product or newly launched
"FOLK ART GREETING CARD,pack/12",54,9,64.9,4,2,1,421,Inactive product or newly launched
FOLK ART METAL HEART T-LIGHT HOLDER,38,18,52.760000000000005,4,2,1,421,Inactive product or newly launched
FOLK ART METAL STAR T-LIGHT HOLDER,1,29,150.54000000000002,1,3,2,132,Inactive product or newly launched
FOLK FELT HANGING MULTICOL GARLAND,12,8,90.0,3,2,2,322,Inactive product or newly launched
FOLKART CHRISTMAS TREE T-LIGHT HOLD,108,2,10.260000000000002,4,1,1,411,Inactive product or newly launched
FOLKART CLIP ON STARS,1,38,245.61,1,3,2,132,Inactive product or newly launched
FOLKART HEART NAPKIN RINGS,95,28,181.87,4,3,2,432,Potential products
FOLKART STAR CHRISTMAS DECORATIONS,1,88,1281.1599999999999,1,4,4,144,Inactive product or newly launched
FOLKART ZINC HEART CHRISTMAS DEC,1,157,2127.39,1,5,4,154,Inactive product or newly launched
FOLKART ZINC STAR CHRISTMAS DEC,365,3,10.2,5,1,1,511,Inactive product or newly launched
FOOD CONTAINER SET 3 LOVE HEART ,3,185,3358.72,2,5,5,255,Potential products
"FOOD COVER WITH BEADS , SET 2 SIZES",215,1,11.25,5,1,1,511,Inactive product or newly launched
FOOD COVER WITH BEADS SET 2 ,11,121,3545.17,3,4,5,345,Selling consistently
FOOD/DRINK SPONGE STICKERS,4,36,256.2,2,3,2,232,Potential products
FOOT STOOL HOME SWEET HOME ,14,176,4069.9,3,5,5,355,Selling consistently
FORKED CACTUS CANDLE,1,26,272.98,1,2,2,122,Inactive product or newly launched
FOUR HOOK  WHITE LOVEBIRDS,1,258,2904.8700000000003,1,5,5,155,Inactive product or newly launched
FOUR RABBIT EASTER DECORATIONS,239,11,83.75,5,2,2,522,Inactive product or newly launched
FRAPPUCINO SCARF KNITTING KIT,8,49,413.83,3,3,3,333,Potential products
FREESTYLE CANVAS ART PICTURE,78,18,39.65,4,2,1,421,Inactive product or newly launched
FRENCH BATHROOM SIGN BLUE METAL,1,160,2227.62,1,5,4,154,Inactive product or newly launched
FRENCH BLUE METAL DOOR SIGN 0,8,70,678.15,3,4,3,343,Selling consistently
FRENCH BLUE METAL DOOR SIGN 1,7,138,1301.14,3,4,4,344,Selling consistently
FRENCH BLUE METAL DOOR SIGN 2,7,113,1092.51,3,4,4,344,Selling consistently
FRENCH BLUE METAL DOOR SIGN 3,3,102,939.93,2,4,4,244,Potential products
FRENCH BLUE METAL DOOR SIGN 4,3,91,809.32,2,4,3,243,Potential products
FRENCH BLUE METAL DOOR SIGN 5,8,102,929.97,3,4,3,343,Selling consistently
FRENCH BLUE METAL DOOR SIGN 6,4,83,785.57,2,4,3,243,Potential products
FRENCH BLUE METAL DOOR SIGN 7,3,80,773.11,2,4,3,243,Potential products
FRENCH BLUE METAL DOOR SIGN 8,8,80,720.57,3,4,3,343,Selling consistently
FRENCH BLUE METAL DOOR SIGN 9,8,60,576.9,3,3,3,333,Potential products
FRENCH BLUE METAL DOOR SIGN No,1,73,997.2,1,4,4,144,Inactive product or newly launched
FRENCH CARRIAGE LANTERN,2,55,858.9000000000001,1,3,3,133,Inactive product or newly launched
FRENCH CHATEAU LARGE FRUIT BOWL ,246,4,19.5,5,1,1,511,Inactive product or newly launched
FRENCH CHATEAU LARGE PLATTER ,234,18,160.5,5,2,2,522,Inactive product or newly launched
FRENCH CHATEAU OVAL PLATTER,246,6,29.25,5,1,1,511,Inactive product or newly launched
FRENCH CHATEAU SMALL FRUITBOWL,246,8,51.599999999999994,5,2,1,521,Inactive product or newly launched
FRENCH ENAMEL CANDLEHOLDER,1,238,3087.5200000000004,1,5,5,155,Inactive product or newly launched
FRENCH ENAMEL POT W LID,11,88,1227.41,3,4,4,344,Selling consistently
FRENCH ENAMEL UTENSIL HOLDER,326,10,122.75,5,2,2,522,Inactive product or newly launched
FRENCH ENAMEL WATER BASIN,2,80,771.21,1,4,3,143,Inactive product or newly launched
FRENCH FLORAL CUSHION COVER ,3,59,541.75,2,3,3,233,Potential products
FRENCH GARDEN SIGN BLUE METAL,2,111,956.83,1,4,4,144,Inactive product or newly launched
FRENCH KITCHEN SIGN BLUE METAL,1,125,1420.14,1,4,4,144,Inactive product or newly launched
FRENCH LATTICE CUSHION COVER ,16,40,337.71999999999997,3,3,3,333,Potential products
FRENCH LAUNDRY SIGN BLUE METAL,1,103,1463.6599999999999,1,4,4,144,Inactive product or newly launched
FRENCH LAVENDER SCENT HEART,19,77,846.6,3,4,3,343,Selling consistently
FRENCH PAISLEY CUSHION COVER,16,17,141.1,3,2,2,322,Inactive product or newly launched
FRENCH PAISLEY CUSHION COVER ,3,49,411.84,2,3,3,233,Potential products
FRENCH STYLE EMBOSSED HEART CABINET,16,20,485.9,3,2,3,323,Inactive product or newly launched
FRENCH STYLE STORAGE JAR BONBONS,36,75,695.06,4,4,3,443,Selling consistently
FRENCH STYLE STORAGE JAR CAFE ,3,71,819.4599999999999,2,4,3,243,Potential products
FRENCH STYLE STORAGE JAR JAM,3,31,114.85,2,3,2,232,Potential products
FRENCH TOILET SIGN BLUE METAL,1,147,1531.71,1,4,4,144,Inactive product or newly launched
FRENCH WC SIGN BLUE METAL,1,210,2192.74,1,5,4,154,Inactive product or newly launched
FRESHWATER PEARL BRACELET GOLD,240,2,7.6499999999999995,5,1,1,511,Inactive product or newly launched
FRIDGE MAGNETS LA VIE EN ROSE,2,74,963.3,1,4,4,144,Inactive product or newly launched
FRIDGE MAGNETS LES ENFANTS ASSORTED,1,75,1031.85,1,4,4,144,Inactive product or newly launched
FRIDGE MAGNETS US DINER ASSORTED,2,88,1226.3999999999999,1,4,4,144,Inactive product or newly launched
FROG CANDLE,156,18,76.25,5,2,2,522,Inactive product or newly launched
FROG KING WATERING CAN,326,2,26.55,5,1,1,511,Inactive product or newly launched
FROG SOCK PUPPET,198,8,44.25000000000001,5,2,1,521,Inactive product or newly launched
FROSTED WHITE BASE ,7,17,106.44999999999999,3,2,2,322,Inactive product or newly launched
FRUIT SALAD BAG CHARM,7,3,27.04,3,1,1,311,Inactive product or newly launched
FRUIT TREE AND BIRDS WALL PLAQUE,166,9,127.2,5,2,2,522,Inactive product or newly launched
FRYING PAN BLUE POLKADOT,1,40,366.0,1,3,3,133,Inactive product or newly launched
FRYING PAN PINK POLKADOT,1,77,1209.54,1,4,4,144,Inactive product or newly launched
FRYING PAN RED POLKADOT ,329,1,4.25,5,1,1,511,Inactive product or newly launched
FRYING PAN RED RETROSPOT,1,97,1323.0,1,4,4,144,Inactive product or newly launched
FRYING PAN UNION FLAG,1,113,4727.11,1,4,5,145,Inactive product or newly launched
FULL ENGLISH BREAKFAST PLATE,1,161,4985.55,1,5,5,155,Inactive product or newly launched
FUNKY DIVA PEN,1,155,7010.94,1,4,5,145,Inactive product or newly launched
FUNKY FLOWER PICNIC BAG FOR 4,191,2,33.9,5,1,1,511,Inactive product or newly launched
FUNKY MONKEY CUSHION COVER,3,18,164.04999999999998,2,2,2,222,Inactive product or newly launched
FUNKY MONKEY GIFT BAG MEDIUM,1,20,138.18,1,2,2,122,Inactive product or newly launched
FUNKY MONKEY MUG,369,1,1.25,5,1,1,511,Inactive product or newly launched
FUNKY WASHING UP GLOVES ASSORTED,6,176,1917.0600000000002,3,5,4,354,Selling consistently
FUSCHIA FLOWER PURSE WITH BEADS,124,14,145.17,4,2,2,422,Inactive product or newly launched
FUSCHIA RETRO BAR STOOL,248,5,523.3000000000001,5,1,3,513,Inactive product or newly launched
FUSCHIA TABLE RUN FLOWER ,185,5,38.75,5,1,1,511,Inactive product or newly launched
FUSCHIA VOILE POINTY SHOE DEC,99,15,50.31,4,2,1,421,Inactive product or newly launched
GAOLERS KEYS DECORATIVE GARDEN ,3,206,3400.94,2,5,5,255,Potential products
GARAGE KEY FOB,1,116,489.20000000000005,1,4,3,143,Inactive product or newly launched
GARDEN METAL SIGN ,277,20,173.24999999999997,5,2,2,522,Inactive product or newly launched
GARDEN PATH JOURNAL,1,46,534.46,1,3,3,133,Inactive product or newly launched
GARDEN PATH NOTEBOOK ,227,8,24.75,5,2,1,521,Inactive product or newly launched
GARDEN PATH POCKET BOOK,15,22,58.65,3,2,1,321,Inactive product or newly launched
GARDEN PATH SKETCHBOOK,5,48,414.58,3,3,3,333,Potential products
GARDENERS KNEELING PAD CUP OF TEA ,1,642,9933.689999999999,1,5,5,155,Inactive product or newly launched
GARDENERS KNEELING PAD KEEP CALM ,1,762,12463.779999999999,1,5,5,155,Inactive product or newly launched
GARDENIA 1 WICK MORRIS BOXED CANDLE,50,56,631.03,4,3,3,433,Potential products
GARDENIA 3 WICK MORRIS BOXED CANDLE,44,74,677.04,4,4,3,443,Selling consistently
GARLAND WITH HEARTS AND BELLS,4,42,1032.15,2,3,4,234,Potential products
GARLAND WITH STARS AND BELLS,4,41,1187.1000000000001,2,3,4,234,Potential products
GARLAND WOODEN HAPPY EASTER,17,167,2147.78,3,5,4,354,Selling consistently
"GARLAND, MAGIC GARDEN 1.8M",371,1,23.4,5,1,1,511,Inactive product or newly launched
"GARLAND, VINTAGE BELLS",16,10,265.88,3,2,2,322,Inactive product or newly launched
GEMSTONE CHANDELIER T-LIGHT HOLDER,162,7,347.70000000000005,5,1,3,513,Inactive product or newly launched
GENTLEMAN SHIRT REPAIR KIT ,1,94,1602.7199999999998,1,4,4,144,Inactive product or newly launched
GEORGIAN TRINKET BOX,8,59,1681.5,3,3,4,334,Potential products
GIANT 50'S CHRISTMAS CRACKER,1,315,6907.52,1,5,5,155,Inactive product or newly launched
GIANT MEDINA STAMPED METAL BOWL ,290,2,19.9,5,1,1,511,Inactive product or newly launched
GIFT BAG BIRTHDAY,9,46,494.83000000000004,3,3,3,333,Potential products
GIFT BAG LARGE 50'S CHRISTMAS,54,2,30.0,4,1,1,411,Inactive product or newly launched
GIFT BAG LARGE SPOT ,54,6,120.0,4,1,2,412,Inactive product or newly launched
GIFT BAG LARGE VINTAGE CHRISTMAS,54,9,185.0,4,2,2,422,Inactive product or newly launched
GIFT BAG PSYCHEDELIC APPLES,8,66,534.6600000000001,3,3,3,333,Potential products
GIN & TONIC DIET GREETING CARD ,1,191,1320.9,1,5,4,154,Inactive product or newly launched
GIN + TONIC DIET METAL SIGN,9,658,24944.88,3,5,5,355,Selling consistently
GIN AND TONIC DIET METAL SIGN,1,37,1118.46,1,3,4,134,Inactive product or newly launched
GIN AND TONIC MUG,1,194,3715.6099999999997,1,5,5,155,Inactive product or newly launched
GINGERBREAD MAN COOKIE CUTTER,1,565,8615.130000000001,1,5,5,155,Inactive product or newly launched
GINGHAM BABUSHKA DOORSTOP,1,41,400.87,1,3,3,133,Inactive product or newly launched
GINGHAM HEART  DOORSTOP RED,1,187,2371.2599999999998,1,5,4,154,Inactive product or newly launched
GINGHAM HEART DECORATION,1,338,4817.33,1,5,5,155,Inactive product or newly launched
GINGHAM OVEN GLOVE RED HEART ,323,2,11.25,5,1,1,511,Inactive product or newly launched
GINGHAM RECIPE BOOK BOX,1,103,1966.95,1,4,4,144,Inactive product or newly launched
GINGHAM ROSE WRAP,173,72,766.5,5,4,3,543,Selling consistently
GIRAFFE WOODEN RULER,1,239,6816.84,1,5,5,155,Inactive product or newly launched
GIRLS ALPHABET IRON ON PATCHES ,9,23,2088.0,3,2,4,324,Inactive product or newly launched
GIRLS VINTAGE TIN SEASIDE BUCKET,1,139,2736.75,1,4,5,145,Inactive product or newly launched
GIRLY PINK TOOL SET,374,1,24.75,5,1,1,511,Inactive product or newly launched
GLAMOROUS  MUG,1,120,1365.73,1,4,4,144,Inactive product or newly launched
GLASS  BEURRE DISH,144,127,2862.2200000000003,5,4,5,545,MVP
GLASS  SONGBIRD STORAGE JAR,4,69,1965.3,2,4,4,244,Potential products
GLASS AND BEADS BRACELET IVORY,278,1,22.5,5,1,1,511,Inactive product or newly launched
GLASS AND PAINTED BEADS BRACELET OL,278,1,22.5,5,1,1,511,Inactive product or newly launched
GLASS AND PAINTED BEADS BRACELET TO,94,1,22.5,4,1,1,411,Inactive product or newly launched
GLASS APOTHECARY BOTTLE ELIXIR,1,162,2951.78,1,5,5,155,Inactive product or newly launched
GLASS APOTHECARY BOTTLE PERFUME,1,200,3763.6400000000003,1,5,5,155,Inactive product or newly launched
GLASS APOTHECARY BOTTLE TONIC,1,181,3211.09,1,5,5,155,Inactive product or newly launched
GLASS BEAD HOOP EARRINGS AMETHYST,355,1,11.8,5,1,1,511,Inactive product or newly launched
GLASS BEAD HOOP EARRINGS BLACK,355,1,11.8,5,1,1,511,Inactive product or newly launched
GLASS BEAD HOOP NECKLACE AMETHYST,21,3,25.5,3,1,1,311,Inactive product or newly launched
GLASS BEAD HOOP NECKLACE BLACK,179,1,17.0,5,1,1,511,Inactive product or newly launched
GLASS BEAD HOOP NECKLACE GREEN,31,2,25.5,4,1,1,411,Inactive product or newly launched
GLASS BEAD HOOP NECKLACE MONTANA,253,2,17.0,5,1,1,511,Inactive product or newly launched
GLASS BELL JAR LARGE,373,1,17.0,5,1,1,511,Inactive product or newly launched
GLASS BELL JAR SMALL,373,1,15.8,5,1,1,511,Inactive product or newly launched
GLASS BON BON JAR,2,137,3495.2699999999995,1,4,5,145,Inactive product or newly launched
GLASS BONNE JAM JAR,4,25,475.95000000000005,2,2,3,223,Inactive product or newly launched
GLASS CAKE COVER AND PLATE,332,1,29.9,5,1,1,511,Inactive product or newly launched
GLASS CHALICE BLUE SMALL ,218,41,369.0,5,3,3,533,Potential products
GLASS CHALICE GREEN  LARGE ,246,12,309.66,5,2,2,522,Inactive product or newly launched
GLASS CHALICE GREEN  SMALL ,243,12,129.51,5,2,2,522,Inactive product or newly launched
GLASS CLOCHE LARGE,141,41,2581.4500000000003,5,3,4,534,Potential products
GLASS CLOCHE SMALL,16,112,2727.95,3,4,5,345,Selling consistently
GLASS HEART T-LIGHT HOLDER ,1,129,2097.71,1,4,4,144,Inactive product or newly launched
GLASS JAR DAISY FRESH COTTON WOOL,2,124,1507.3500000000001,1,4,4,144,Inactive product or newly launched
GLASS JAR DIGESTIVE BISCUITS,1,96,1421.1200000000001,1,4,4,144,Inactive product or newly launched
GLASS JAR ENGLISH CONFECTIONERY,2,144,2438.2000000000003,1,4,4,144,Inactive product or newly launched
GLASS JAR KINGS CHOICE,3,62,477.7900000000001,2,3,3,233,Potential products
GLASS JAR MARMALADE ,2,59,1223.99,1,3,4,134,Inactive product or newly launched
GLASS JAR PEACOCK BATH SALTS,2,81,987.23,1,4,4,144,Inactive product or newly launched
GLASS SONGBIRD STORAGE JAR,68,3,126.7,4,1,2,412,Inactive product or newly launched
GLASS SPHERE CANDLE STAND MEDIUM,4,27,510.75,2,3,3,233,Potential products
GLASS STAR FROSTED T-LIGHT HOLDER,2,119,2319.19,1,4,4,144,Inactive product or newly launched
GLASS TWIST BON BON JAR,4,19,512.85,2,2,3,223,Inactive product or newly launched
GLITTER BUTTERFLY CLIPS,3,184,2489.1,2,5,4,254,Potential products
GLITTER CHRISTMAS HEART ,353,21,222.7,5,2,2,522,Inactive product or newly launched
GLITTER CHRISTMAS STAR ,1,127,1053.46,1,4,4,144,Inactive product or newly launched
GLITTER CHRISTMAS TREE,30,57,405.14000000000004,4,3,3,433,Potential products
GLITTER CHRISTMAS TREE WITH BELLS,3,62,527.65,2,3,3,233,Potential products
GLITTER HANGING BUTTERFLY STRING,3,168,2528.3900000000003,2,5,4,254,Potential products
GLITTER HEART DECORATION,2,141,1056.3400000000001,1,4,4,144,Inactive product or newly launched
GLITTER HEART GARLAND WITH BELLS ,4,60,1068.59,2,3,4,234,Potential products
GLITTER SNOW PEAR TREE DECORATION,366,2,26.099999999999998,5,1,1,511,Inactive product or newly launched
GLITTER STAR GARLAND WITH BELLS ,10,41,825.45,3,3,3,333,Potential products
GLOW IN DARK DOLPHINS,4,29,26.88,2,3,1,231,Inactive product or newly launched
GOLD APERITIF GLASS,233,2,34.32,5,1,1,511,Inactive product or newly launched
GOLD COSMETIC BAG PINK STAR,365,2,4.2,5,1,1,511,Inactive product or newly launched
GOLD DIAMANTE STAR BROOCH,12,3,29.700000000000003,3,1,1,311,Inactive product or newly launched
GOLD EAR MUFF HEADPHONES,2,20,152.13,1,2,2,122,Inactive product or newly launched
GOLD FABRIC MIRROR,1,18,54.21000000000001,1,2,1,121,Inactive product or newly launched
GOLD FISHING GNOME,2,16,284.16,1,2,2,122,Inactive product or newly launched
GOLD FLOWER CUSHION COVER ,225,2,15.6,5,1,1,511,Inactive product or newly launched
GOLD M PEARL  ORBIT NECKLACE,130,6,79.6,4,1,2,412,Inactive product or newly launched
GOLD M.O.P ORBIT BRACELET,61,2,9.9,4,1,1,411,Inactive product or newly launched
GOLD M.O.P ORBIT DROP EARRINGS,45,5,34.0,4,1,1,411,Inactive product or newly launched
GOLD M.O.P. ORBIT NECKLACE,45,2,5.9,4,1,1,411,Inactive product or newly launched
GOLD MINI TAPE MEASURE ,1,47,687.2,1,3,3,133,Inactive product or newly launched
GOLD MUG BONE CHINA TREE OF LIFE,4,62,835.61,2,3,3,233,Potential products
GOLD PHOTO FRAME,1,24,272.34000000000003,1,2,2,122,Inactive product or newly launched
GOLD PRINT PAPER BAG,372,2,3.6100000000000003,5,1,1,511,Inactive product or newly launched
GOLD SCROLL GLASS T-LIGHT HOLDER,248,6,137.22000000000003,5,1,2,512,Inactive product or newly launched
GOLD STANDING GNOME,3,17,290.25,2,2,2,222,Inactive product or newly launched
GOLD TEDDY BEAR,219,2,20.0,5,1,1,511,Inactive product or newly launched
GOLD WASHBAG,204,3,23.6,5,1,1,511,Inactive product or newly launched
GOLD WINE GOBLET,183,7,126.4,5,1,2,512,Inactive product or newly launched
GOLD/AMBER DROP EARRINGS W LEAF,179,1,17.700000000000003,5,1,1,511,Inactive product or newly launched
GOLD/M.O.P PENDANT ORBIT NECKLACE,12,8,76.5,3,2,2,322,Inactive product or newly launched
GOLDIE LOOKING MIRROR,16,5,79.2,3,1,2,312,Inactive product or newly launched
GRAND CHOCOLATECANDLE,1,250,7758.95,1,5,5,155,Inactive product or newly launched
GRASS HOPPER WOODEN WALL CLOCK ,19,25,324.04,3,2,2,322,Inactive product or newly launched
GREEN  DIAMANTE PEN IN GIFT BOX,37,5,44.550000000000004,4,1,1,411,Inactive product or newly launched
GREEN 3 PIECE POLKADOT CUTLERY SET,281,68,3019.23,5,3,5,535,Potential products
GREEN BIRDHOUSE DECORATION,1,36,229.45999999999998,1,3,2,132,Inactive product or newly launched
GREEN BITTY LIGHT CHAIN,3,17,188.31,2,2,2,222,Inactive product or newly launched
GREEN CAT FLORAL CUSHION COVER ,172,4,37.5,5,1,1,511,Inactive product or newly launched
GREEN CHRISTMAS TREE CARD HOLDER,2,147,2562.27,1,4,4,144,Inactive product or newly launched
GREEN CHRISTMAS TREE STRING 20LIGHT,38,10,186.15,4,2,2,422,Inactive product or newly launched
GREEN DRAWER KNOB ACRYLIC EDWARDIAN,3,149,2227.52,2,4,4,244,Potential products
GREEN DROP EARRINGS W BEAD CLUSTER,179,1,13.4,5,1,1,511,Inactive product or newly launched
GREEN EASTER EGG HUNT START POST,262,9,50.699999999999996,5,2,1,521,Inactive product or newly launched
GREEN ENAMEL FLOWER HAIR TIE,77,2,20.650000000000002,4,1,1,411,Inactive product or newly launched
GREEN ENAMEL FLOWER RING,65,9,135.70000000000002,4,2,2,422,Inactive product or newly launched
GREEN ENAMEL+GLASS HAIR COMB,69,12,189.0,4,2,2,422,Inactive product or newly launched
GREEN FERN JOURNAL ,3,36,317.71,2,3,2,232,Potential products
GREEN FERN NOTEBOOK,75,23,85.8,4,2,2,422,Inactive product or newly launched
GREEN FERN POCKET BOOK,17,22,53.55,3,2,1,321,Inactive product or newly launched
GREEN FERN SKETCHBOOK ,3,51,382.46,2,3,3,233,Potential products
GREEN GEISHA GIRL ,40,10,75.0,4,2,2,422,Inactive product or newly launched
GREEN GIANT GARDEN THERMOMETER,71,129,2278.25,4,4,4,444,MVP
GREEN GLASS TASSLE BAG CHARM,2,6,50.150000000000006,1,1,1,111,Inactive product or newly launched
GREEN GOOSE FEATHER CHRISTMAS TREE ,4,27,520.6500000000001,2,3,3,233,Potential products
GREEN GOOSE FEATHER TREE 60CM,3,37,313.95,2,3,2,232,Potential products
GREEN HEART COMPACT MIRROR,9,21,251.25,3,2,2,322,Inactive product or newly launched
GREEN HEART OF GLASS BRACELET,130,5,77.35,4,1,2,412,Inactive product or newly launched
GREEN JUICY FRUIT PHOTO FRAME,48,31,214.2,4,3,2,432,Potential products
GREEN METAL BOX ARMY SUPPLIES,1,111,3474.39,1,4,5,145,Inactive product or newly launched
GREEN METAL BOX TOP SECRET,109,4,132.0,4,1,2,412,Inactive product or newly launched
GREEN METAL SWINGING BUNNY,233,34,256.7,5,3,2,532,Potential products
GREEN MURANO TWIST BRACELET,22,7,131.75,3,1,2,312,Inactive product or newly launched
GREEN MURANO TWIST NECKLACE,47,4,69.64999999999999,4,1,2,412,Inactive product or newly launched
GREEN PAIR HEART HAIR SLIDES,77,2,30.0,4,1,1,411,Inactive product or newly launched
GREEN PENDANT TRIPLE SHELL NECKLACE,145,2,19.8,5,1,1,511,Inactive product or newly launched
GREEN PEONY CUSHION COVER,32,6,88.35000000000001,4,1,2,412,Inactive product or newly launched
GREEN POLKADOT BOWL,1,150,1632.81,1,4,4,144,Inactive product or newly launched
GREEN POLKADOT PLATE ,3,101,1618.03,2,4,4,244,Potential products
GREEN POP ART MAO CUSHION COVER ,280,2,2.2800000000000002,5,1,1,511,Inactive product or newly launched
GREEN REGENCY TEACUP AND SAUCER,1,700,17735.54,1,5,5,155,Inactive product or newly launched
GREEN ROSE WASHBAG,10,48,555.0,3,3,3,333,Potential products
GREEN ROUND COMPACT MIRROR,9,9,157.5,3,2,2,322,Inactive product or newly launched
GREEN SQUARE COMPACT MIRROR,11,15,168.75,3,2,2,322,Inactive product or newly launched
GREEN SWEETHEART BRACELET,2,18,311.0,1,2,2,122,Inactive product or newly launched
GREEN VINTAGE EARRINGS ,11,4,41.25,3,1,1,311,Inactive product or newly launched
GREEN VINTAGE SPOT BEAKER,4,135,4261.889999999999,2,4,5,245,Potential products
GREEN WIRE STANDING CANDLE HOLDER,9,15,127.5,3,2,2,322,Inactive product or newly launched
GREEN WITH METAL BAG CHARM,155,1,14.850000000000001,5,1,1,511,Inactive product or newly launched
GREEN/BLUE CERAMIC CANDLE HOLDER,144,1,13.2,5,1,1,511,Inactive product or newly launched
GREEN/BLUE FLOWER DESIGN BIG MUG,86,8,13.65,4,2,1,421,Inactive product or newly launched
"GREETING CARD, OVERCROWDED POOL.",2,15,34.2,1,2,1,121,Inactive product or newly launched
"GREETING CARD, STICKY GORDON",75,14,29.830000000000002,4,2,1,421,Inactive product or newly launched
"GREETING CARD, TWO SISTERS.",250,2,4.5600000000000005,5,1,1,511,Inactive product or newly launched
"GREETING CARD,SQUARE, DOUGHNUTS",39,13,68.84,4,2,1,421,Inactive product or newly launched
GREY ACRYLIC FACETED BANGLE,330,3,35.9,5,1,1,511,Inactive product or newly launched
GREY FLORAL FELTCRAFT SHOULDER BAG,208,75,960.0,5,4,4,544,MVP
GREY HEART HOT WATER BOTTLE,1,531,12148.9,1,5,5,155,Inactive product or newly launched
GROOVY CACTUS INFLATABLE,18,21,114.41,3,2,2,322,Inactive product or newly launched
GROW A FLYTRAP OR SUNFLOWER IN TIN,1,239,17226.2,1,5,5,155,Inactive product or newly launched
GROW YOUR OWN BASIL IN ENAMEL MUG,1,169,2061.0,1,5,4,154,Inactive product or newly launched
GROW YOUR OWN FLOWERS SET OF 3,1,74,1177.8,1,4,4,144,Inactive product or newly launched
GROW YOUR OWN HERBS SET OF 3,126,80,1208.4,4,4,4,444,MVP
GROW YOUR OWN PLANT IN A CAN ,240,33,934.26,5,3,4,534,Potential products
GUMBALL COAT RACK,1,577,17488.55,1,5,5,155,Inactive product or newly launched
GUMBALL MAGAZINE RACK,4,160,3909.1400000000003,2,5,5,255,Potential products
GUMBALL MONOCHROME COAT RACK,226,34,508.07000000000005,5,3,3,533,Potential products
GYMKHANA TREASURE BOOK BOX,1,159,3417.83,1,5,5,155,Inactive product or newly launched
GYMKHANNA TREASURE BOOK BOX,96,14,261.84000000000003,4,2,2,422,Inactive product or newly launched
HAIRCLIPS FORTIES FABRIC ASSORTED,1,61,572.26,1,3,3,133,Inactive product or newly launched
HALL CABINET WITH 3 DRAWERS,310,4,2503.5299999999997,5,1,4,514,Inactive product or newly launched
HAND OPEN SHAPE DECO.WHITE,359,5,270.02000000000004,5,1,2,512,Inactive product or newly launched
HAND OPEN SHAPE GOLD,2,26,506.58,1,2,3,123,Inactive product or newly launched
HAND OVER THE CHOCOLATE   SIGN ,1,592,15484.51,1,5,5,155,Inactive product or newly launched
HAND PAINTED HANGING EASTER EGG,2,3,9.24,1,1,1,111,Inactive product or newly launched
HAND TOWEL PALE BLUE W FLOWERS,220,18,407.4,5,2,3,523,Inactive product or newly launched
HAND TOWEL PINK FLOWER AND DAISY,25,11,281.95,4,2,2,422,Inactive product or newly launched
HAND WARMER BABUSHKA DESIGN,1,293,6118.43,1,5,5,155,Inactive product or newly launched
HAND WARMER BIRD DESIGN,1,481,12064.630000000001,1,5,5,155,Inactive product or newly launched
HAND WARMER OWL DESIGN,1,584,16113.730000000001,1,5,5,155,Inactive product or newly launched
HAND WARMER RED LOVE HEART,1,386,7574.1,1,5,5,155,Inactive product or newly launched
HAND WARMER RED POLKA DOT,372,18,225.00000000000003,5,2,2,522,Inactive product or newly launched
HAND WARMER RED RETROSPOT,1,348,8513.52,1,5,5,155,Inactive product or newly launched
HAND WARMER SCOTTY DOG DESIGN,1,484,12204.660000000002,1,5,5,155,Inactive product or newly launched
HAND WARMER UNION JACK,1,455,9516.960000000001,1,5,5,155,Inactive product or newly launched
HANGING  BUTTERFLY T-LIGHT HOLDER,1,67,1526.62,1,3,4,134,Inactive product or newly launched
HANGING BAUBLE T-LIGHT HOLDER LARGE,23,9,73.75,3,2,2,322,Inactive product or newly launched
HANGING BAUBLE T-LIGHT HOLDER SMALL,6,19,566.55,3,2,3,323,Inactive product or newly launched
HANGING BUTTERFLY  EGG,268,4,7.6499999999999995,5,1,1,511,Inactive product or newly launched
HANGING CHICK  YELLOW DECORATION,14,92,1515.6499999999999,3,4,4,344,Selling consistently
HANGING CHICK CREAM DECORATION,14,92,1761.7499999999998,3,4,4,344,Selling consistently
HANGING CHICK GREEN DECORATION,18,85,1184.6499999999999,3,4,4,344,Selling consistently
HANGING CLEAR MINI BOTTLE,4,35,1012.0200000000001,2,3,4,234,Potential products
HANGING ENGRAVED METAL HEART,2,75,1137.1000000000001,1,4,4,144,Inactive product or newly launched
HANGING FAIRY CAKE DECORATION,17,33,1262.1,3,3,4,334,Potential products
HANGING GLASS ETCHED TEALIGHT,291,10,191.84999999999997,5,2,2,522,Inactive product or newly launched
HANGING HEART BASKET,268,3,23.1,5,1,1,511,Inactive product or newly launched
HANGING HEART BONHEUR,1,63,495.83,1,3,3,133,Inactive product or newly launched
HANGING HEART JAR T-LIGHT HOLDER,1,577,12650.970000000001,1,5,5,155,Inactive product or newly launched
HANGING HEART MIRROR DECORATION ,1,182,1276.8500000000001,1,5,4,154,Inactive product or newly launched
HANGING HEART WITH BELL,17,146,1906.58,3,4,4,344,Selling consistently
HANGING HEART ZINC T-LIGHT HOLDER,4,412,6808.49,2,5,5,255,Potential products
HANGING HEN ON NEST DECORATION,4,90,1310.1,2,4,4,244,Potential products
HANGING JAM JAR T-LIGHT HOLDER,96,311,8164.12,4,5,5,455,MVP
HANGING JAM JAR T-LIGHT HOLDERS,1,69,1867.33,1,4,4,144,Inactive product or newly launched
HANGING MEDINA LANTERN SMALL,236,20,203.55,5,2,2,522,Inactive product or newly launched
HANGING METAL CHICKEN DECORATION,18,20,152.5,3,2,2,322,Inactive product or newly launched
HANGING METAL HEART LANTERN,1,280,4789.709999999999,1,5,5,155,Inactive product or newly launched
HANGING METAL RABBIT DECORATION,17,43,565.0,3,3,3,333,Potential products
HANGING METAL STAR LANTERN,1,161,2828.0799999999995,1,5,5,155,Inactive product or newly launched
HANGING MINI COLOURED BOTTLES,1,55,1999.5900000000001,1,3,4,134,Inactive product or newly launched
HANGING PHOTO CLIP ROPE LADDER,3,52,1089.58,2,3,4,234,Potential products
HANGING QUILTED PATCHWORK APPLES,5,82,1003.17,3,4,4,344,Selling consistently
HANGING RIDGE GLASS T-LIGHT HOLDER,301,2,60.84,5,1,1,511,Inactive product or newly launched
HANGING SPRING FLOWER EGG LARGE,17,56,746.28,3,3,3,333,Potential products
HANGING SPRING FLOWER EGG SMALL,6,55,447.75000000000006,3,3,3,333,Potential products
HANGING WOOD AND FELT BUTTERFLY ,4,54,237.54,2,3,2,232,Potential products
HANGING WOOD AND FELT FLOWER,2,43,248.88,1,3,2,132,Inactive product or newly launched
HANGING WOOD AND FELT HEART,10,45,124.32,3,3,2,332,Potential products
HAPPY BIRTHDAY CARD STRIPEY TEDDY,15,2,2.47,3,1,1,311,Inactive product or newly launched
HAPPY BIRTHDAY CARD TEDDY/CAKE,104,1,0.95,4,1,1,411,Inactive product or newly launched
HAPPY EASTER HANGING DECORATION,17,44,770.22,3,3,3,333,Potential products
HAPPY STENCIL CRAFT,1,255,3244.6000000000004,1,5,5,155,Inactive product or newly launched
HARDMAN MUG 3 ASSORTED,51,12,24.57,4,2,1,421,Inactive product or newly launched
HAWAIIAN GRASS SKIRT ,18,25,368.35,3,2,3,323,Inactive product or newly launched
HEADS AND TAILS SPORTING FUN,26,182,2095.46,4,5,4,454,MVP
HEART BEADED TRELLIS DECORATION,2,41,507.52000000000004,1,3,3,133,Inactive product or newly launched
HEART BUTTONS JEWELLERY BOX,254,4,53.550000000000004,5,1,1,511,Inactive product or newly launched
HEART CALCULATOR,3,92,1155.88,2,4,4,244,Potential products
HEART DECORATION PAINTED ZINC ,3,128,1246.3000000000002,2,4,4,244,Potential products
HEART DECORATION RUSTIC HANGING ,3,170,855.9200000000001,2,5,3,253,Potential products
HEART DECORATION WITH PEARLS ,3,157,1586.4599999999998,2,5,4,254,Potential products
HEART FILIGREE DOVE  SMALL,3,254,6574.82,2,5,5,255,Potential products
HEART FILIGREE DOVE LARGE,1,215,4390.469999999999,1,5,5,155,Inactive product or newly launched
HEART GARLAND RUSTIC PADDED,17,29,312.7,3,3,2,332,Potential products
HEART IVORY TRELLIS LARGE,4,279,4962.429999999999,2,5,5,255,Potential products
HEART IVORY TRELLIS SMALL,2,226,4706.28,1,5,5,155,Inactive product or newly launched
HEART MINI PORTRAIT FRAME,1,81,990.9,1,4,4,144,Inactive product or newly launched
HEART MIRROR ANTIQUE WHITE,60,72,2269.14,4,4,4,444,MVP
HEART OF WICKER LARGE,1,811,28479.65,1,5,5,155,Inactive product or newly launched
HEART OF WICKER SMALL,1,979,28217.089999999997,1,5,5,155,Inactive product or newly launched
HEART SHAPE WIRELESS DOORBELL,1,51,792.54,1,3,3,133,Inactive product or newly launched
HEART SHAPED HOLLY WREATH,4,165,3933.1800000000003,2,5,5,255,Potential products
HEART SHAPED MIRROR,366,2,8.45,5,1,1,511,Inactive product or newly launched
HEART STRING MEMO HOLDER HANGING,1,51,580.94,1,3,3,133,Inactive product or newly launched
HEART T-LIGHT HOLDER,330,6,135.74,5,1,2,512,Inactive product or newly launched
HEART T-LIGHT HOLDER ,12,13,102.95,3,2,2,322,Inactive product or newly launched
HEART T-LIGHT HOLDER WILLIE WINKIE,3,98,1533.84,2,4,4,244,Potential products
HEART TRELLIS TRIPLE T-LIGHT HOLDER,5,21,331.42,3,2,2,322,Inactive product or newly launched
HEART TRELLISTRIPLE T-LIGHT HOLDER,53,5,152.24,4,1,2,412,Inactive product or newly launched
HEART WOODEN CHRISTMAS DECORATION,1,159,1851.99,1,5,4,154,Inactive product or newly launched
HEART WREATH DECORATION WITH BELL,1,149,2562.63,1,4,4,144,Inactive product or newly launched
HEARTS  STICKERS,8,80,655.0,3,4,3,343,Selling consistently
HEARTS GIFT TAPE,4,58,301.93,2,3,2,232,Potential products
HEARTS WRAPPING TAPE ,253,3,3.25,5,1,1,511,Inactive product or newly launched
HEAVENS SCENT FRAGRANCE OILS ASSTD,284,1,20.88,5,1,1,511,Inactive product or newly launched
HELLO SAILOR BATHROOM SET,13,9,52.5,3,2,1,321,Inactive product or newly launched
HELLO SAILOR BLUE SOAP HOLDER,15,31,261.95,3,3,2,332,Potential products
HEN HOUSE DECORATION,4,100,1442.1,2,4,4,244,Potential products
HEN HOUSE W CHICK IN NEST,270,1,0.42,5,1,1,511,Inactive product or newly launched
HEN HOUSE W CHICK STANDING,262,16,107.39999999999999,5,2,2,522,Inactive product or newly launched
HEN HOUSE W FAMILY IN BARN & NEST,185,9,34.510000000000005,5,2,1,521,Inactive product or newly launched
HEN HOUSE WITH CHICK STANDING,11,3,5.88,3,1,1,311,Inactive product or newly launched
HEN PARTY CORDON BARRIER TAPE,15,28,200.0,3,3,2,332,Potential products
HENRIETTA HEN MUG ,1,31,483.44999999999993,1,3,3,133,Inactive product or newly launched
HERB MARKER BASIL,1,190,1997.7500000000002,1,5,4,154,Inactive product or newly launched
HERB MARKER CHIVES ,2,167,1055.95,1,5,4,154,Inactive product or newly launched
HERB MARKER MINT,2,194,1070.25,1,5,4,154,Inactive product or newly launched
HERB MARKER PARSLEY,1,190,1119.15,1,5,4,154,Inactive product or newly launched
HERB MARKER ROSEMARY,1,191,1191.15,1,5,4,154,Inactive product or newly launched
HERB MARKER THYME,2,191,1168.4,1,5,4,154,Inactive product or newly launched
HI TEC ALPINE HAND WARMER,1,54,632.76,1,3,3,133,Inactive product or newly launched
HILDA CANDY SPOT RABBIT,4,12,75.0,2,2,2,222,Inactive product or newly launched
HIPPY CHIC DECORATIVE PARASOL,22,16,761.85,3,2,3,323,Inactive product or newly launched
HOLIDAY FUN LUDO,1,176,3810.71,1,5,5,155,Inactive product or newly launched
HOLLY TOP CHRISTMAS STOCKING,360,6,14.45,5,1,1,511,Inactive product or newly launched
HOME BUILDING BLOCK WORD,1,695,15504.51,1,5,5,155,Inactive product or newly launched
HOME GARLAND PAINTED ZINC ,12,52,769.65,3,3,3,333,Potential products
HOME SMALL WOOD LETTERS,75,94,1024.65,4,4,4,444,MVP
HOME SWEEET HOME 3 PEG HANGER ,80,4,93.75,4,1,2,412,Inactive product or newly launched
HOME SWEET HOME 2 DRAWER CABINET,3,58,1128.05,2,3,4,234,Potential products
HOME SWEET HOME 3 PEG HANGER ,6,51,934.1700000000001,3,3,4,334,Potential products
HOME SWEET HOME BLACKBOARD,1,136,4108.58,1,4,5,145,Inactive product or newly launched
HOME SWEET HOME BOTTLE ,3,61,895.0400000000001,2,3,3,233,Potential products
HOME SWEET HOME CUSHION COVER ,3,203,2861.25,2,5,5,255,Potential products
HOME SWEET HOME HANGING HEART,1,185,1539.6299999999999,1,5,4,154,Inactive product or newly launched
HOME SWEET HOME HOOK,1,45,405.59999999999997,1,3,3,133,Inactive product or newly launched
HOME SWEET HOME KEY HOLDER,3,94,2148.54,2,4,4,244,Potential products
HOME SWEET HOME METAL SIGN ,1,248,4844.72,1,5,5,155,Inactive product or newly launched
HOME SWEET HOME MUG,1,294,6698.56,1,5,5,155,Inactive product or newly launched
HOMEMADE JAM SCENTED CANDLES,2,518,17504.2,1,5,5,155,Inactive product or newly launched
"HOOK, 1 HANGER ,MAGIC GARDEN",99,57,965.26,4,3,4,434,Potential products
HORSE & PONY WALL ART,23,17,797.3100000000001,3,2,3,323,Inactive product or newly launched
HOT BATHS METAL SIGN,1,392,12731.34,1,5,5,155,Inactive product or newly launched
HOT BATHS SOAP HOLDER,8,103,809.51,3,4,3,343,Selling consistently
HOT STUFF HOT WATER BOTTLE,1,67,1686.15,1,3,4,134,Inactive product or newly launched
HOT WATER BOTTLE BABUSHKA ,75,134,4437.35,4,4,5,445,MVP
HOT WATER BOTTLE BABUSHKA LARGE,355,1,37.2,5,1,1,511,Inactive product or newly launched
HOT WATER BOTTLE I AM SO POORLY,1,507,13685.130000000001,1,5,5,155,Inactive product or newly launched
HOT WATER BOTTLE KEEP CALM,1,731,24302.550000000003,1,5,5,155,Inactive product or newly launched
HOT WATER BOTTLE SEX BOMB,1,89,1832.0,1,4,4,144,Inactive product or newly launched
HOT WATER BOTTLE TEA AND SYMPATHY,1,516,15386.07,1,5,5,155,Inactive product or newly launched
HOUSE SHAPE PENCIL SHARPENER,9,47,309.9,3,3,2,332,Potential products
HOUSE WRECKING METAL SIGN ,198,24,105.0,5,2,2,522,Inactive product or newly launched
HYACINTH BULB T-LIGHT CANDLES,4,43,544.3199999999999,2,3,3,233,Potential products
High Resolution Image,24,3,27.0,4,1,1,411,Inactive product or newly launched
I CAN ONLY PLEASE ONE PERSON MUG,186,139,1658.89,5,4,4,544,MVP
I LOVE LONDON BABY GIFT SET,2,61,3262.5499999999997,1,3,5,135,Inactive product or newly launched
I LOVE LONDON BEAKER,2,71,999.75,1,4,4,144,Inactive product or newly launched
I LOVE LONDON WALL ART,24,2,59.400000000000006,4,1,1,411,Inactive product or newly launched
I'M ON HOLIDAY METAL SIGN,2,330,4757.35,1,5,5,155,Inactive product or newly launched
ICE CREAM BUBBLES,1,95,2131.0099999999998,1,4,4,144,Inactive product or newly launched
ICE CREAM DESIGN GARDEN PARASOL,74,30,894.35,4,3,3,433,Potential products
ICE CREAM PEN LIP GLOSS ,3,213,8077.31,2,5,5,255,Potential products
ICE CREAM SUNDAE LIP GLOSS,2,248,9638.16,1,5,5,155,Inactive product or newly launched
ICON MUG REVOLUTIONARY,4,81,283.71,2,4,2,242,Potential products
ICON PLACEMAT POP ART ELVIS,11,28,113.64,3,3,2,332,Potential products
IF YOU CAN'T STAND THE HEAT MUG,1,88,1748.59,1,4,4,144,Inactive product or newly launched
ILLUSTRATED CAT BOWL ,1,89,3586.3199999999997,1,4,5,145,Inactive product or newly launched
INCENSE BAZAAR PEACH,312,1,2.52,5,1,1,511,Inactive product or newly launched
INFLATABLE POLITICAL GLOBE ,235,49,699.55,5,3,3,533,Potential products
IVORY CAFE HANGING LAMP ,2,43,1330.5,1,3,4,134,Inactive product or newly launched
IVORY CHANDELIER T-LIGHT HOLDER,24,38,1286.72,4,3,4,434,Potential products
IVORY DINER WALL CLOCK,1,394,11527.7,1,5,5,155,Inactive product or newly launched
IVORY EMBROIDERED QUILT ,26,25,1715.9,4,2,4,424,Inactive product or newly launched
IVORY ENCHANTED FOREST PLACEMAT,2,51,624.4499999999999,1,3,3,133,Inactive product or newly launched
IVORY GIANT GARDEN THERMOMETER,214,183,3295.7000000000003,5,5,5,555,MVP
IVORY GOLD METAL BAG CHARM,16,3,34.77,3,1,1,311,Inactive product or newly launched
IVORY HANGING DECORATION  BIRD,5,100,862.75,3,4,3,343,Selling consistently
IVORY HANGING DECORATION  EGG,6,50,253.01,3,3,2,332,Potential products
IVORY HANGING DECORATION  HEART,3,214,2952.54,2,5,5,255,Potential products
IVORY KITCHEN SCALES,1,620,14638.73,1,5,5,155,Inactive product or newly launched
IVORY KNITTED MUG COSY ,1,53,841.79,1,3,3,133,Inactive product or newly launched
IVORY LOVE BIRD CANDLE,1,49,496.72,1,3,3,133,Inactive product or newly launched
IVORY PANTRY HANGING LAMP ,212,1,25.0,5,1,1,511,Inactive product or newly launched
IVORY PAPER CUP CAKE CASES ,4,64,460.70000000000005,2,3,3,233,Potential products
IVORY PENDANT TRIPLE SHELL NECKLACE,145,2,29.700000000000003,5,1,1,511,Inactive product or newly launched
IVORY PILLAR CANDLE GOLD FLOCK,15,21,365.05,3,2,3,323,Inactive product or newly launched
IVORY PILLAR CANDLE SILVER FLOCK,1,49,725.19,1,3,3,133,Inactive product or newly launched
IVORY REFECTORY CLOCK,3,76,1894.7,2,4,4,244,Potential products
IVORY RETRO KITCHEN WALL CLOCK,1,26,559.5,1,2,3,123,Inactive product or newly launched
IVORY SCULPTED RND CANDLE ,26,7,37.4,4,1,1,411,Inactive product or newly launched
IVORY SHELL HEART EARRINGS,215,1,5.1,5,1,1,511,Inactive product or newly launched
IVORY SHELL HEART NECKLACE,45,6,90.67,4,1,2,412,Inactive product or newly launched
IVORY STRING CURTAIN WITH POLE ,12,24,363.7,3,2,3,323,Inactive product or newly launched
IVORY SWEETHEART SOAP DISH,4,40,346.11,2,3,3,233,Potential products
IVORY SWEETHEART WIRE LETTER RACK ,5,150,1998.51,3,4,4,344,Selling consistently
IVORY WICKER HEART LARGE,2,276,3255.7499999999995,1,5,5,155,Inactive product or newly launched
IVORY WICKER HEART MEDIUM,2,226,2498.65,1,5,4,154,Inactive product or newly launched
IVORY WICKER HEART SMALL,1,101,1345.5,1,4,4,144,Inactive product or newly launched
IVORY WIRE KITCHEN ORGANISER,12,36,1137.65,3,3,4,334,Potential products
IVORY WIRE SWEETHEART LETTER TRAY,4,44,467.05,2,3,3,233,Potential products
IVY HEART WREATH,38,7,81.0,4,1,2,412,Inactive product or newly launched
JADE CRYSTAL+GLASS BRACELET,303,1,4.95,5,1,1,511,Inactive product or newly launched
JADE DROP EARRINGS W FILIGREE,2,8,113.85000000000001,1,2,2,122,Inactive product or newly launched
JAM CLOCK MAGNET,1,55,838.47,1,3,3,133,Inactive product or newly launched
JAM JAR WITH BLUE LID,360,1,17.28,5,1,1,511,Inactive product or newly launched
JAM JAR WITH GREEN LID,5,209,2433.88,3,5,4,354,Selling consistently
JAM JAR WITH PINK LID,4,246,2947.47,2,5,5,255,Potential products
JAM MAKING SET PRINTED,1,870,21147.55,1,5,5,155,Inactive product or newly launched
JAM MAKING SET WITH JARS,1,880,32616.22,1,5,5,155,Inactive product or newly launched
JARDIN ETCHED GLASS BUTTER DISH,372,1,7.25,5,1,1,511,Inactive product or newly launched
JARDIN ETCHED GLASS CHEESE DISH,220,41,575.45,5,3,3,533,Potential products
JARDIN ETCHED GLASS FRUITBOWL,176,38,611.65,5,3,3,533,Potential products
JARDIN ETCHED GLASS LARGE BELL JAR,225,13,163.75,5,2,2,522,Inactive product or newly launched
JARDIN ETCHED GLASS SMALL BELL JAR,246,9,147.85000000000002,5,2,2,522,Inactive product or newly launched
JASMINE VOTIVE CANDLE,29,12,90.33999999999999,4,2,2,422,Inactive product or newly launched
JAZZ HEARTS ADDRESS BOOK,1,185,648.12,1,5,3,153,Inactive product or newly launched
JAZZ HEARTS PURSE NOTEBOOK,1,258,1845.87,1,5,4,154,Inactive product or newly launched
JET BLACK LAS VEGAS BRACELET ROUND,367,1,11.25,5,1,1,511,Inactive product or newly launched
JET BLACK LAS VEGAS NECKLACE 45CM,37,2,23.8,4,1,1,411,Inactive product or newly launched
JIGSAW RABBIT AND BIRDHOUSE,2,80,514.6999999999999,1,4,3,143,Inactive product or newly launched
JIGSAW TOADSTOOLS 3 PIECE,2,61,506.42999999999995,1,3,3,133,Inactive product or newly launched
JIGSAW TREE WITH BIRDHOUSE,1,109,821.13,1,4,3,143,Inactive product or newly launched
JIGSAW TREE WITH WATERING CAN,5,65,356.16999999999996,3,3,3,333,Potential products
JINGLE BELL HEART ANTIQUE GOLD,2,92,1599.8700000000001,1,4,4,144,Inactive product or newly launched
JINGLE BELL HEART ANTIQUE SILVER,1,200,6955.8,1,5,5,155,Inactive product or newly launched
JINGLE BELL HEART DECORATION,1,318,6055.949999999999,1,5,5,155,Inactive product or newly launched
JINGLE BELLS TREE DECORATION,4,22,200.94,2,2,2,222,Inactive product or newly launched
JOY LARGE WOOD LETTERS,186,14,194.15,5,2,2,522,Inactive product or newly launched
JOY WOODEN BLOCK LETTERS,1,78,742.63,1,4,3,143,Inactive product or newly launched
JUMBO  BAG BAROQUE BLACK WHITE,1,656,23630.58,1,5,5,155,Inactive product or newly launched
JUMBO BAG 50'S CHRISTMAS ,1,592,17636.04,1,5,5,155,Inactive product or newly launched
JUMBO BAG ALPHABET,1,757,24160.44,1,5,5,155,Inactive product or newly launched
JUMBO BAG APPLES,1,724,26426.3,1,5,5,155,Inactive product or newly launched
JUMBO BAG CHARLIE AND LOLA TOYS,92,108,1932.67,4,4,4,444,MVP
JUMBO BAG DOILEY PATTERNS,30,457,16737.1,4,5,5,455,MVP
JUMBO BAG DOLLY GIRL DESIGN,2,317,6006.33,1,5,5,155,Inactive product or newly launched
JUMBO BAG OWLS,1,416,19047.02,1,5,5,155,Inactive product or newly launched
JUMBO BAG PAISLEY PARK,1,309,8498.04,1,5,5,155,Inactive product or newly launched
JUMBO BAG PEARS,2,473,13034.92,1,5,5,155,Inactive product or newly launched
JUMBO BAG PINK POLKADOT,1,884,37254.36,1,5,5,155,Inactive product or newly launched
JUMBO BAG PINK VINTAGE PAISLEY,1,605,18427.9,1,5,5,155,Inactive product or newly launched
JUMBO BAG RED RETROSPOT,1,1615,85040.54000000001,1,5,5,155,Inactive product or newly launched
JUMBO BAG SCANDINAVIAN BLUE PAISLEY,2,453,14626.73,1,5,5,155,Inactive product or newly launched
JUMBO BAG SCANDINAVIAN PAISLEY,212,92,3426.75,5,4,5,545,MVP
JUMBO BAG SPACEBOY DESIGN,1,484,15320.75,1,5,5,155,Inactive product or newly launched
JUMBO BAG STRAWBERRY,1,656,30569.32,1,5,5,155,Inactive product or newly launched
JUMBO BAG TOYS ,12,247,7689.28,3,5,5,355,Selling consistently
JUMBO BAG VINTAGE CHRISTMAS ,1,393,9742.1,1,5,5,155,Inactive product or newly launched
JUMBO BAG VINTAGE DOILEY ,122,6,268.44,4,1,2,412,Inactive product or newly launched
JUMBO BAG VINTAGE DOILY ,1,628,20641.4,1,5,5,155,Inactive product or newly launched
JUMBO BAG VINTAGE LEAF,1,779,20921.55,1,5,5,155,Inactive product or newly launched
JUMBO BAG WOODLAND ANIMALS,2,497,15511.6,1,5,5,155,Inactive product or newly launched
JUMBO SHOPPER VINTAGE RED PAISLEY,1,793,20116.38,1,5,5,155,Inactive product or newly launched
JUMBO STORAGE BAG SKULLS,1,478,10865.83,1,5,5,155,Inactive product or newly launched
JUMBO STORAGE BAG SUKI,1,780,21784.84,1,5,5,155,Inactive product or newly launched
JUNGLE POPSICLES ICE LOLLY HOLDERS,266,15,148.75,5,2,2,522,Inactive product or newly launched
JUNGLE POPSICLES ICE LOLLY MOULDS,2,98,1038.66,1,4,4,144,Inactive product or newly launched
KEEP CALM BIRTHDAY WRAP,38,2,21.0,4,1,1,411,Inactive product or newly launched
KEEP CALM WALL ART ,25,20,2015.97,4,2,4,424,Inactive product or newly launched
KEEP OUT BOYS DOOR HANGER ,185,36,188.5,5,3,2,532,Potential products
KENSINGTON COFFEE SET,11,30,675.75,3,3,3,333,Potential products
KEY CABINET MA CAMPAGNE,2,93,1855.6999999999998,1,4,4,144,Inactive product or newly launched
"KEY FOB , BACK DOOR ",1,241,1140.26,1,5,4,154,Inactive product or newly launched
"KEY FOB , FRONT  DOOR ",1,164,1168.2800000000002,1,5,4,154,Inactive product or newly launched
"KEY FOB , GARAGE DESIGN",158,105,1140.6200000000001,5,4,4,544,MVP
"KEY FOB , SHED",1,266,1959.13,1,5,4,154,Inactive product or newly launched
KEY RING BASEBALL BOOT ASSORTED ,2,88,1928.8,1,4,4,144,Inactive product or newly launched
KEY RING BASEBALL BOOT UNION JACK,2,87,2103.3,1,4,4,144,Inactive product or newly launched
KIDS CUTLERY DOLLY GIRL ,71,8,149.4,4,2,2,422,Inactive product or newly launched
KIDS CUTLERY SPACEBOY ,71,8,149.4,4,2,2,422,Inactive product or newly launched
KIDS RAIN MAC BLUE,4,67,933.53,2,3,4,234,Potential products
KIDS RAIN MAC PINK,7,68,672.5799999999999,3,3,3,333,Potential products
KINGS CHOICE BISCUIT TIN,3,87,1332.6,2,4,4,244,Potential products
KINGS CHOICE GIANT TUBE MATCHES,33,66,1691.25,4,3,4,434,Potential products
KINGS CHOICE MUG,1,112,2249.56,1,4,4,144,Inactive product or newly launched
KINGS CHOICE TEA CADDY ,6,111,1335.38,3,4,4,344,Selling consistently
KITCHEN FLOWER POTS WALL PLAQUE,77,13,172.55,4,2,2,422,Inactive product or newly launched
KITCHEN METAL SIGN,2,222,1087.46,1,5,4,154,Inactive product or newly launched
KITTENS DESIGN FLANNEL,1,34,177.88,1,3,2,132,Inactive product or newly launched
KITTY PENCIL ERASERS,2,73,266.56,1,4,2,142,Inactive product or newly launched
KNEELING MAT HOUSEWORK  DESIGN,1,190,1980.7099999999998,1,5,4,154,Inactive product or newly launched
KNICKERBOCKERGLORY MAGNET ASSORTED ,1,111,1669.3799999999999,1,4,4,144,Inactive product or newly launched
KNITTED RABBIT DOLL ,153,1,26.4,5,1,1,511,Inactive product or newly launched
KNITTED UNION FLAG HOT WATER BOTTLE,1,323,9313.17,1,5,5,155,Inactive product or newly launched
LA JARDIN BOTANIQUE CUSHION COVER,65,23,300.0,4,2,2,422,Inactive product or newly launched
LA PALMIERA TILE COASTER,3,32,266.64,2,3,2,232,Potential products
LA PALMIERA TILE HOOK,137,11,39.39,5,2,1,521,Inactive product or newly launched
LA PALMIERA WALL THERMOMETER,170,10,38.25,5,2,1,521,Inactive product or newly launched
LADIES & GENTLEMEN METAL SIGN,1,368,8696.58,1,5,5,155,Inactive product or newly launched
LADLE LOVE HEART PINK,369,3,7.98,5,1,1,511,Inactive product or newly launched
LADLE LOVE HEART RED ,369,1,2.52,5,1,1,511,Inactive product or newly launched
LADS ONLY TISSUE BOX,1,109,1427.59,1,4,4,144,Inactive product or newly launched
LADYBIRD + BEE RAFFIA FOOD COVER,147,33,446.25,5,3,3,533,Potential products
LANDMARK FRAME BAKER STREET ,1,29,3867.85,1,3,5,135,Inactive product or newly launched
LANDMARK FRAME CAMDEN TOWN ,1,62,6244.85,1,3,5,135,Inactive product or newly launched
LANDMARK FRAME COVENT GARDEN ,2,52,4912.05,1,3,5,135,Inactive product or newly launched
LANDMARK FRAME LONDON BRIDGE ,2,47,4604.2,1,3,5,135,Inactive product or newly launched
LANDMARK FRAME NOTTING HILL ,2,49,4730.65,1,3,5,135,Inactive product or newly launched
LANDMARK FRAME OXFORD STREET,2,54,4730.65,1,3,5,135,Inactive product or newly launched
LANTERN CREAM GAZEBO ,1,263,5676.87,1,5,5,155,Inactive product or newly launched
LARGE  TALL CAMPHOR WOOD TOADSTOOL ,6,13,149.65,3,2,2,322,Inactive product or newly launched
LARGE ANTIQUE WHITE PHOTO FRAME,1,125,3568.26,1,4,5,145,Inactive product or newly launched
LARGE APOTHECARY MEASURING JAR ,23,20,587.2,3,2,3,323,Inactive product or newly launched
LARGE BLACK DIAMANTE HAIRSLIDE,77,1,6.6,4,1,1,411,Inactive product or newly launched
LARGE BLUE PROVENCAL CERAMIC BALL,7,8,92.4,3,2,2,322,Inactive product or newly launched
LARGE BONNE JAM JAR  T-LIGHT HOLDER,25,10,662.0600000000001,4,2,3,423,Inactive product or newly launched
LARGE CAKE STAND  HANGING STRAWBERY,1,129,3854.68,1,4,5,145,Inactive product or newly launched
LARGE CAKE STAND HANGING HEARTS,200,35,1111.05,5,3,4,534,Potential products
LARGE CAKE TOWEL CHOCOLATE SPOTS,1,68,2082.15,1,3,4,134,Inactive product or newly launched
LARGE CAKE TOWEL PINK SPOTS,15,79,2288.3,3,4,4,344,Selling consistently
"LARGE CAKE TOWEL, CHOCOLATE SPOTS",361,4,47.25,5,1,1,511,Inactive product or newly launched
LARGE CAMPHOR WOOD FIELD MUSHROOM ,6,11,107.30000000000001,3,2,2,322,Inactive product or newly launched
LARGE CERAMIC TOP STORAGE JAR,1,222,4617.9,1,5,5,155,Inactive product or newly launched
LARGE CHINESE STYLE SCISSOR,1,65,1053.45,1,3,4,134,Inactive product or newly launched
LARGE CIRCULAR MIRROR MOBILE,2,122,6092.049999999999,1,4,5,145,Inactive product or newly launched
LARGE CRYSTAL DIAMANTE HAIRSLIDE,77,3,9.899999999999999,4,1,1,411,Inactive product or newly launched
LARGE DECO JEWELLERY STAND,51,88,2977.8,4,4,5,445,MVP
LARGE HANGING IVORY & RED WOOD BIRD,2,65,598.37,1,3,3,133,Inactive product or newly launched
LARGE HEART MEASURING SPOONS,1,225,2836.9199999999996,1,5,5,155,Inactive product or newly launched
LARGE IVORY HEART WALL ORGANISER,1,134,5142.91,1,4,5,145,Inactive product or newly launched
LARGE JEWELLERY STAND,203,4,125.0,5,1,2,512,Inactive product or newly launched
LARGE MEDINA STAMPED METAL BOWL ,5,50,881.1600000000001,3,3,3,333,Potential products
LARGE MINT DIAMANTE HAIRSLIDE,37,6,26.4,4,1,1,411,Inactive product or newly launched
LARGE PARLOUR FRAME,24,2,122.85,4,1,2,412,Inactive product or newly launched
LARGE PARLOUR PICTURE FRAME,1,27,375.75,1,3,3,133,Inactive product or newly launched
LARGE PINK GLASS SUNDAE DISH,198,55,708.16,5,3,3,533,Potential products
LARGE POPCORN HOLDER ,292,53,1370.4499999999998,5,3,4,534,Potential products
LARGE PURPLE BABUSHKA NOTEBOOK  ,1,128,939.52,1,4,4,144,Inactive product or newly launched
LARGE RED BABUSHKA NOTEBOOK ,1,113,949.21,1,4,4,144,Inactive product or newly launched
LARGE RED RETROSPOT WINDMILL,22,107,3645.0000000000005,3,4,5,345,Selling consistently
LARGE ROUND WICKER PLATTER ,1,91,1142.4,1,4,4,144,Inactive product or newly launched
LARGE SKULL WINDMILL,52,16,161.70000000000002,4,2,2,422,Inactive product or newly launched
LARGE STRIPES CHOCOLATE GIFT BAG,12,19,553.75,3,2,3,323,Inactive product or newly launched
LARGE TORTILLA DESIGN RED BOWL,132,9,109.79999999999998,4,2,2,422,Inactive product or newly launched
LARGE WHITE HEART OF WICKER,2,517,8137.500000000001,1,5,5,155,Inactive product or newly launched
LARGE WHITE HONEYCOMB PAPER BELL  ,4,44,788.0400000000001,2,3,3,233,Potential products
LARGE WHITE/PINK ROSE ART FLOWER,189,22,639.36,5,2,3,523,Inactive product or newly launched
LARGE YELLOW BABUSHKA NOTEBOOK ,1,93,546.88,1,4,3,143,Inactive product or newly launched
LARGE ZINC GLASS CANDLEHOLDER,4,4,49.980000000000004,2,1,1,211,Inactive product or newly launched
LARGE ZINC HEART WALL ORGANISER,82,37,6414.48,4,3,5,435,Potential products
LASER CUT MULTI STRAND NECKLACE,227,1,11.95,5,1,1,511,Inactive product or newly launched
LAUNDRY 15C METAL SIGN,4,255,4229.719999999999,2,5,5,255,Potential products
LAUREL HEART ANTIQUE GOLD,3,41,613.51,2,3,3,233,Potential products
LAUREL HEART ANTIQUE SILVER,3,86,1567.0,2,4,4,244,Potential products
LAUREL STAR ANTIQUE GOLD,8,33,465.81,3,3,3,333,Potential products
LAUREL STAR ANTIQUE SILVER ,3,52,504.6,2,3,3,233,Potential products
LAVENDER INCENSE 40 CONES IN TIN,16,10,107.44999999999999,3,2,2,322,Inactive product or newly launched
LAVENDER INCENSE IN TIN,206,25,98.91,5,2,2,522,Inactive product or newly launched
LAVENDER SCENT CAKE CANDLE,11,16,158.64,3,2,2,322,Inactive product or newly launched
LAVENDER SCENTED FABRIC HEART,5,129,1674.03,3,4,4,344,Selling consistently
LAVENDER TOILETTE BOTTLE,3,60,1066.88,2,3,4,234,Potential products
LAZER CUT NECKLACE W PASTEL BEADS,21,5,421.75,3,1,3,313,Inactive product or newly launched
LE GRAND TRAY CHIC SET,19,74,1837.5,3,4,4,344,Selling consistently
LE JARDIN BOTANIQUE CUSHION COVER,1,144,1948.23,1,4,4,144,Inactive product or newly launched
LEAVES MAGNETIC  SHOPPING LIST,149,2,34.8,5,1,1,511,Inactive product or newly launched
LED TEA LIGHTS,67,55,1676.3500000000001,4,3,4,434,Potential products
LETS GO SHOPPING COTTON TOTE BAG,2,46,403.67,1,3,3,133,Inactive product or newly launched
"LETTER ""A"" BLING KEY RING",1,14,55.71,1,2,1,121,Inactive product or newly launched
"LETTER ""B"" BLING KEY RING",4,2,4.7299999999999995,2,1,1,211,Inactive product or newly launched
"LETTER ""C"" BLING KEY RING",1,9,40.04,1,2,1,121,Inactive product or newly launched
"LETTER ""D"" BLING KEY RING",1,7,25.71,1,1,1,111,Inactive product or newly launched
"LETTER ""E"" BLING KEY RING",1,8,27.25,1,2,1,121,Inactive product or newly launched
"LETTER ""F"" BLING KEY RING",2,2,3.7699999999999996,1,1,1,111,Inactive product or newly launched
"LETTER ""G"" BLING KEY RING",2,7,18.5,1,1,1,111,Inactive product or newly launched
"LETTER ""H"" BLING KEY RING",2,6,15.02,1,1,1,111,Inactive product or newly launched
"LETTER ""I"" BLING KEY RING",1,3,18.77,1,1,1,111,Inactive product or newly launched
"LETTER ""J"" BLING KEY RING",4,5,17.23,2,1,1,211,Inactive product or newly launched
"LETTER ""K"" BLING KEY RING",1,12,34.75,1,2,1,121,Inactive product or newly launched
"LETTER ""L"" BLING KEY RING",1,5,29.189999999999998,1,1,1,111,Inactive product or newly launched
"LETTER ""M"" BLING KEY RING",4,5,22.23,2,1,1,211,Inactive product or newly launched
"LETTER ""N"" BLING KEY RING",1,5,10.02,1,1,1,111,Inactive product or newly launched
"LETTER ""O"" BLING KEY RING",4,1,3.4799999999999995,2,1,1,211,Inactive product or newly launched
"LETTER ""P"" BLING KEY RING",1,6,10.999999999999998,1,1,1,111,Inactive product or newly launched
"LETTER ""R"" BLING KEY RING",1,4,6.27,1,1,1,111,Inactive product or newly launched
"LETTER ""S"" BLING KEY RING",1,6,26.0,1,1,1,111,Inactive product or newly launched
"LETTER ""T"" BLING KEY RING",4,1,3.4799999999999995,2,1,1,211,Inactive product or newly launched
"LETTER ""U"" BLING KEY RING",4,1,3.4799999999999995,2,1,1,211,Inactive product or newly launched
"LETTER ""V"" BLING KEY RING",4,3,5.9799999999999995,2,1,1,211,Inactive product or newly launched
"LETTER ""W"" BLING KEY RING",4,1,3.4799999999999995,2,1,1,211,Inactive product or newly launched
"LETTER ""Y"" BLING KEY RING",3,3,18.65,2,1,1,211,Inactive product or newly launched
"LETTER ""Z"" BLING KEY RING",4,1,3.4799999999999995,2,1,1,211,Inactive product or newly launched
LETTER HOLDER HOME SWEET HOME,3,111,1980.31,2,4,4,244,Potential products
LETTER SHAPE PENCIL SHARPENER,3,41,227.14,2,3,2,232,Potential products
LIGHT DECORATION BATTERY OPERATED,38,1,4.2,4,1,1,411,Inactive product or newly launched
LIGHT GARLAND BUTTERFILES PINK,1,132,5018.84,1,4,5,145,Inactive product or newly launched
LIGHT PINK FLOCK GLASS CANDLEHOLDER,98,3,13.680000000000003,4,1,1,411,Inactive product or newly launched
LIGHTHOUSE PRINTED METAL SIGN,296,3,29.700000000000003,5,1,1,511,Inactive product or newly launched
LILAC DIAMANTE PEN IN GIFT BOX,22,15,138.72,3,2,2,322,Inactive product or newly launched
LILAC FEATHERS CURTAIN,152,1,9.48,5,1,1,511,Inactive product or newly launched
LILAC GAUZE BUTTERFLY LAMPSHADE,77,6,10.08,4,1,1,411,Inactive product or newly launched
LILAC VOTIVE CANDLE,166,3,15.120000000000001,5,1,1,511,Inactive product or newly launched
LILY BROOCH AMETHYST COLOUR,2,8,74.25,1,2,2,122,Inactive product or newly launched
LILY BROOCH OLIVE COLOUR,2,6,54.45,1,1,1,111,Inactive product or newly launched
LIPSTICK PEN BABY PINK,2,86,499.90999999999997,1,4,3,143,Inactive product or newly launched
LIPSTICK PEN FUSCHIA,2,122,794.78,1,4,3,143,Inactive product or newly launched
LIPSTICK PEN RED,1,162,1232.34,1,5,4,154,Inactive product or newly launched
LITTLE GREEN MONSTER SOFT TOY,17,9,43.349999999999994,3,2,1,321,Inactive product or newly launched
LITTLE PINK MONSTER SOFT TOY,17,8,40.8,3,2,1,321,Inactive product or newly launched
LOCAL CAFE MUG,1,52,785.13,1,3,3,133,Inactive product or newly launched
LOLITA  DESIGN  COTTON TOTE BAG,4,32,342.0,2,3,3,233,Potential products
LONDON BUS COFFEE MUG,1,278,9582.15,1,5,5,155,Inactive product or newly launched
LONG SILVER NECKLACE PASTEL FLOWER,75,5,89.25,4,1,2,412,Inactive product or newly launched
LOVE BUILDING BLOCK WORD,1,560,11398.710000000001,1,5,5,155,Inactive product or newly launched
LOVE GARLAND PAINTED ZINC ,4,41,672.6499999999999,2,3,3,233,Potential products
LOVE HEART NAPKIN BOX ,318,45,590.75,5,3,3,533,Potential products
LOVE HEART POCKET WARMER,1,80,1656.05,1,4,4,144,Inactive product or newly launched
LOVE HEART SOCK HANGER,39,52,530.25,4,3,3,433,Potential products
LOVE HEART TRINKET POT,3,135,1029.1399999999999,2,4,4,244,Potential products
LOVE HOT WATER BOTTLE,1,459,12954.75,1,5,5,155,Inactive product or newly launched
LOVE LARGE WOOD LETTERS ,140,54,1127.85,5,3,4,534,Potential products
LOVE POTION MASALA INCENSE,87,8,47.25,4,2,1,421,Inactive product or newly launched
LOVE SEAT ANTIQUE WHITE METAL,17,41,6210.0,3,3,5,335,Potential products
LOVEBIRD HANGING DECORATION WHITE ,2,320,2814.37,1,5,5,155,Inactive product or newly launched
LOVELY BONBON STICKER SHEET,11,35,255.85,3,3,2,332,Potential products
LUNCH BAG  BLACK SKULL.,1,1078,17950.3,1,5,5,155,Inactive product or newly launched
LUNCH BAG ALPHABET DESIGN,1,660,11994.41,1,5,5,155,Inactive product or newly launched
LUNCH BAG APPLE DESIGN,1,878,18220.5,1,5,5,155,Inactive product or newly launched
LUNCH BAG CARS BLUE,2,977,17214.53,1,5,5,155,Inactive product or newly launched
LUNCH BAG DOILEY PATTERN ,49,467,10323.05,4,5,5,455,MVP
LUNCH BAG DOLLY GIRL DESIGN,1,606,10330.99,1,5,5,155,Inactive product or newly launched
LUNCH BAG PAISLEY PARK  ,1,305,5251.25,1,5,5,155,Inactive product or newly launched
LUNCH BAG PINK POLKADOT,2,941,16303.3,1,5,5,155,Inactive product or newly launched
LUNCH BAG RED RETROSPOT,1,1303,27868.8,1,5,5,155,Inactive product or newly launched
LUNCH BAG RED SPOTTY,329,1,290.0,5,1,2,512,Inactive product or newly launched
LUNCH BAG RED VINTAGE DOILY,1,119,2432.55,1,4,4,144,Inactive product or newly launched
LUNCH BAG SPACEBOY DESIGN ,1,993,15820.15,1,5,5,155,Inactive product or newly launched
LUNCH BAG SUKI  DESIGN ,228,148,3334.7,5,4,5,545,MVP
LUNCH BAG SUKI DESIGN ,1,915,15332.9,1,5,5,155,Inactive product or newly launched
LUNCH BAG VINTAGE DOILEY ,120,4,115.5,4,1,2,412,Inactive product or newly launched
LUNCH BAG VINTAGE DOILY ,1,549,10347.66,1,5,5,155,Inactive product or newly launched
LUNCH BAG VINTAGE LEAF DESIGN,1,604,9950.35,1,5,5,155,Inactive product or newly launched
LUNCH BAG WOODLAND,1,831,14497.51,1,5,5,155,Inactive product or newly launched
LUNCH BOX I LOVE LONDON,1,519,19316.17,1,5,5,155,Inactive product or newly launched
LUNCH BOX WITH CUTLERY FAIRY CAKES ,215,24,153.0,5,2,2,522,Inactive product or newly launched
LUNCH BOX WITH CUTLERY RETROSPOT ,2,326,6705.04,1,5,5,155,Inactive product or newly launched
LUSH GREENS RIBBONS,317,13,67.5,5,2,1,521,Inactive product or newly launched
M/COLOUR POM-POM CURTAIN,302,1,8.5,5,1,1,511,Inactive product or newly launched
MA CAMPAGNE CUTLERY BOX,152,81,1997.55,5,4,4,544,MVP
MADRAS NOTEBOOK LARGE ,150,15,367.5,5,2,3,523,Inactive product or newly launched
MADRAS NOTEBOOK MEDIUM,4,73,699.45,2,4,3,243,Potential products
MAGAZINE RACK GEBRA ASSORTED ,11,17,246.5,3,2,2,322,Inactive product or newly launched
MAGIC DRAWING SLATE BAKE A CAKE ,1,78,605.52,1,4,3,143,Inactive product or newly launched
MAGIC DRAWING SLATE BUNNIES ,7,110,630.1800000000001,3,4,3,343,Selling consistently
MAGIC DRAWING SLATE CIRCUS PARADE  ,1,164,1347.66,1,5,4,154,Inactive product or newly launched
MAGIC DRAWING SLATE DINOSAUR,5,137,762.72,3,4,3,343,Selling consistently
MAGIC DRAWING SLATE DOLLY GIRL ,1,183,1430.7,1,5,4,154,Inactive product or newly launched
MAGIC DRAWING SLATE GO TO THE FAIR ,1,61,328.92,1,3,2,132,Inactive product or newly launched
MAGIC DRAWING SLATE LEAP FROG ,1,68,360.06,1,3,3,133,Inactive product or newly launched
MAGIC DRAWING SLATE PURDEY,1,145,1780.92,1,4,4,144,Inactive product or newly launched
MAGIC DRAWING SLATE SPACEBOY ,1,207,1735.5,1,5,4,154,Inactive product or newly launched
MAGIC GARDEN FELT GARLAND ,16,35,531.78,3,3,3,333,Potential products
MAGIC SHEEP WOOL GROWING FROM PAPER,1,95,1190.0,1,4,4,144,Inactive product or newly launched
MAGIC TREE -PAPER FLOWERS,1,77,706.3499999999999,1,4,3,143,Inactive product or newly launched
MAGNETS PACK OF 4 CHILDHOOD MEMORY,8,87,1309.9,3,4,4,344,Selling consistently
MAGNETS PACK OF 4 HOME SWEET HOME,2,145,711.87,1,4,3,143,Inactive product or newly launched
MAGNETS PACK OF 4 RETRO PHOTO,4,107,568.76,2,4,3,243,Potential products
MAGNETS PACK OF 4 SWALLOWS,1,231,1528.29,1,5,4,154,Inactive product or newly launched
MAGNETS PACK OF 4 VINTAGE COLLAGE,1,145,1005.72,1,4,4,144,Inactive product or newly launched
MAGNETS PACK OF 4 VINTAGE LABELS ,3,85,569.36,2,4,3,243,Potential products
MAKE YOUR OWN FLOWERPOWER CARD KIT,1,149,2018.8100000000002,1,4,4,144,Inactive product or newly launched
MAKE YOUR OWN MONSOON CARD KIT,1,148,1892.14,1,4,4,144,Inactive product or newly launched
MAKE YOUR OWN PLAYTIME CARD KIT,1,88,1236.24,1,4,4,144,Inactive product or newly launched
MAN FLU METAL SIGN,1,153,2356.38,1,4,4,144,Inactive product or newly launched
MARIE ANTOIENETT TRINKET BOX GOLD,234,1,12.5,5,1,1,511,Inactive product or newly launched
MARIE ANTOINETTE TRINKET BOX GOLD,44,17,1167.6,4,2,4,424,Inactive product or newly launched
MARIE ANTOINETTE TRINKET BOX SILVER,44,22,1099.0,4,2,4,424,Inactive product or newly launched
MAXWELL 2 TONE BLUE 60 PAGE PHOTO A,212,2,7.85,5,1,1,511,Inactive product or newly launched
MEASURING TAPE BABUSHKA BLUE,1,46,948.7500000000001,1,3,4,134,Inactive product or newly launched
MEASURING TAPE BABUSHKA PINK,3,68,1094.8000000000002,2,3,4,234,Potential products
MEASURING TAPE BABUSHKA RED,24,38,639.0,4,3,3,433,Potential products
MEDINA STAMPED METAL STOOL,68,18,1268.3500000000001,4,2,4,424,Inactive product or newly launched
MEDIUM CERAMIC TOP STORAGE JAR,1,198,81416.73000000001,1,5,5,155,Inactive product or newly launched
MEDIUM CHINESE STYLE SCISSOR,22,24,289.98,3,2,2,322,Inactive product or newly launched
MEDIUM MEDINA STAMPED METAL BOWL ,4,48,876.1500000000001,2,3,3,233,Potential products
MEDIUM PARLOUR FRAME ,24,2,84.1,4,1,2,412,Inactive product or newly launched
MEDIUM PARLOUR PICTURE FRAME ,6,34,550.0,3,3,3,333,Potential products
MEDIUM PINK BUDDHA HEAD ,1,14,135.70000000000002,1,2,2,122,Inactive product or newly launched
MEDIUM WHITE/PINK ROSE ART FLOWER,104,11,174.31,4,2,2,422,Inactive product or newly launched
MEMO BOARD COTTAGE DESIGN,1,264,6286.39,1,5,5,155,Inactive product or newly launched
MEMO BOARD RETROSPOT  DESIGN,1,348,12411.02,1,5,5,155,Inactive product or newly launched
METAL 4 HOOK HANGER FRENCH CHATEAU,2,340,6267.39,1,5,5,155,Inactive product or newly launched
METAL BASE FOR CANDLES,197,2,4.62,5,1,1,511,Inactive product or newly launched
METAL DECORATION NAUGHTY CHILDREN ,2,104,1284.86,1,4,4,144,Inactive product or newly launched
METAL HERB GERDEN CONTAINER,89,5,139.68,4,1,2,412,Inactive product or newly launched
METAL MERRY CHRISTMAS WREATH,4,77,1154.25,2,4,4,244,Potential products
METAL RABBIT LADDER EASTER ,51,16,62.9,4,2,1,421,Inactive product or newly launched
METAL SIGN CUPCAKE SINGLE HOOK,3,50,270.85,2,3,2,232,Potential products
METAL SIGN DROP YOUR PANTS,1,173,3186.78,1,5,5,155,Inactive product or newly launched
METAL SIGN EMPIRE TEA,1,185,1706.8100000000002,1,5,4,154,Inactive product or newly launched
METAL SIGN HER DINNER IS SERVED ,3,72,3802.5,2,4,5,245,Potential products
METAL SIGN HIS DINNER IS SERVED,1,90,493.39000000000004,1,4,3,143,Inactive product or newly launched
METAL SIGN NEIGHBOURHOOD WITCH ,29,114,1778.4,4,4,4,444,MVP
METAL SIGN TAKE IT OR LEAVE IT ,1,355,10638.45,1,5,5,155,Inactive product or newly launched
"METAL SIGN,CUPCAKE SINGLE HOOK",3,96,584.3,2,4,3,243,Potential products
METAL TUBE CHIME ON BAMBOO,249,13,522.5600000000001,5,2,3,523,Inactive product or newly launched
METALIC LEAVES BAG CHARMS,4,15,145.76999999999998,2,2,2,222,Inactive product or newly launched
MIDNIGHT BLUE COPPER FLOWER NECKLAC,179,2,17.85,5,1,1,511,Inactive product or newly launched
MIDNIGHT BLUE CRYSTAL DROP EARRINGS,15,1,2.95,3,1,1,311,Inactive product or newly launched
MIDNIGHT BLUE DROP CRYSTAL NECKLACE,60,2,23.6,4,1,1,411,Inactive product or newly launched
MIDNIGHT BLUE GLASS/SILVER BRACELET,87,5,62.64999999999999,4,1,1,411,Inactive product or newly launched
MIDNIGHT BLUE PAIR HEART HAIR SLIDE,77,5,45.0,4,1,1,411,Inactive product or newly launched
MIDNIGHT BLUE VINTAGE EARRINGS,29,3,60.0,4,1,1,411,Inactive product or newly launched
MIDNIGHT GLAMOUR SCARF KNITTING KIT,3,52,385.52,2,3,3,233,Potential products
MILK BOTTLE WITH GLASS STOPPER ,292,15,194.60000000000002,5,2,2,522,Inactive product or newly launched
MILK MAIDS MUG ,1,24,336.59999999999997,1,2,3,123,Inactive product or newly launched
MILK PAN BLUE POLKADOT,1,31,302.5,1,3,2,132,Inactive product or newly launched
MILK PAN PINK POLKADOT,218,17,146.25,5,2,2,522,Inactive product or newly launched
MILK PAN RED RETROSPOT,1,91,996.13,1,4,4,144,Inactive product or newly launched
MINI  ZINC GARDEN DECORATIONS ,132,24,297.89,4,2,2,422,Inactive product or newly launched
MINI CAKE STAND  HANGING STRAWBERY,1,147,1661.78,1,4,4,144,Inactive product or newly launched
MINI CAKE STAND T-LIGHT HOLDER,2,66,591.84,1,3,3,133,Inactive product or newly launched
MINI CAKE STAND WITH HANGING CAKES,3,153,1764.8999999999999,2,4,4,244,Potential products
MINI FUNKY DESIGN TAPES,1,63,929.45,1,3,3,133,Inactive product or newly launched
MINI HIGHLIGHTER PENS,295,4,100.79999999999998,5,1,2,512,Inactive product or newly launched
MINI JIGSAW BAKE A CAKE ,1,39,515.77,1,3,3,133,Inactive product or newly launched
MINI JIGSAW BUNNIES,1,47,390.69,1,3,3,133,Inactive product or newly launched
MINI JIGSAW CIRCUS PARADE ,2,65,915.78,1,3,3,133,Inactive product or newly launched
MINI JIGSAW DINOSAUR ,1,51,279.51,1,3,2,132,Inactive product or newly launched
MINI JIGSAW DOLLY GIRL,1,87,1049.1499999999999,1,4,4,144,Inactive product or newly launched
MINI JIGSAW GO TO THE FAIR,5,26,151.07999999999998,3,2,2,322,Inactive product or newly launched
MINI JIGSAW LEAP FROG,4,21,180.62,2,2,2,222,Inactive product or newly launched
MINI JIGSAW PURDEY,1,59,767.41,1,3,3,133,Inactive product or newly launched
MINI JIGSAW SPACEBOY,1,125,1627.04,1,4,4,144,Inactive product or newly launched
MINI LADLE LOVE HEART PINK,3,45,106.56,2,3,2,232,Potential products
MINI LADLE LOVE HEART RED ,4,55,252.24,2,3,2,232,Potential products
MINI LIGHTS WOODLAND MUSHROOMS,1,177,6118.59,1,5,5,155,Inactive product or newly launched
MINI PAINT SET VINTAGE ,1,325,16039.240000000002,1,5,5,155,Inactive product or newly launched
MINI PAINTED GARDEN DECORATION ,2,70,702.4699999999999,1,4,3,143,Inactive product or newly launched
MINI PLAYING CARDS BUFFALO BILL ,1,109,1128.18,1,4,4,144,Inactive product or newly launched
MINI PLAYING CARDS DOLLY GIRL ,2,114,1013.0400000000001,1,4,4,144,Inactive product or newly launched
MINI PLAYING CARDS FUN FAIR ,2,55,433.2,1,3,3,133,Inactive product or newly launched
MINI PLAYING CARDS GYMKHANA,1,100,901.74,1,4,3,143,Inactive product or newly launched
MINI PLAYING CARDS SPACEBOY ,1,132,1106.28,1,4,4,144,Inactive product or newly launched
MINI WOODEN HAPPY BIRTHDAY GARLAND,4,140,2726.31,2,4,5,245,Potential products
MINIATURE ANTIQUE ROSE HOOK IVORY,1,237,1711.55,1,5,4,154,Inactive product or newly launched
MINITURE ANTIQUE ROSE HOOK IVORY,200,4,40.8,5,1,1,511,Inactive product or newly launched
MINT DINER CLOCK,97,1,17.0,4,1,1,411,Inactive product or newly launched
MINT DINER WALL CLOCK,3,154,3034.5,2,4,5,245,Potential products
MINT GREEN ROSE TOWEL,7,20,325.5,3,2,2,322,Inactive product or newly launched
MINT KITCHEN SCALES,1,304,6574.29,1,5,5,155,Inactive product or newly launched
MIRROR CORNICE,5,55,1223.25,3,3,4,334,Potential products
MIRROR LOVE BIRD T-LIGHT HOLDER,60,10,225.0,4,2,2,422,Inactive product or newly launched
MIRROR MOSAIC CANDLE PLATE,10,12,120.07,3,2,2,322,Inactive product or newly launched
MIRROR MOSAIC GOBLET CANDLE HOLDER,47,10,566.5,4,2,3,423,Inactive product or newly launched
MIRROR MOSAIC HURRICANE LAMP ,8,12,584.9,3,2,3,323,Inactive product or newly launched
MIRROR MOSAIC T-LIGHT HOLDER ,11,18,715.05,3,2,3,323,Inactive product or newly launched
MIRROR MOSAIC T-LIGHT HOLDER ROUND,47,15,694.29,4,2,3,423,Inactive product or newly launched
MIRROR MOSAIC VOTIVE HOLDER,3,24,631.62,2,2,3,223,Inactive product or newly launched
MIRRORED DISCO BALL ,3,129,3393.4,2,4,5,245,Potential products
MIRRORED DOVE WALL DECORATION,4,19,214.13000000000002,2,2,2,222,Inactive product or newly launched
MIRRORED WALL ART FOXY,2,8,88.2,1,2,2,122,Inactive product or newly launched
MIRRORED WALL ART GENTS,4,35,159.51,2,3,2,232,Potential products
MIRRORED WALL ART LADIES,5,30,128.4,3,3,2,332,Potential products
MIRRORED WALL ART PHOTO FRAMES,2,11,102.0,1,2,2,122,Inactive product or newly launched
MIRRORED WALL ART POPPIES,1,32,274.65,1,3,2,132,Inactive product or newly launched
MIRRORED WALL ART SKULLS,9,40,400.0,3,3,3,333,Potential products
MIRRORED WALL ART SNOWFLAKES,2,45,380.25,1,3,3,133,Inactive product or newly launched
MIRRORED WALL ART SPLODGES,5,13,142.5,3,2,2,322,Inactive product or newly launched
MIRRORED WALL ART STARS,1,44,360.0,1,3,3,133,Inactive product or newly launched
MIRRORED WALL ART TABLE LAMP,11,25,75.73,3,2,2,322,Inactive product or newly launched
MISELTOE HEART WREATH ,66,5,312.8,4,1,2,412,Inactive product or newly launched
MISELTOE HEART WREATH CREAM,131,1,996.0000000000001,4,1,4,414,Inactive product or newly launched
MISELTOE HEART WREATH WHITE,66,4,304.5,4,1,2,412,Inactive product or newly launched
MISTLETOE HEART WREATH CREAM,1,104,2332.13,1,4,4,144,Inactive product or newly launched
MISTLETOE HEART WREATH GREEN,5,162,3435.6200000000003,3,5,5,355,Selling consistently
MIXED NUTS LIGHT GREEN BOWL,201,27,205.28,5,3,2,532,Potential products
MOBILE VINTAGE HEARTS ,10,58,750.3000000000001,3,3,3,333,Potential products
MOCK LOBSTER FRIDGE MAGNET,2,22,116.62,1,2,2,122,Inactive product or newly launched
MODERN FLORAL STATIONERY SET,1,180,1734.6,1,5,4,154,Inactive product or newly launched
MODERN VINTAGE COTTON SHOPPING BAG,269,8,29.7,5,2,1,521,Inactive product or newly launched
MONEY BOX BISCUITS DESIGN,3,45,270.0,2,3,2,232,Potential products
MONEY BOX CONFECTIONERY DESIGN,4,22,140.25,2,2,2,222,Inactive product or newly launched
MONEY BOX FIRST ADE DESIGN,147,13,62.5,5,2,1,521,Inactive product or newly launched
MONEY BOX FIRST AID DESIGN,3,10,34.32,2,2,1,221,Inactive product or newly launched
MONEY BOX HOUSEKEEPING DESIGN,1,46,212.88,1,3,2,132,Inactive product or newly launched
MONEY BOX KINGS CHOICE DESIGN,1,64,336.89,1,3,3,133,Inactive product or newly launched
MONEY BOX POCKET MONEY DESIGN,1,54,348.69,1,3,3,133,Inactive product or newly launched
MONSTERS STENCIL CRAFT,1,190,1710.42,1,5,4,154,Inactive product or newly launched
MONTANA DIAMOND CLUSTER EARRINGS,216,1,15.299999999999999,5,1,1,511,Inactive product or newly launched
MOODY BOY  DOOR HANGER ,1,108,542.36,1,4,3,143,Inactive product or newly launched
MOODY GIRL DOOR HANGER ,1,151,684.9599999999999,1,4,3,143,Inactive product or newly launched
MOP PENDANT SHELL NECKLACE,47,3,44.55,4,1,1,411,Inactive product or newly launched
MORE BUTTER METAL SIGN ,4,110,705.3100000000001,2,4,3,243,Potential products
MOROCCAN BEATEN METAL DISH,1,5,139.29999999999998,1,1,2,112,Inactive product or newly launched
MOROCCAN BEATEN METAL DISH LARGE,23,7,140.25,3,2,2,322,Inactive product or newly launched
MOROCCAN BEATEN METAL MIRROR,116,8,143.3,4,2,2,422,Inactive product or newly launched
MOROCCAN TEA GLASS,88,95,2741.2,4,4,5,445,MVP
MOTHER'S KITCHEN SPOON REST ,15,59,690.71,3,3,3,333,Potential products
MOTORING TISSUE BOX,3,155,804.8100000000001,2,4,3,243,Potential products
MOUSE TOY WITH PINK T-SHIRT,4,122,1256.3,2,4,4,244,Potential products
MOUSEY LONG LEGS SOFT TOY,4,11,73.94999999999999,2,2,2,222,Inactive product or newly launched
MR ROBOT SOFT TOY,1,39,626.45,1,3,3,133,Inactive product or newly launched
MRS ROBOT SOFT TOY,4,28,428.85,2,3,3,233,Potential products
MULTI COLOUR SILVER T-LIGHT HOLDER,1,311,8259.25,1,5,5,155,Inactive product or newly launched
MULTI HEARTS  STICKERS,2,36,196.35,1,3,2,132,Inactive product or newly launched
MULTICOLOUR  CONFETTI IN TUBE,8,13,322.71,3,2,2,322,Inactive product or newly launched
MULTICOLOUR 3D BALLS GARLAND,7,51,532.9499999999999,3,3,3,333,Potential products
MULTICOLOUR EASTER RABBIT ,256,4,39.0,5,1,1,511,Inactive product or newly launched
MULTICOLOUR HONEYCOMB FAN,1,57,669.12,1,3,3,133,Inactive product or newly launched
MULTICOLOUR HONEYCOMB PAPER GARLAND,12,39,1272.8999999999999,3,3,4,334,Potential products
MULTICOLOUR POLKADOT PLATE,206,1,10.2,5,1,1,511,Inactive product or newly launched
MULTICOLOUR RABBIT EGG WARMER,35,25,194.14999999999998,4,2,2,422,Inactive product or newly launched
MULTICOLOUR SPRING FLOWER MUG,4,64,803.74,2,3,3,233,Potential products
MUM'S KITCHEN CLOCK,1,36,471.90000000000003,1,3,3,133,Inactive product or newly launched
MUMMY MOUSE RED GINGHAM RIBBON,257,1,5.45,5,1,1,511,Inactive product or newly launched
MURANO STYLE GLASS BRACELET BLACK,281,2,14.0,5,1,1,511,Inactive product or newly launched
MURANO STYLE GLASS BRACELET GOLD,6,3,24.5,3,1,1,311,Inactive product or newly launched
MURANO STYLE GLASS BRACELET RED,278,2,21.0,5,1,1,511,Inactive product or newly launched
MUSICAL ZINC HEART DECORATION ,1,117,943.64,1,4,4,144,Inactive product or newly launched
Manual,1,285,53419.93,1,5,5,155,Inactive product or newly launched
N0 SINGING METAL SIGN,1,35,2523.78,1,3,4,134,Inactive product or newly launched
NAMASTE SWAGAT INCENSE,4,51,632.34,2,3,3,233,Potential products
NATURAL HANGING QUILTED HEARTS ,9,69,1113.1299999999999,3,4,4,344,Selling consistently
NATURAL SLATE CHALKBOARD LARGE ,4,304,6813.400000000001,2,5,5,255,Potential products
NATURAL SLATE HEART CHALKBOARD ,1,972,24089.170000000002,1,5,5,155,Inactive product or newly launched
NATURAL SLATE RECTANGLE CHALKBOARD,2,311,4635.259999999999,1,5,5,155,Inactive product or newly launched
NECKLACE+BRACELET PINK BUTTERFLY,15,9,71.39999999999999,3,2,2,322,Inactive product or newly launched
NECKLACE+BRACELET SET BLUE BLOSSOM,26,3,20.4,4,1,1,411,Inactive product or newly launched
NECKLACE+BRACELET SET BLUE HIBISCUS,4,13,51.0,2,2,1,221,Inactive product or newly launched
NECKLACE+BRACELET SET FRUIT SALAD ,4,12,33.15,2,2,1,221,Inactive product or newly launched
NECKLACE+BRACELET SET PINK DAISY,289,1,2.55,5,1,1,511,Inactive product or newly launched
NEW BAROQUE B'FLY NECKLACE CRYSTAL,292,1,17.0,5,1,1,511,Inactive product or newly launched
NEW BAROQUE B'FLY NECKLACE GREEN,292,1,17.0,5,1,1,511,Inactive product or newly launched
NEW BAROQUE B'FLY NECKLACE PINK,244,1,8.5,5,1,1,511,Inactive product or newly launched
NEW BAROQUE B'FLY NECKLACE RED,77,2,34.0,4,1,1,411,Inactive product or newly launched
NEW BAROQUE BLACK BOXES,25,3,38.25,4,1,1,411,Inactive product or newly launched
NEW BAROQUE BLACK PHOTO ALBUM,161,11,109.65,5,2,2,522,Inactive product or newly launched
NEW BAROQUE JEWELLERY BOX ,1,20,367.6,1,2,3,123,Inactive product or newly launched
NEW BAROQUE LARGE NECKLACE BLK/WHIT,72,1,17.0,4,1,1,411,Inactive product or newly launched
NEW BAROQUE SMALL NECKLACE BLACK,179,2,25.5,5,1,1,511,Inactive product or newly launched
NEW ENGLAND MUG W GIFT BOX,369,2,5.1,5,1,1,511,Inactive product or newly launched
NEWSPAPER STAND,367,3,257.37,5,1,2,512,Inactive product or newly launched
NINJA RABBIT BLACK,4,21,148.29,2,2,2,222,Inactive product or newly launched
NINJA RABBIT PINK,19,18,119.95,3,2,2,322,Inactive product or newly launched
NO JUNK MAIL METAL SIGN,88,172,1019.59,4,5,4,454,MVP
NO SINGING METAL SIGN,68,387,9571.5,4,5,5,455,MVP
NOEL GARLAND PAINTED ZINC ,7,61,425.15999999999997,3,3,3,333,Potential products
NOEL WOODEN BLOCK LETTERS ,1,115,1924.94,1,4,4,144,Inactive product or newly launched
NOVELTY BISCUITS CAKE STAND 3 TIER,1,144,3445.4199999999996,1,4,5,145,Inactive product or newly launched
NUMBER TILE COTTAGE GARDEN 0 ,110,10,103.35,4,2,2,422,Inactive product or newly launched
NUMBER TILE COTTAGE GARDEN 1,10,19,134.54999999999998,3,2,2,322,Inactive product or newly launched
NUMBER TILE COTTAGE GARDEN 2,37,16,128.7,4,2,2,422,Inactive product or newly launched
NUMBER TILE COTTAGE GARDEN 3 ,44,10,101.39999999999999,4,2,2,422,Inactive product or newly launched
NUMBER TILE COTTAGE GARDEN 4,110,13,107.25,4,2,2,422,Inactive product or newly launched
NUMBER TILE COTTAGE GARDEN 5,44,13,91.64999999999999,4,2,2,422,Inactive product or newly launched
NUMBER TILE COTTAGE GARDEN 6,83,12,105.3,4,2,2,422,Inactive product or newly launched
NUMBER TILE COTTAGE GARDEN 7,81,14,99.45,4,2,2,422,Inactive product or newly launched
NUMBER TILE COTTAGE GARDEN 8,110,11,101.39999999999999,4,2,2,422,Inactive product or newly launched
NUMBER TILE COTTAGE GARDEN 9,135,13,109.2,5,2,2,522,Inactive product or newly launched
NUMBER TILE COTTAGE GARDEN No,101,11,109.2,4,2,2,422,Inactive product or newly launched
NUMBER TILE VINTAGE FONT 0,71,8,69.34,4,2,1,421,Inactive product or newly launched
NUMBER TILE VINTAGE FONT 1,25,11,84.94,4,2,2,422,Inactive product or newly launched
NUMBER TILE VINTAGE FONT 2,25,13,102.49,4,2,2,422,Inactive product or newly launched
NUMBER TILE VINTAGE FONT 3,4,20,110.28999999999999,2,2,2,222,Inactive product or newly launched
NUMBER TILE VINTAGE FONT 4,61,11,100.53999999999999,4,2,2,422,Inactive product or newly launched
NUMBER TILE VINTAGE FONT 5,10,16,94.69,3,2,2,322,Inactive product or newly launched
NUMBER TILE VINTAGE FONT 6 ,15,12,102.49,3,2,2,322,Inactive product or newly launched
NUMBER TILE VINTAGE FONT 7,8,13,92.74,3,2,2,322,Inactive product or newly launched
NUMBER TILE VINTAGE FONT 8,4,11,77.14,2,2,2,222,Inactive product or newly launched
NUMBER TILE VINTAGE FONT 9 ,15,8,71.28999999999999,3,2,2,322,Inactive product or newly launched
NUMBER TILE VINTAGE FONT No ,25,7,156.18,4,2,2,422,Inactive product or newly launched
NURSE'S BAG SOFT TOY,26,27,608.5999999999999,4,3,3,433,Potential products
"NURSERY A,B,C PAINTED LETTERS",1,67,859.2,1,3,3,133,Inactive product or newly launched
Next Day Carriage,2,79,1200.0,1,4,4,144,Inactive product or newly launched
OCEAN SCENT CANDLE IN JEWELLED BOX,36,75,1749.94,4,4,4,444,MVP
OCEAN STRIPE HAMMOCK ,312,1,15.9,5,1,1,511,Inactive product or newly launched
OFFICE MUG WARMER BLACK+SILVER ,3,95,2910.75,2,4,5,245,Potential products
OFFICE MUG WARMER CHOC+BLUE,1,95,1431.14,1,4,4,144,Inactive product or newly launched
OFFICE MUG WARMER PINK,1,56,1482.89,1,3,4,134,Inactive product or newly launched
OFFICE MUG WARMER POLKADOT,2,94,1443.1900000000003,1,4,4,144,Inactive product or newly launched
OLD DOC RUSSEL METAL SIGN,267,3,29.400000000000002,5,1,1,511,Inactive product or newly launched
OPEN CLOSED METAL SIGN,1,342,7296.51,1,5,5,155,Inactive product or newly launched
OPIUM SCENTED VOTIVE CANDLE,7,18,203.27999999999997,3,2,2,322,Inactive product or newly launched
ORANGE FELT VASE + FLOWERS,253,1,1.25,5,1,1,511,Inactive product or newly launched
ORANGE FLOWER MUG ,264,1,1.56,5,1,1,511,Inactive product or newly launched
ORANGE PENDANT TRIPLE SHELL NECKLAC,145,1,14.850000000000001,5,1,1,511,Inactive product or newly launched
ORANGE SCENTED SET/9 T-LIGHTS,67,67,471.45,4,3,3,433,Potential products
ORANGE TV TRAY TABLE ,191,24,908.15,5,2,3,523,Inactive product or newly launched
ORANGE VOTIVE CANDLE,7,25,257.03999999999996,3,2,2,322,Inactive product or newly launched
ORANGE/WHT/FUSCHIA STONES NECKLACE,228,1,29.700000000000003,5,1,1,511,Inactive product or newly launched
ORGANISER WOOD ANTIQUE WHITE ,242,76,1171.3,5,4,4,544,MVP
ORIENTAL RED CUSHION COVER ,32,4,60.45,4,1,1,411,Inactive product or newly launched
ORIGAMI JASMINE INCENSE/CANDLE SET,9,36,422.54999999999995,3,3,3,333,Potential products
ORIGAMI LAVENDER INCENSE/CANDL SET ,2,43,341.79999999999995,1,3,3,133,Inactive product or newly launched
ORIGAMI OPIUM INCENSE/CANDLE SET ,359,3,40.05,5,1,1,511,Inactive product or newly launched
ORIGAMI ROSE INCENSE IN TUBE,186,11,257.88,5,2,2,522,Inactive product or newly launched
ORIGAMI ROSE INCENSE/CANDLE SET ,2,44,362.95,1,3,3,133,Inactive product or newly launched
ORIGAMI SANDLEWOOD INCENSE+FLOWER,205,6,62.150000000000006,5,1,1,511,Inactive product or newly launched
ORIGAMI SANDLEWOOD INCENSE/CAND SET,1,42,329.05,1,3,2,132,Inactive product or newly launched
ORIGAMI VANILLA INCENSE CONES,165,7,67.83,5,2,1,521,Inactive product or newly launched
ORIGAMI VANILLA INCENSE/CANDLE SET ,7,25,244.89999999999998,3,2,2,322,Inactive product or newly launched
OVAL  MINI PORTRAIT FRAME,1,48,611.85,1,3,3,133,Inactive product or newly launched
OVEN MITT APPLES DESIGN,1,173,1847.76,1,5,4,154,Inactive product or newly launched
OVERNIGHT BAG VINTAGE ROSE PAISLEY,3,86,1202.8500000000001,2,4,4,244,Potential products
OWL DOORSTOP,4,118,2339.19,2,4,4,244,Potential products
OYSTER TRINKET BOX,2,14,83.87,1,2,2,122,Inactive product or newly launched
PACK 20 DOLLY PEGS,193,4,174.5,5,1,2,512,Inactive product or newly launched
PACK 20 ENGLISH ROSE PAPER NAPKINS,281,55,388.69,5,3,3,533,Potential products
PACK 3 BOXES BIRD PANETTONE ,2,14,340.33,1,2,3,123,Inactive product or newly launched
PACK 3 BOXES BIRD PANNETONE ,11,140,3862.9999999999995,3,4,5,345,Selling consistently
PACK 3 BOXES CHRISTMAS PANETTONE,4,12,95.67,2,2,2,222,Inactive product or newly launched
PACK 3 BOXES CHRISTMAS PANNETONE,30,114,2867.1499999999996,4,4,5,445,MVP
PACK 3 FIRE ENGINE/CAR PATCHES,284,11,93.75,5,2,2,522,Inactive product or newly launched
PACK 3 IRON ON DOG PATCHES,4,26,239.96,2,2,2,222,Inactive product or newly launched
PACK 4 FLOWER/BUTTERFLY PATCHES,259,1,1.25,5,1,1,511,Inactive product or newly launched
PACK 6 HEART/ICE-CREAM PATCHES,29,34,337.42,4,3,3,433,Potential products
PACK OF 12 50'S CHRISTMAS TISSUES,1,151,1270.59,1,4,4,144,Inactive product or newly launched
PACK OF 12 BLUE PAISLEY TISSUES ,3,124,712.7299999999999,2,4,3,243,Potential products
PACK OF 12 CHRISTMAS FUN CARDS,52,13,138.65,4,2,2,422,Inactive product or newly launched
PACK OF 12 CIRCUS PARADE TISSUES ,2,69,617.8399999999999,1,4,3,143,Inactive product or newly launched
PACK OF 12 COLOURED PENCILS,1,202,3120.64,1,5,5,155,Inactive product or newly launched
PACK OF 12 DOILEY TISSUES,64,2,28.08,4,1,1,411,Inactive product or newly launched
PACK OF 12 DOLLY GIRL TISSUES,4,81,468.0,2,4,3,243,Potential products
PACK OF 12 HEARTS DESIGN TISSUES ,1,356,2542.17,1,5,4,154,Inactive product or newly launched
PACK OF 12 LONDON TISSUES ,2,392,7261.7699999999995,1,5,5,155,Inactive product or newly launched
PACK OF 12 PAISLEY PARK TISSUES ,1,97,629.4599999999999,1,4,3,143,Inactive product or newly launched
PACK OF 12 PINK PAISLEY TISSUES ,1,159,999.5999999999999,1,5,4,154,Inactive product or newly launched
PACK OF 12 PINK POLKADOT TISSUES,1,157,1129.79,1,5,4,154,Inactive product or newly launched
PACK OF 12 RED APPLE TISSUES,4,51,428.01,2,3,3,233,Potential products
PACK OF 12 RED RETROSPOT TISSUES ,1,250,2002.7299999999998,1,5,4,154,Inactive product or newly launched
PACK OF 12 SKULL TISSUES,1,176,1504.9799999999998,1,5,4,154,Inactive product or newly launched
PACK OF 12 SPACEBOY TISSUES,1,173,960.6099999999999,1,5,4,154,Inactive product or newly launched
PACK OF 12 STICKY BUNNIES,1,78,497.25000000000006,1,4,3,143,Inactive product or newly launched
PACK OF 12 SUKI TISSUES ,1,266,1995.05,1,5,4,154,Inactive product or newly launched
PACK OF 12 TRADITIONAL CRAYONS,1,321,3754.47,1,5,5,155,Inactive product or newly launched
PACK OF 12 VINTAGE CHRISTMAS TISSUE,1,117,995.4599999999999,1,4,4,144,Inactive product or newly launched
PACK OF 12 VINTAGE DOILY TISSUES,1,94,783.6899999999999,1,4,3,143,Inactive product or newly launched
PACK OF 12 VINTAGE LEAF TISSUES ,1,65,544.62,1,3,3,133,Inactive product or newly launched
PACK OF 12 WOODLAND TISSUES ,2,192,1508.87,1,5,4,154,Inactive product or newly launched
PACK OF 20 NAPKINS PANTRY DESIGN,1,554,4954.42,1,5,5,155,Inactive product or newly launched
PACK OF 20 NAPKINS RED APPLES,1,320,3326.39,1,5,5,155,Inactive product or newly launched
PACK OF 20 SKULL PAPER NAPKINS,2,208,1672.6899999999998,1,5,4,154,Inactive product or newly launched
PACK OF 20 SPACEBOY NAPKINS,1,115,1150.3799999999999,1,4,4,144,Inactive product or newly launched
PACK OF 6 BIRDY GIFT TAGS,1,331,7135.95,1,5,5,155,Inactive product or newly launched
PACK OF 6 COCKTAIL PARASOL STRAWS,4,92,958.3199999999999,2,4,4,244,Potential products
PACK OF 6 HANDBAG GIFT BOXES,4,78,1346.3999999999999,2,4,4,244,Potential products
PACK OF 6 LARGE FRUIT STRAWS ,4,116,1275.71,2,4,4,244,Potential products
PACK OF 6 PANETTONE GIFT BOXES,1,14,513.91,1,2,3,123,Inactive product or newly launched
PACK OF 6 PANNETONE GIFT BOXES,24,140,4975.03,4,4,5,445,MVP
PACK OF 6 SANDCASTLE FLAGS ASSORTED,1,156,1972.8999999999999,1,5,4,154,Inactive product or newly launched
PACK OF 6 SKULL PAPER CUPS,3,152,1254.74,2,4,4,244,Potential products
PACK OF 6 SKULL PAPER PLATES,3,149,1663.3,2,4,4,244,Potential products
PACK OF 6 SMALL FRUIT STRAWS,4,84,644.58,2,4,3,243,Potential products
PACK OF 6 SWEETIE GIFT BOXES,2,79,2496.7599999999998,1,4,4,144,Inactive product or newly launched
PACK OF 60 DINOSAUR CAKE CASES,2,543,5919.280000000001,1,5,5,155,Inactive product or newly launched
PACK OF 60 MUSHROOM CAKE CASES,1,281,2496.08,1,5,4,154,Inactive product or newly launched
PACK OF 60 PINK PAISLEY CAKE CASES,1,676,11611.0,1,5,5,155,Inactive product or newly launched
PACK OF 60 SPACEBOY CAKE CASES,2,414,4128.39,1,5,5,155,Inactive product or newly launched
PACK OF 72 RETROSPOT CAKE CASES,1,1050,16381.880000000001,1,5,5,155,Inactive product or newly launched
PACK OF 72 SKULL CAKE CASES,2,505,6855.46,1,5,5,155,Inactive product or newly launched
PACK OF SIX LED TEA LIGHTS,1,177,4808.55,1,5,5,155,Inactive product or newly launched
PACK/12 BLUE FOLKART CARDS,12,18,64.9,3,2,1,321,Inactive product or newly launched
PACK/12 XMAS FUN CARD,95,10,97.35000000000001,4,2,2,422,Inactive product or newly launched
PACKING CHARGE,3,14,105.0,2,2,2,222,Inactive product or newly launched
PADS TO MATCH ALL CUSHIONS,75,4,0.003,4,1,1,411,Inactive product or newly launched
PAINT YOUR OWN CANVAS SET,1,178,3737.2799999999997,1,5,5,155,Inactive product or newly launched
PAINT YOUR OWN EGGS IN CRATE,2,5,299.36,1,1,2,112,Inactive product or newly launched
PAINTED HEART WREATH WITH BELL,89,1,15.0,4,1,1,411,Inactive product or newly launched
PAINTED LIGHTBULB RAINBOW DESIGN,53,6,24.06,4,1,1,411,Inactive product or newly launched
PAINTED LIGHTBULB STAR+ MOON,11,15,42.54,3,2,1,321,Inactive product or newly launched
PAINTED METAL HEART WITH HOLLY BELL,25,76,687.5899999999999,4,4,3,443,Selling consistently
PAINTED METAL PEARS ASSORTED,1,358,7454.22,1,5,5,155,Inactive product or newly launched
PAINTED METAL STAR WITH HOLLY BELLS,25,76,697.61,4,4,3,443,Selling consistently
PAINTED PINK RABBIT ,2,46,269.45,1,3,2,132,Inactive product or newly launched
PAINTED SEA SHELL METAL WINDCHIME,158,8,85.31,5,2,2,522,Inactive product or newly launched
PAINTED YELLOW WOODEN DAISY,2,35,230.35,1,3,2,132,Inactive product or newly launched
PAIR BUTTERFLY HAIR CLIPS,205,3,60.0,5,1,1,511,Inactive product or newly launched
PAIR OF ENAMEL BUTTERFLY HAIRCLIP,30,8,56.95,4,2,1,421,Inactive product or newly launched
PAIR OF PINK FLOWER CLUSTER SLIDE,33,4,25.499999999999996,4,1,1,411,Inactive product or newly launched
PAIR PADDED HANGERS PINK CHECK,45,11,194.55,4,2,2,422,Inactive product or newly launched
PAISLEY PARK CARD,1,24,141.84,1,2,2,122,Inactive product or newly launched
PAISLEY PATTERN  STICKERS,15,16,88.39999999999999,3,2,2,322,Inactive product or newly launched
PALE PINK/AMETHYST STONE NECKLACE,228,2,29.849999999999998,5,1,1,511,Inactive product or newly launched
PANDA AND BUNNIES STICKER SHEET,2,57,316.2,1,3,2,132,Inactive product or newly launched
PANTRY 3 HOOK ROLLING PIN HANGER,4,51,757.5,2,3,3,233,Potential products
PANTRY APPLE CORER,2,75,601.9499999999999,1,4,3,143,Inactive product or newly launched
PANTRY CHOPPING BOARD,2,43,5695.86,1,3,5,135,Inactive product or newly launched
PANTRY HOOK BALLOON WHISK ,5,31,407.68,3,3,3,333,Potential products
PANTRY HOOK SPATULA,6,26,316.16,3,2,2,322,Inactive product or newly launched
PANTRY HOOK TEA STRAINER ,6,28,330.72,3,3,2,332,Potential products
PANTRY KITCHEN THERMOMETER ,2,22,110.0,1,2,2,122,Inactive product or newly launched
PANTRY MAGNETIC  SHOPPING LIST,1,382,4341.19,1,5,5,155,Inactive product or newly launched
PANTRY PASTRY BRUSH,1,146,1307.05,1,4,4,144,Inactive product or newly launched
PANTRY ROLLING PIN,6,197,9180.529999999999,3,5,5,355,Selling consistently
PANTRY SCRUBBING BRUSH,1,244,3656.9399999999996,1,5,5,155,Inactive product or newly launched
PANTRY WASHING UP BRUSH,1,306,5785.71,1,5,5,155,Inactive product or newly launched
PAPER BUNTING COLOURED LACE,157,171,4683.1,5,5,5,555,MVP
PAPER BUNTING PAISLEY PARK,1,28,661.7,1,3,3,133,Inactive product or newly launched
PAPER BUNTING RETROSPOT,2,572,18785.99,1,5,5,155,Inactive product or newly launched
PAPER BUNTING VINTAGE PAISLEY,5,183,3395.55,3,5,5,355,Selling consistently
PAPER BUNTING VINTAGE PARTY,1,42,1175.0,1,3,4,134,Inactive product or newly launched
PAPER BUNTING WHITE LACE,1,262,10243.400000000001,1,5,5,155,Inactive product or newly launched
PAPER CHAIN KIT 50'S CHRISTMAS ,1,1003,42584.130000000005,1,5,5,155,Inactive product or newly launched
PAPER CHAIN KIT EMPIRE,1,380,13411.550000000001,1,5,5,155,Inactive product or newly launched
PAPER CHAIN KIT LONDON,5,81,1243.99,3,4,4,344,Selling consistently
PAPER CHAIN KIT RETROSPOT,1,445,11935.310000000001,1,5,5,155,Inactive product or newly launched
PAPER CHAIN KIT SKULLS ,2,74,1415.65,1,4,4,144,Inactive product or newly launched
PAPER CHAIN KIT VINTAGE CHRISTMAS,1,706,25639.77,1,5,5,155,Inactive product or newly launched
"PAPER CRAFT , LITTLE BIRDIE",1,1,168469.6,1,1,5,115,Inactive product or newly launched
PAPER LANTERN 5 POINT SEQUIN STAR,16,22,287.5,3,2,2,322,Inactive product or newly launched
PAPER LANTERN 5 POINT STAR MOON ,10,18,439.90000000000003,3,2,3,323,Inactive product or newly launched
PAPER LANTERN 5 POINT STAR MOON 30,120,5,41.5,4,1,1,411,Inactive product or newly launched
PAPER LANTERN 5 POINT STUDDED STAR,120,4,46.0,4,1,1,411,Inactive product or newly launched
PAPER LANTERN 6 POINT SNOW STAR,96,6,107.9,4,1,2,412,Inactive product or newly launched
PAPER LANTERN 7 POINT SNOW STAR,8,25,658.35,3,2,3,323,Inactive product or newly launched
PAPER LANTERN 9 POINT DELUXE STAR,4,34,2091.55,2,3,4,234,Potential products
PAPER LANTERN 9 POINT HOLLY STAR 23,120,5,74.7,4,1,2,412,Inactive product or newly launched
PAPER LANTERN 9 POINT HOLLY STAR 40,213,3,37.5,5,1,1,511,Inactive product or newly launched
PAPER LANTERN 9 POINT HOLLY STAR L,16,16,431.25,3,2,3,323,Inactive product or newly launched
PAPER LANTERN 9 POINT HOLLY STAR S,8,20,340.3,3,2,3,323,Inactive product or newly launched
PAPER LANTERN 9 POINT SNOW STAR,1,46,1040.1000000000001,1,3,4,134,Inactive product or newly launched
PAPER LANTERN 9 POINT SNOW STAR ,1,34,1249.5,1,3,4,134,Inactive product or newly launched
PAPER POCKET TRAVELING FAN ,11,91,697.0600000000001,3,4,3,343,Selling consistently
PAPERWEIGHT CHILDHOOD MEMORIES,1,30,405.62,1,3,3,133,Inactive product or newly launched
PAPERWEIGHT HOME SWEET HOME,1,18,186.05999999999997,1,2,2,122,Inactive product or newly launched
PAPERWEIGHT KINGS CHOICE ,1,16,190.79999999999998,1,2,2,122,Inactive product or newly launched
PAPERWEIGHT SAVE THE PLANET,1,36,596.91,1,3,3,133,Inactive product or newly launched
PAPERWEIGHT VINTAGE COLLAGE,1,49,612.28,1,3,3,133,Inactive product or newly launched
PAPERWEIGHT VINTAGE PAISLEY,1,15,130.26,1,2,2,122,Inactive product or newly launched
PARISIENNE CURIO CABINET,2,183,3437.3,1,5,5,155,Inactive product or newly launched
PARISIENNE JEWELLERY DRAWER ,1,225,5399.02,1,5,5,155,Inactive product or newly launched
PARISIENNE KEY CABINET ,1,220,3673.7,1,5,5,155,Inactive product or newly launched
PARISIENNE SEWING BOX,1,125,3464.8,1,4,5,145,Inactive product or newly launched
PARLOUR CERAMIC WALL HOOK,2,72,1819.2500000000002,1,4,4,144,Inactive product or newly launched
PARTY BUNTING,1,1390,68785.23000000001,1,5,5,155,Inactive product or newly launched
PARTY CHARMS 50 PIECES,1,97,1552.6499999999999,1,4,4,144,Inactive product or newly launched
PARTY CONE CHRISTMAS DECORATION ,1,91,1260.53,1,4,4,144,Inactive product or newly launched
PARTY CONES CANDY ASSORTED,22,72,2042.69,3,4,4,344,Selling consistently
PARTY CONES CANDY DECORATION,4,8,233.27999999999997,2,2,2,222,Inactive product or newly launched
PARTY CONES CANDY TREE DECORATION,122,28,552.18,4,3,3,433,Potential products
PARTY CONES CARNIVAL ASSORTED,262,21,479.7,5,2,3,523,Inactive product or newly launched
PARTY FOOD SHOPPER BAG,164,35,373.5,5,3,3,533,Potential products
PARTY INVITES BALLOON GIRL,5,53,302.59999999999997,3,3,2,332,Potential products
PARTY INVITES DINOSAURS,4,77,487.04999999999995,2,4,3,243,Potential products
PARTY INVITES FOOTBALL,5,52,350.2,3,3,3,333,Potential products
PARTY INVITES JAZZ HEARTS,4,81,412.10999999999996,2,4,3,243,Potential products
PARTY INVITES SPACEMAN,7,61,425.0,3,3,3,333,Potential products
PARTY INVITES WOODLAND,5,89,853.2199999999999,3,4,3,343,Selling consistently
PARTY METAL SIGN ,1,378,4701.0199999999995,1,5,5,155,Inactive product or newly launched
PARTY PIZZA DISH BLUE POLKADOT,1,43,317.90999999999997,1,3,2,132,Inactive product or newly launched
PARTY PIZZA DISH GREEN POLKADOT,1,33,309.12,1,3,2,132,Inactive product or newly launched
PARTY PIZZA DISH PINK POLKADOT,1,46,372.74,1,3,3,133,Inactive product or newly launched
PARTY PIZZA DISH RED RETROSPOT,1,63,744.3399999999999,1,3,3,133,Inactive product or newly launched
PARTY TIME DESIGN FLANNEL,4,11,58.9,2,2,1,221,Inactive product or newly launched
PARTY TIME PENCIL ERASERS,2,78,265.09,1,4,2,142,Inactive product or newly launched
PASTEL BLUE PHOTO ALBUM ,234,2,14.5,5,1,1,511,Inactive product or newly launched
PASTEL COLOUR HONEYCOMB FAN,1,58,531.6899999999999,1,3,3,133,Inactive product or newly launched
PASTEL PINK PHOTO ALBUM ,236,2,3.5,5,1,1,511,Inactive product or newly launched
PEACE SMALL WOOD LETTERS,58,21,168.75,4,2,2,422,Inactive product or newly launched
PEACE WOODEN BLOCK LETTERS,1,105,1699.66,1,4,4,144,Inactive product or newly launched
PEACH KNITTED HEN ,248,8,80.85,5,2,2,522,Inactive product or newly launched
"PEARL & SHELL 42""NECKL. GREEN",240,2,43.0,5,1,1,511,Inactive product or newly launched
"PEARL & SHELL 42""NECKL. IVORY",210,1,21.5,5,1,1,511,Inactive product or newly launched
PEARL AND CHERRY QUARTZ BRACLET,199,1,7.0,5,1,1,511,Inactive product or newly launched
PEARL CRYSTAL PUMPKIN T-LIGHT HLDR,2,133,2214.87,1,4,4,144,Inactive product or newly launched
PEARLISED IVORY HEART LARGE ,3,36,651.15,2,3,3,233,Potential products
PEARLISED IVORY HEART SMALL ,4,30,266.21,2,3,2,232,Potential products
PEG BAG APPLE DESIGN,329,1,210.0,5,1,2,512,Inactive product or newly launched
PEG BAG APPLES DESIGN,2,222,3336.37,1,5,5,155,Inactive product or newly launched
PENCIL CASE LIFE IS BEAUTIFUL,1,98,1359.3500000000001,1,4,4,144,Inactive product or newly launched
PENNY FARTHING BIRTHDAY CARD,1,186,1198.45,1,5,4,154,Inactive product or newly launched
PENS ASSORTED FUNKY JEWELED ,2,84,977.89,1,4,4,144,Inactive product or newly launched
PENS ASSORTED FUNNY FACE,2,172,2313.74,1,5,4,154,Inactive product or newly launched
PENS ASSORTED SPACEBALL,4,119,1206.2,2,4,4,244,Potential products
PERIWINKLE T-LIGHT HOLDER,26,10,45.0,4,2,1,421,Inactive product or newly launched
"PET MUG, GOLDFISH",11,4,5.59,3,1,1,311,Inactive product or newly launched
PETIT TRAY CHIC,4,117,1606.7299999999998,2,4,4,244,Potential products
PHARMACIE FIRST AID TIN,4,95,3220.81,2,4,5,245,Potential products
PHOTO CLIP LINE,8,32,256.21,3,3,2,332,Potential products
PHOTO CUBE,3,172,3997.91,2,5,5,255,Potential products
PHOTO FRAME 3 CLASSIC HANGING,1,214,5357.549999999999,1,5,5,155,Inactive product or newly launched
PHOTO FRAME CORNICE,1,457,9277.28,1,5,5,155,Inactive product or newly launched
PHOTO FRAME LINEN AND LACE LARGE,5,41,771.72,3,3,3,333,Potential products
PHOTO FRAME LINEN AND LACE SMALL,3,59,644.8000000000001,2,3,3,233,Potential products
PICNIC BASKET WICKER 60 PIECES,182,2,39619.5,5,1,5,515,Inactive product or newly launched
PICNIC BASKET WICKER LARGE,33,257,10799.0,4,5,5,455,MVP
PICNIC BASKET WICKER SMALL,75,234,7728.85,4,5,5,455,MVP
PICNIC BOXES SET OF 3 RETROSPOT ,1,119,3607.3,1,4,5,145,Inactive product or newly launched
PICTURE DOMINOES,1,249,4235.59,1,5,5,155,Inactive product or newly launched
PICTURE FRAME WOOD TRIPLE PORTRAIT,1,225,6378.150000000001,1,5,5,155,Inactive product or newly launched
PIECE OF CAMO STATIONERY SET,27,31,326.56,4,3,2,432,Potential products
PIG KEYRING WITH LIGHT & SOUND ,1,42,1231.34,1,3,4,134,Inactive product or newly launched
PIG MUG IN TWO COLOUR DESIGNS,60,11,60.04,4,2,1,421,Inactive product or newly launched
PIGGY BANK RETROSPOT ,13,262,6298.37,3,5,5,355,Selling consistently
PIN CUSHION BABUSHKA BLUE,1,16,223.95000000000002,1,2,2,122,Inactive product or newly launched
PIN CUSHION BABUSHKA PINK,1,41,432.99,1,3,3,133,Inactive product or newly launched
PIN CUSHION BABUSHKA RED,3,34,576.3100000000001,2,3,3,233,Potential products
PING MICROWAVE APRON,1,73,793.5999999999999,1,4,3,143,Inactive product or newly launched
PING! MICROWAVE PLATE,1,28,246.53,1,3,2,132,Inactive product or newly launched
PINK  HEART CONFETTI IN TUBE,8,49,766.56,3,3,3,333,Potential products
PINK  HEART SHAPE LOVE BUCKET ,1,103,1686.5200000000002,1,4,4,144,Inactive product or newly launched
PINK  HONEYCOMB PAPER BALL ,206,24,607.86,5,2,3,523,Inactive product or newly launched
PINK  HONEYCOMB PAPER FAN,1,42,364.6,1,3,3,133,Inactive product or newly launched
PINK  POLKADOT CUP,4,203,2049.7,2,5,4,254,Potential products
PINK  POLKADOT PLATE ,46,131,3010.71,4,4,5,445,MVP
PINK & WHITE BREAKFAST TRAY,207,14,198.05,5,2,2,522,Inactive product or newly launched
PINK & WHITE ROSEBUD RING,25,8,58.900000000000006,4,2,1,421,Inactive product or newly launched
PINK 3 PIECE POLKADOT CUTLERY SET,274,101,5010.400000000001,5,4,5,545,MVP
PINK ACRYLIC JEWEL SNOWFLAKE,120,1,4.5600000000000005,4,1,1,411,Inactive product or newly launched
PINK AND BLACK STRING CURTAIN,19,5,82.1,3,1,2,312,Inactive product or newly launched
PINK AND WHITE CHRISTMAS TREE 120CM,6,19,465.38,3,2,3,323,Inactive product or newly launched
PINK B'FLY C/COVER W BOBBLES,257,6,65.45,5,1,1,511,Inactive product or newly launched
PINK BABY BUNTING,2,204,5415.66,1,5,5,155,Inactive product or newly launched
PINK BAROQUE FLOCK CANDLE HOLDER,371,1,11.9,5,1,1,511,Inactive product or newly launched
PINK BERTIE GLASS BEAD BAG CHARM,197,6,93.89999999999999,5,1,2,512,Inactive product or newly launched
PINK BITTY LIGHT CHAIN,1,7,89.65,1,2,2,122,Inactive product or newly launched
PINK BLUE FELT CRAFT TRINKET BOX,1,461,11619.39,1,5,5,155,Inactive product or newly launched
PINK BOUDICCA LARGE BRACELET,22,9,222.4,3,2,2,322,Inactive product or newly launched
PINK BOUDOIR T-LIGHT HOLDER,355,1,10.2,5,1,1,511,Inactive product or newly launched
PINK BREAKFAST CUP AND SAUCER ,257,7,30.45,5,2,1,521,Inactive product or newly launched
PINK BUNNY EASTER EGG BASKET,2,4,231.89999999999998,1,1,2,112,Inactive product or newly launched
PINK BUTTERFLY CUSHION COVER,201,4,33.15,5,1,1,511,Inactive product or newly launched
PINK BUTTERFLY CUSHION COVER ,239,2,59.400000000000006,5,1,1,511,Inactive product or newly launched
PINK BUTTERFLY WASHBAG,7,5,34.0,3,1,1,311,Inactive product or newly launched
PINK CANDYSTUFT ARTIFICIAL FLOWER,2,11,96.88999999999999,1,2,2,122,Inactive product or newly launched
PINK CAT BOWL,1,40,249.42000000000002,1,3,2,132,Inactive product or newly launched
PINK CAT FLORAL CUSHION COVER ,172,3,22.5,5,1,1,511,Inactive product or newly launched
PINK CHERRY BLOSSOM CUP & SAUCER,324,1,7.5,5,1,1,511,Inactive product or newly launched
PINK CHERRY LIGHTS,332,1,27.0,5,1,1,511,Inactive product or newly launched
PINK CHICK EGG WARMER + EGG CUP,51,18,162.25,4,2,2,422,Inactive product or newly launched
PINK CHRISTMAS FLOCK DROPLET ,360,1,10.0,5,1,1,511,Inactive product or newly launched
PINK CHRYSANTHEMUMS ART FLOWER,288,1,37.800000000000004,5,1,1,511,Inactive product or newly launched
PINK CLEAR GLASS CANDLE PLATE,11,4,35.0,3,1,1,311,Inactive product or newly launched
PINK CREAM FELT CRAFT TRINKET BOX ,1,541,8617.24,1,5,5,155,Inactive product or newly launched
PINK CRYSTAL GUITAR PHONE CHARM,279,1,0.85,5,1,1,511,Inactive product or newly launched
PINK CRYSTAL SKULL PHONE CHARM,1,2,2.47,1,1,1,111,Inactive product or newly launched
PINK CRYSTAL+GLASS BRACELET,212,3,39.6,5,1,1,511,Inactive product or newly launched
PINK DAISY BAG CHARM,77,1,15.299999999999999,4,1,1,411,Inactive product or newly launched
PINK DIAMANTE PEN IN GIFT BOX,1,24,365.62,1,2,3,123,Inactive product or newly launched
PINK DINER WALL CLOCK,1,98,2317.1,1,4,4,144,Inactive product or newly launched
PINK DISCO HANDBAG,5,21,176.39,3,2,2,322,Inactive product or newly launched
PINK DOG BOWL,2,53,613.24,1,3,3,133,Inactive product or newly launched
PINK DOG CANNISTER,234,4,39.3,5,1,1,511,Inactive product or newly launched
PINK DOUGHNUT TRINKET POT ,1,170,2132.7,1,5,4,154,Inactive product or newly launched
PINK DRAWER KNOB ACRYLIC EDWARDIAN,8,171,3831.72,3,5,5,355,Selling consistently
PINK EASTER HENS+FLOWER,161,1,11.25,5,1,1,511,Inactive product or newly launched
PINK ENAMEL FLOWER HAIR TIE,77,2,35.400000000000006,4,1,1,411,Inactive product or newly launched
PINK ENAMEL+GLASS HAIR COMB,69,12,413.7,4,2,3,423,Inactive product or newly launched
PINK FAIRY CAKE CHILDRENS APRON,1,397,5815.5599999999995,1,5,5,155,Inactive product or newly launched
PINK FAIRY CAKE CUSHION COVER,8,35,436.05,3,3,3,333,Potential products
PINK FEATHERS CURTAIN,74,3,50.28,4,1,1,411,Inactive product or newly launched
PINK FELT EASTER EGG BASKET,323,4,23.099999999999998,5,1,1,511,Inactive product or newly launched
PINK FELT EASTER RABBIT GARLAND,235,25,295.8,5,2,2,522,Inactive product or newly launched
PINK FELT HANGING HEART W FLOWER,111,5,45.9,4,1,1,411,Inactive product or newly launched
PINK FLOCK GLASS CANDLEHOLDER,243,5,29.68,5,1,1,511,Inactive product or newly launched
PINK FLOCK PHOTO FRAME ,220,1,15.0,5,1,1,511,Inactive product or newly launched
PINK FLOCK SUEDE CUSHION COVER ,169,2,15.0,5,1,1,511,Inactive product or newly launched
PINK FLORAL FELTCRAFT SHOULDER BAG,1,231,3979.88,1,5,5,155,Inactive product or newly launched
PINK FLOWER CROCHET FOOD COVER,8,63,727.46,3,3,3,333,Potential products
PINK FLOWER FABRIC PONY,2,26,266.25,1,2,2,122,Inactive product or newly launched
PINK FLOWERS RABBIT EASTER,34,5,48.95,4,1,1,411,Inactive product or newly launched
PINK FLUFFY CHRISTMAS DECORATION,358,1,4.5600000000000005,5,1,1,511,Inactive product or newly launched
PINK FLY SWAT,15,26,40.95,3,2,1,321,Inactive product or newly launched
PINK FOXGLOVE ARTIIFCIAL FLOWER,72,3,35.699999999999996,4,1,1,411,Inactive product or newly launched
PINK GAUZE BUTTERFLY LAMPSHADE,12,4,6.3,3,1,1,311,Inactive product or newly launched
PINK GINGHAM CAT WITH SCARF,152,18,211.64999999999998,5,2,2,522,Inactive product or newly launched
PINK GLASS CANDLEHOLDER,33,28,447.65000000000003,4,3,3,433,Potential products
PINK GLASS TASSLE BAG CHARM ,166,3,20.650000000000002,5,1,1,511,Inactive product or newly launched
PINK GOOSE FEATHER TREE 60CM,2,16,249.59999999999997,1,2,2,122,Inactive product or newly launched
PINK GREEN EMBROIDERY COSMETIC BAG,25,6,23.6,4,1,1,411,Inactive product or newly launched
PINK HANGING GINGHAM EASTER HEN,227,5,13.44,5,1,1,511,Inactive product or newly launched
PINK HANGING HEART T-LIGHT HOLDER,2,66,1476.13,1,3,4,134,Inactive product or newly launched
PINK HAPPY BIRTHDAY BUNTING,2,360,11666.35,1,5,5,155,Inactive product or newly launched
PINK HAWAIIAN PICNIC HAMPER FOR 2,7,10,178.5,3,2,2,322,Inactive product or newly launched
PINK HEART DOTS HOT WATER BOTTLE,370,4,30.0,5,1,1,511,Inactive product or newly launched
PINK HEART OF GLASS BRACELET,130,8,83.3,4,2,2,422,Inactive product or newly launched
PINK HEART RED HANDBAG,102,3,11.31,4,1,1,411,Inactive product or newly launched
PINK HEART SHAPE EGG FRYING PAN,39,203,4370.78,4,5,5,455,MVP
PINK HEART SHAPE PHOTO FRAME,107,29,476.34999999999997,4,3,3,433,Potential products
PINK HEARTS LIGHT CHAIN ,3,21,381.0,2,2,3,223,Inactive product or newly launched
PINK HEARTS PAPER GARLAND,15,7,245.20000000000002,3,2,2,322,Inactive product or newly launched
PINK HORSE SOCK PUPPET,89,46,688.8000000000001,4,3,3,433,Potential products
PINK HORSE SOCK PUPPET KIT,9,16,123.9,3,2,2,322,Inactive product or newly launched
PINK HYDRANGEA ART FLOWER,17,5,96.60000000000001,3,1,2,312,Inactive product or newly launched
PINK JEWELLED MIRROR TRINKET TRAY,1,13,178.56,1,2,2,122,Inactive product or newly launched
PINK JEWELLED PHOTO FRAME,9,11,147.87,3,2,2,322,Inactive product or newly launched
PINK JEWELLED PHOTO FRAME ,2,14,256.75,1,2,2,122,Inactive product or newly launched
PINK KNITTED EGG COSY,241,26,71.75999999999999,5,2,2,522,Inactive product or newly launched
PINK LOVE BIRD CANDLE,11,22,236.48000000000002,3,2,2,322,Inactive product or newly launched
PINK LOVE HEART SHAPE CUP,3,60,585.78,2,3,3,233,Potential products
PINK MARSHMALLOW SCARF KNITTING KIT,373,1,91.8,5,1,2,512,Inactive product or newly launched
PINK METAL CHICKEN HEART ,40,56,906.14,4,3,3,433,Potential products
PINK METAL SWINGING BUNNY,258,8,63.74999999999999,5,2,1,521,Inactive product or newly launched
PINK MONTE CARLO HANDBAG,158,8,198.35,5,2,2,522,Inactive product or newly launched
PINK MURANO TWIST NECKLACE,41,4,59.699999999999996,4,1,1,411,Inactive product or newly launched
PINK NEW BAROQUE FLOCK CANDLESTICK,310,3,27.900000000000002,5,1,1,511,Inactive product or newly launched
PINK NEW BAROQUECANDLESTICK CANDLE,2,31,470.75,1,3,3,133,Inactive product or newly launched
PINK OVAL JEWELLED MIRROR,166,11,119.0,5,2,2,522,Inactive product or newly launched
PINK OVAL SHAPE TRINKET BOX,2,8,149.25,1,2,2,122,Inactive product or newly launched
PINK OWL SOFT TOY,1,139,2379.05,1,4,4,144,Inactive product or newly launched
PINK PADDED MOBILE,44,40,539.75,4,3,3,433,Potential products
PINK PAINTED KASHMIRI CHAIR,370,1,171.8,5,1,2,512,Inactive product or newly launched
PINK PAISLEY CUSHION COVER ,145,6,59.5,5,1,1,511,Inactive product or newly launched
PINK PAISLEY ROSE GIFT WRAP,4,40,498.5,2,3,3,233,Potential products
PINK PAISLEY SQUARE TISSUE BOX ,1,113,561.75,1,4,3,143,Inactive product or newly launched
PINK PAPER PARASOL ,4,78,1230.5800000000002,2,4,4,244,Potential products
PINK PARTY BAGS,7,146,4481.62,3,4,5,345,Selling consistently
PINK PARTY SUNGLASSES,17,6,23.4,3,1,1,311,Inactive product or newly launched
PINK PILLAR CANDLE SILVER FLOCK,3,18,123.68,2,2,2,222,Inactive product or newly launched
PINK POLKADOT BOWL,1,222,3640.0800000000004,1,5,5,155,Inactive product or newly launched
PINK POLKADOT CHILDRENS UMBRELLA,274,34,406.25,5,3,3,533,Potential products
PINK POLKADOT GARDEN PARASOL,22,41,866.25,3,3,3,333,Potential products
PINK POLKADOT KIDS BAG,331,1,1.95,5,1,1,511,Inactive product or newly launched
PINK POLKADOT PLATE ,4,18,318.34,2,2,2,222,Inactive product or newly launched
PINK POLKADOT WRAP ,5,213,2593.0,3,5,4,354,Selling consistently
PINK POT PLANT CANDLE,2,22,516.25,1,2,3,123,Inactive product or newly launched
PINK REGENCY TEACUP AND SAUCER,1,559,14663.29,1,5,5,155,Inactive product or newly launched
PINK RETRO BIG FLOWER BAG,169,13,167.7,5,2,2,522,Inactive product or newly launched
PINK RIVIERA HANDBAG,241,5,250.05,5,1,2,512,Inactive product or newly launched
PINK ROSE FABRIC MIRROR,4,25,231.47,2,2,2,222,Inactive product or newly launched
PINK ROSE WASHBAG,79,38,386.25,4,3,3,433,Potential products
PINK ROSEBUD & PEARL NECKLACE,31,2,30.0,4,1,1,411,Inactive product or newly launched
PINK ROSEBUD PEARL BRACELET,7,6,70.35,3,1,2,312,Inactive product or newly launched
PINK ROUND COMPACT MIRROR,248,1,15.0,5,1,1,511,Inactive product or newly launched
PINK SCOTTIE DOG W FLOWER PATTERN,10,22,209.1,3,2,2,322,Inactive product or newly launched
PINK SMALL GLASS CAKE STAND,265,1,46.8,5,1,1,511,Inactive product or newly launched
PINK SMALL JEWELLED PHOTOFRAME,17,9,19.799999999999997,3,2,1,321,Inactive product or newly launched
PINK SPOTS CHOCOLATE NESTING BOXES ,318,5,355.65,5,1,3,513,Inactive product or newly launched
PINK SQUARE TABLE CLOCK,3,5,70.10000000000001,2,1,2,212,Inactive product or newly launched
PINK STITCHED WALL CLOCK,93,27,590.57,4,3,3,433,Potential products
PINK STOCKING CHRISTMAS DECORATION,34,16,84.36,4,2,2,422,Inactive product or newly launched
PINK STRAWBERRY HANDBAG ,33,5,38.35000000000001,4,1,1,411,Inactive product or newly launched
PINK STRING CURTAIN WITH POLE,12,7,62.6,3,2,1,321,Inactive product or newly launched
PINK SWEETHEART BRACELET,2,24,404.5,1,2,3,123,Inactive product or newly launched
PINK TALL PORCELAIN T-LIGHT HOLDER ,170,4,12.75,5,1,1,511,Inactive product or newly launched
PINK UNION JACK  LUGGAGE TAG,1,84,330.02,1,4,2,142,Inactive product or newly launched
PINK UNION JACK  PASSPORT COVER ,2,69,457.08000000000004,1,4,3,143,Inactive product or newly launched
PINK VINTAGE PAISLEY PICNIC BAG,1,290,4289.26,1,5,5,155,Inactive product or newly launched
PINK VINTAGE SPOT BEAKER,7,132,4384.83,3,4,5,345,Selling consistently
PINK VINTAGE VICTORIAN EARRINGS,25,3,29.500000000000004,4,1,1,411,Inactive product or newly launched
PINK YELLOW PATCH CUSHION COVER,184,3,38.25,5,1,1,511,Inactive product or newly launched
PINK/AMETHYST/GOLD NECKLACE,262,1,27.8,5,1,1,511,Inactive product or newly launched
PINK/BLUE DISC/MIRROR STRING,84,8,220.41,4,2,2,422,Inactive product or newly launched
PINK/BLUE STRING CURTAIN ,19,4,109.2,3,1,2,312,Inactive product or newly launched
PINK/FLOWER RABBIT EGG WARMER ,296,4,35.7,5,1,1,511,Inactive product or newly launched
PINK/GREEN FLOWER DESIGN BIG MUG,5,17,17.16,3,2,1,321,Inactive product or newly launched
PINK/PURPLE CIRCLE CURTAIN,110,7,56.52,4,2,1,421,Inactive product or newly launched
PINK/PURPLE RETRO RADIO,9,19,401.20000000000005,3,2,3,323,Inactive product or newly launched
"PINK/WHITE ""KEEP CLEAN"" BULLET BIN",24,13,156.35000000000002,4,2,2,422,Inactive product or newly launched
PINK/WHITE CHRISTMAS TREE 30CM,99,2,17.48,4,1,1,411,Inactive product or newly launched
PINK/WHITE CHRISTMAS TREE 60CM,6,24,433.22,3,2,3,323,Inactive product or newly launched
PINK/WHITE GLASS DEMI CHOKER,361,1,15.0,5,1,1,511,Inactive product or newly launched
PINK/WHITE RIBBED MELAMINE JUG,292,2,15.9,5,1,1,511,Inactive product or newly launched
PINK/YELLOW FLOWERS HANDBAG,288,8,132.5,5,2,2,522,Inactive product or newly launched
PIZZA PLATE IN BOX,2,72,962.48,1,4,4,144,Inactive product or newly launched
PLACE SETTING WHITE HEART,1,296,5912.19,1,5,5,155,Inactive product or newly launched
PLACE SETTING WHITE STAR,5,97,967.13,3,4,4,344,Selling consistently
PLASMATRONIC LAMP,3,10,288.94,2,2,2,222,Inactive product or newly launched
PLASTERS IN TIN CIRCUS PARADE ,1,527,9588.71,1,5,5,155,Inactive product or newly launched
PLASTERS IN TIN SKULLS,1,450,6461.249999999999,1,5,5,155,Inactive product or newly launched
PLASTERS IN TIN SPACEBOY,1,586,12138.599999999999,1,5,5,155,Inactive product or newly launched
PLASTERS IN TIN STRONGMAN,1,456,9444.14,1,5,5,155,Inactive product or newly launched
PLASTERS IN TIN VINTAGE PAISLEY ,1,489,7331.839999999999,1,5,5,155,Inactive product or newly launched
PLASTERS IN TIN WOODLAND ANIMALS,1,595,11620.929999999998,1,5,5,155,Inactive product or newly launched
PLAYING CARDS I LOVE LONDON ,1,106,1238.5,1,4,4,144,Inactive product or newly launched
PLAYING CARDS JUBILEE UNION JACK,1,199,2073.73,1,5,4,154,Inactive product or newly launched
PLAYING CARDS KEEP CALM & CARRY ON,1,334,4242.96,1,5,5,155,Inactive product or newly launched
PLAYING CARDS VINTAGE DOILEY ,65,2,16.25,4,1,1,411,Inactive product or newly launched
PLAYING CARDS VINTAGE DOILY ,2,86,822.73,1,4,3,143,Inactive product or newly launched
PLEASE ONE PERSON METAL SIGN,1,705,23865.820000000003,1,5,5,155,Inactive product or newly launched
POCKET BAG BLUE PAISLEY RED SPOT,1,48,574.66,1,3,3,133,Inactive product or newly launched
POCKET BAG PINK PAISELY BROWN SPOT,1,31,223.63,1,3,2,132,Inactive product or newly launched
"POCKET MIRROR ""GLAMOROUS""",275,2,6.25,5,1,1,511,Inactive product or newly launched
POCKET MIRROR WOODLAND,15,4,10.0,3,1,1,311,Inactive product or newly launched
POLKA DOT RAFFIA FOOD COVER,3,71,941.21,2,4,4,244,Potential products
POLKADOT COFFEE CUP & SAUCER PINK,98,64,1142.29,4,3,4,434,Potential products
POLKADOT MUG PINK ,275,8,89.69999999999999,5,2,2,522,Inactive product or newly launched
POLKADOT PEN,74,107,5475.25,4,4,5,445,MVP
POLKADOT RAIN HAT ,1,94,629.89,1,4,3,143,Inactive product or newly launched
POLYESTER FILLER PAD 30CMx30CM,6,26,133.75,3,2,2,322,Inactive product or newly launched
POLYESTER FILLER PAD 40x40cm,1,182,2248.95,1,5,4,154,Inactive product or newly launched
POLYESTER FILLER PAD 45x30cm,2,37,146.45,1,3,2,132,Inactive product or newly launched
POLYESTER FILLER PAD 45x45cm,2,134,1562.4,1,4,4,144,Inactive product or newly launched
POLYESTER FILLER PAD 60x40cm,218,1,5.1,5,1,1,511,Inactive product or newly launched
POLYESTER FILLER PAD 65CMx65CM,96,5,72.25,4,1,2,412,Inactive product or newly launched
POMPOM CURTAIN,1,46,1570.15,1,3,4,134,Inactive product or newly launched
POP ART PUSH DOWN RUBBER ,183,2,11.759999999999998,5,1,1,511,Inactive product or newly launched
POPART RECT PENCIL SHARPENER ASST,5,33,140.52,3,3,2,332,Potential products
POPART WOODEN PENCILS ASST,5,69,380.0,3,4,3,343,Selling consistently
POPCORN HOLDER,1,653,23417.51,1,5,5,155,Inactive product or newly launched
POPPY FIELDS CHOPPING BOARD,3,39,420.75,2,3,3,233,Potential products
POPPY'S PLAYHOUSE BATHROOM,1,171,1794.6000000000001,1,5,4,154,Inactive product or newly launched
POPPY'S PLAYHOUSE BEDROOM ,1,318,3673.15,1,5,5,155,Inactive product or newly launched
POPPY'S PLAYHOUSE KITCHEN,1,349,3916.9100000000003,1,5,5,155,Inactive product or newly launched
POPPY'S PLAYHOUSE LIVINGROOM ,1,253,2724.6200000000003,1,5,5,155,Inactive product or newly launched
PORCELAIN BUDAH INCENSE HOLDER,16,19,138.1,3,2,2,322,Inactive product or newly launched
PORCELAIN BUTTERFLY OIL BURNER,123,38,540.5500000000001,4,3,3,433,Potential products
PORCELAIN ROSE LARGE ,199,13,345.14,5,2,3,523,Inactive product or newly launched
PORCELAIN ROSE SMALL,11,46,1218.36,3,3,4,334,Potential products
PORCELAIN T-LIGHT HOLDERS ASSORTED,3,60,913.63,2,3,3,233,Potential products
POSTAGE,1,1099,77803.96,1,5,5,155,Inactive product or newly launched
POSTE FRANCE CUSHION COVER,1,121,1470.0,1,4,4,144,Inactive product or newly launched
POSY CANDY BAG,172,8,92.5,5,2,2,522,Inactive product or newly launched
POTTERING IN THE SHED METAL SIGN,2,377,8364.64,1,5,5,155,Inactive product or newly launched
POTTERING MUG,2,198,4049.61,1,5,5,155,Inactive product or newly launched
POTTING SHED CANDLE CITRONELLA,227,2,1250.82,5,1,4,514,Inactive product or newly launched
POTTING SHED ROSE CANDLE,227,7,1423.03,5,2,4,524,Inactive product or newly launched
POTTING SHED SEED ENVELOPES,1,72,604.48,1,4,3,143,Inactive product or newly launched
POTTING SHED SOW 'N' GROW SET,374,1,4.25,5,1,1,511,Inactive product or newly launched
POTTING SHED TEA MUG,4,233,2924.48,2,5,5,255,Potential products
POTTING SHED TWINE,17,90,2152.2000000000003,3,4,4,344,Selling consistently
PRETTY HANGING QUILTED HEARTS,3,70,1045.1999999999998,2,4,4,244,Potential products
PSYCHEDELIC METAL SIGN CALENDAR,133,3,7.9,5,1,1,511,Inactive product or newly launched
PSYCHEDELIC TILE COASTER,3,23,178.0,2,2,2,222,Inactive product or newly launched
PSYCHEDELIC TILE HOOK,3,42,166.35,2,3,2,232,Potential products
PSYCHEDELIC WALL THERMOMETER,131,14,109.92999999999999,4,2,2,422,Inactive product or newly launched
PURPLE ACRYLIC FACETED BANGLE,29,5,125.0,4,1,2,412,Inactive product or newly launched
PURPLE AMETHYST NECKLACE W TASSEL,6,3,29.849999999999998,3,1,1,311,Inactive product or newly launched
PURPLE ANEMONE ARTIFICIAL FLOWER,284,1,6.76,5,1,1,511,Inactive product or newly launched
PURPLE BERTIE GLASS BEAD BAG CHARM,197,5,65.39999999999999,5,1,1,511,Inactive product or newly launched
PURPLE BOUDICCA LARGE BRACELET,61,11,215.45000000000002,4,2,2,422,Inactive product or newly launched
PURPLE CHUNKY GLASS+BEAD NECKLACE,357,1,11.95,5,1,1,511,Inactive product or newly launched
PURPLE DRAWERKNOB ACRYLIC EDWARDIAN,2,149,3017.37,1,4,5,145,Inactive product or newly launched
PURPLE DRESS JEWELLERY STAND,141,3,48.19,5,1,1,511,Inactive product or newly launched
PURPLE ENAMEL FLOWER HAIR TIE,77,1,17.700000000000003,4,1,1,411,Inactive product or newly launched
PURPLE ENAMEL FLOWER RING,50,11,138.65,4,2,2,422,Inactive product or newly launched
PURPLE ENAMEL+GLASS HAIR COMB,36,4,163.8,4,1,2,412,Inactive product or newly launched
PURPLE FOXGLOVE ARTIIFCIAL FLOWER,262,2,17.849999999999998,5,1,1,511,Inactive product or newly launched
PURPLE FRANGIPANI HAIRCLIP,353,1,0.85,5,1,1,511,Inactive product or newly launched
PURPLE FRANGIPANI NECKLACE,17,2,20.4,3,1,1,311,Inactive product or newly launched
PURPLE GEMSTONE BRACELET,4,7,95.2,2,2,2,222,Inactive product or newly launched
PURPLE GEMSTONE NECKLACE 45CM,11,5,102.0,3,1,2,312,Inactive product or newly launched
PURPLE GLASS TASSLE BAG CHARM,66,1,17.700000000000003,4,1,1,411,Inactive product or newly launched
PURPLE LAS VEGAS BRACELET ROUND,94,2,22.5,4,1,1,411,Inactive product or newly launched
PURPLE PAPER PARASOL,3,60,779.45,2,3,3,233,Potential products
PURPLE SWEETHEART BRACELET,2,16,174.25,1,2,2,122,Inactive product or newly launched
PURPLE/BLUE CERAMIC CANDLE HOLDER,144,1,3.3,5,1,1,511,Inactive product or newly launched
PURPLE/COPPER HANGING LAMPSHADE,51,6,15.299999999999999,4,1,1,411,Inactive product or newly launched
PURPLE/TURQ FLOWERS HANDBAG,277,1,2.5,5,1,1,511,Inactive product or newly launched
QUEEN OF SKIES LUGGAGE TAG,5,34,109.11,3,3,2,332,Potential products
QUEEN OF THE SKIES HOLIDAY PURSE ,53,3,11.690000000000001,4,1,1,411,Inactive product or newly launched
QUEEN OF THE SKIES PASSPORT COVER ,3,28,137.88000000000002,2,3,2,232,Potential products
QUEENS GUARD COFFEE MUG,2,235,5603.57,1,5,5,155,Inactive product or newly launched
RABBIT  DESIGN  COTTON TOTE BAG,9,24,202.5,3,2,2,322,Inactive product or newly launched
RABBIT EASTER DECORATION,227,3,23.6,5,1,1,511,Inactive product or newly launched
RABBIT NIGHT LIGHT,1,823,51251.24,1,5,5,155,Inactive product or newly launched
RAIN PONCHO ,297,4,267.1,5,1,2,512,Inactive product or newly launched
RAIN PONCHO RETROSPOT,4,185,6962.08,2,5,5,255,Potential products
RAINBOW PEGS PHOTO CLIP STRING,4,24,148.88,2,2,2,222,Inactive product or newly launched
RAINY LADIES BIRTHDAY CARD,3,129,918.91,2,4,3,243,Potential products
RASPBERRY ANT COPPER FLOWER NECKLAC,31,6,65.45,4,1,1,411,Inactive product or newly launched
RASTA IN BATH W SPLIFF ASHTRAY,15,5,5.949999999999999,3,1,1,311,Inactive product or newly launched
RATTLE SNAKE EGGS,1,75,596.84,1,4,3,143,Inactive product or newly launched
RECIPE BOX BLUE SKETCHBOOK DESIGN,31,231,3422.0600000000004,4,5,5,455,MVP
RECIPE BOX PANTRY YELLOW DESIGN,1,836,20838.620000000003,1,5,5,155,Inactive product or newly launched
RECIPE BOX RETROSPOT ,1,448,7896.85,1,5,5,155,Inactive product or newly launched
RECIPE BOX WITH METAL HEART,373,3,55.65,5,1,1,511,Inactive product or newly launched
"RECORD FRAME 7"" SINGLE SIZE ",2,199,8450.82,1,5,5,155,Inactive product or newly launched
RECTANGULAR SHAPED MIRROR,1,29,420.68,1,3,3,133,Inactive product or newly launched
RECYCLED ACAPULCO MAT BLUE,4,133,2741.35,2,4,5,245,Potential products
RECYCLED ACAPULCO MAT GREEN,4,176,3763.55,2,5,5,255,Potential products
RECYCLED ACAPULCO MAT LAVENDER,4,109,2189.7,2,4,4,244,Potential products
RECYCLED ACAPULCO MAT PINK,2,129,2589.9,1,4,4,144,Inactive product or newly launched
RECYCLED ACAPULCO MAT RED,8,169,3572.75,3,5,5,355,Selling consistently
RECYCLED ACAPULCO MAT TURQUOISE,7,221,4694.75,3,5,5,355,Selling consistently
RECYCLED PENCIL WITH RABBIT ERASER,3,80,518.1899999999999,2,4,3,243,Potential products
RECYCLING BAG RETROSPOT ,1,409,11913.03,1,5,5,155,Inactive product or newly launched
RED   ACRYLIC FACETED BANGLE,1,5,115.9,1,1,2,112,Inactive product or newly launched
RED  EGG  SPOON,9,61,155.4,3,3,2,332,Potential products
RED  HARMONICA IN BOX ,2,564,23756.43,1,5,5,155,Inactive product or newly launched
RED 3 PIECE RETROSPOT CUTLERY SET,276,98,5555.13,5,4,5,545,MVP
RED APPLES CHOPPING BOARD   ,2,38,684.0,1,3,3,133,Inactive product or newly launched
RED BABY BUNTING ,2,167,2969.65,1,5,5,155,Inactive product or newly launched
RED BOUDICCA LARGE BRACELET,30,8,145.95000000000002,4,2,2,422,Inactive product or newly launched
RED CHARLIE+LOLA PERSONAL DOORSIGN,2,105,618.35,1,4,3,143,Inactive product or newly launched
RED COAT RACK PARIS FASHION,9,95,1479.69,3,4,4,344,Selling consistently
RED DAISY PAPER LAMPSHADE,54,6,62.5,4,1,1,411,Inactive product or newly launched
RED DAISY POCKET BOOK ,13,31,132.53,3,3,2,332,Potential products
RED DINER WALL CLOCK,1,416,11048.890000000001,1,5,5,155,Inactive product or newly launched
RED DRAGONFLY HELICOPTER,1,50,620.1,1,3,3,133,Inactive product or newly launched
RED DRAWER KNOB ACRYLIC EDWARDIAN,3,98,2292.27,2,4,4,244,Potential products
RED ENAMEL FLOWER RING,65,12,153.4,4,2,2,422,Inactive product or newly launched
RED ENCHANTED FOREST PLACEMAT,3,63,730.05,2,3,3,233,Potential products
RED FLOCK LOVE HEART PHOTO FRAME,1,56,517.68,1,3,3,133,Inactive product or newly launched
RED FLORAL FELTCRAFT SHOULDER BAG,2,257,6726.81,1,5,5,155,Inactive product or newly launched
RED FLOWER CROCHET FOOD COVER,3,91,982.49,2,4,4,244,Potential products
RED GINGHAM ROSE JEWELLERY BOX,1,222,2917.2,1,5,5,155,Inactive product or newly launched
RED GINGHAM TEDDY BEAR ,2,130,2029.9800000000002,1,4,4,144,Inactive product or newly launched
RED GLASS TASSLE BAG CHARM,2,5,47.2,1,1,1,111,Inactive product or newly launched
RED HANGING HEART T-LIGHT HOLDER,1,689,22595.190000000002,1,5,5,155,Inactive product or newly launched
RED HEART LUGGAGE TAG,12,47,243.75,3,3,2,332,Potential products
RED HEART SHAPE LOVE BUCKET ,1,134,2591.02,1,4,4,144,Inactive product or newly launched
RED HEARTS LIGHT CHAIN ,4,38,844.34,2,3,3,233,Potential products
RED KITCHEN SCALES,1,449,11836.23,1,5,5,155,Inactive product or newly launched
RED KUKUI COCONUT SEED NECKLACE,2,15,131.8,1,2,2,122,Inactive product or newly launched
RED LOVE HEART SHAPE CUP,1,83,772.91,1,4,3,143,Inactive product or newly launched
RED METAL BEACH SPADE ,1,144,1612.42,1,4,4,144,Inactive product or newly launched
RED METAL BOX TOP SECRET,1,225,7920.78,1,5,5,155,Inactive product or newly launched
RED PAPER PARASOL,4,73,1732.79,2,4,4,244,Potential products
RED PEONY CUSHION COVER ,32,5,79.05000000000001,4,1,2,412,Inactive product or newly launched
RED PEONY TABLE CLOCK,12,10,47.2,3,2,1,321,Inactive product or newly launched
RED POLKADOT BEAKER ,27,114,1538.62,4,4,4,444,MVP
RED POLKADOT COFFEE  MUG,234,49,642.75,5,3,3,533,Potential products
RED POLKADOT PUDDING BOWL,267,7,38.13,5,2,1,521,Inactive product or newly launched
RED PUDDING SPOON,5,48,109.74,3,3,2,332,Potential products
RED PURSE WITH PINK HEART,318,2,8.75,5,1,1,511,Inactive product or newly launched
RED REFECTORY CLOCK ,1,95,2212.25,1,4,4,144,Inactive product or newly launched
RED RETRO KITCHEN WALL CLOCK,1,20,358.6,1,2,3,123,Inactive product or newly launched
RED RETROSPOT APRON ,3,108,1796.9,2,4,4,244,Potential products
RED RETROSPOT BIG BOWL,106,39,849.45,4,3,3,433,Potential products
RED RETROSPOT BOWL,1,299,4980.7300000000005,1,5,5,155,Inactive product or newly launched
RED RETROSPOT BUTTER DISH,38,213,4414.8,4,5,5,455,MVP
RED RETROSPOT CAKE STAND,1,422,17918.8,1,5,5,155,Inactive product or newly launched
RED RETROSPOT CHARLOTTE BAG,1,748,10122.45,1,5,5,155,Inactive product or newly launched
RED RETROSPOT CHILDRENS UMBRELLA,2,183,3629.66,1,5,5,155,Inactive product or newly launched
RED RETROSPOT CUP,3,280,2822.41,2,5,5,255,Potential products
RED RETROSPOT LUGGAGE TAG,74,61,408.75,4,3,3,433,Potential products
RED RETROSPOT MINI CASES,1,366,12208.85,1,5,5,155,Inactive product or newly launched
RED RETROSPOT MUG,3,135,4969.150000000001,2,4,5,245,Potential products
RED RETROSPOT OVEN GLOVE ,1,267,3750.38,1,5,5,155,Inactive product or newly launched
RED RETROSPOT OVEN GLOVE DOUBLE,16,140,1678.5500000000002,3,4,4,344,Selling consistently
RED RETROSPOT PEG BAG,1,359,5874.95,1,5,5,155,Inactive product or newly launched
RED RETROSPOT PICNIC BAG,2,386,10365.76,1,5,5,155,Inactive product or newly launched
RED RETROSPOT PLATE ,3,222,4855.91,2,5,5,255,Potential products
RED RETROSPOT PUDDING BOWL,3,57,1337.5,2,3,4,234,Potential products
RED RETROSPOT PURSE ,50,73,998.2000000000002,4,4,4,444,MVP
RED RETROSPOT ROUND CAKE TINS,1,257,9178.3,1,5,5,155,Inactive product or newly launched
RED RETROSPOT SHOPPER BAG,1,387,5106.56,1,5,5,155,Inactive product or newly launched
RED RETROSPOT SHOPPING BAG,3,77,1284.6599999999999,2,4,4,244,Potential products
RED RETROSPOT SMALL MILK JUG,1,313,5804.7,1,5,5,155,Inactive product or newly launched
RED RETROSPOT STORAGE JAR,219,47,1067.1,5,3,4,534,Potential products
RED RETROSPOT SUGAR JAM BOWL,3,208,3448.95,2,5,5,255,Potential products
RED RETROSPOT TAPE,2,100,668.94,1,4,3,143,Inactive product or newly launched
RED RETROSPOT TEA CUP AND SAUCER ,1,143,2519.19,1,4,4,144,Inactive product or newly launched
RED RETROSPOT TISSUE BOX,1,148,930.0400000000001,1,4,3,143,Inactive product or newly launched
RED RETROSPOT TRADITIONAL TEAPOT ,208,134,3508.8,5,4,5,545,MVP
RED RETROSPOT UMBRELLA,1,303,10217.720000000001,1,5,5,155,Inactive product or newly launched
RED RETROSPOT WASHBAG,45,14,100.80000000000001,4,2,2,422,Inactive product or newly launched
RED RETROSPOT WRAP ,1,335,4310.24,1,5,5,155,Inactive product or newly launched
RED ROCKING HORSE HAND PAINTED,2,118,2631.5,1,4,4,144,Inactive product or newly launched
RED ROSE AND LACE C/COVER,369,1,8.850000000000001,5,1,1,511,Inactive product or newly launched
RED SHARK HELICOPTER,1,25,278.25,1,2,2,122,Inactive product or newly launched
RED SPOT CERAMIC DRAWER KNOB,2,280,5018.65,1,5,5,155,Inactive product or newly launched
RED SPOT PAPER GIFT BAG,1,122,1944.08,1,4,4,144,Inactive product or newly launched
RED SPOTTY BISCUIT TIN,1,206,7071.2,1,5,5,155,Inactive product or newly launched
RED STAR CARD HOLDER,3,119,1723.79,2,4,4,244,Potential products
RED STRIPE CERAMIC DRAWER KNOB,1,336,6177.53,1,5,5,155,Inactive product or newly launched
RED TEA TOWEL CLASSIC DESIGN,103,67,728.52,4,3,3,433,Potential products
RED TOADSTOOL LED NIGHT LIGHT,1,528,19831.71,1,5,5,155,Inactive product or newly launched
RED VICTORIAN FABRIC OVAL BOX,3,41,277.44,2,3,2,232,Potential products
RED VINTAGE SPOT BEAKER,4,148,1445.5,2,4,4,244,Potential products
RED WHITE SCARF  HOT WATER BOTTLE,373,2,11.850000000000001,5,1,1,511,Inactive product or newly launched
RED WOOLLY HOTTIE WHITE HEART.,1,323,13311.26,1,5,5,155,Inactive product or newly launched
RED/CREAM STRIPE CUSHION COVER ,2,60,509.9,1,3,3,133,Inactive product or newly launched
REGENCY CAKE FORK,11,68,1896.6000000000001,3,3,4,334,Potential products
REGENCY CAKE SLICE,5,80,2579.21,3,4,4,344,Selling consistently
REGENCY CAKESTAND 3 TIER,1,1714,142264.75,1,5,5,155,Inactive product or newly launched
REGENCY MILK JUG PINK ,3,272,8995.0,2,5,5,255,Potential products
REGENCY MIRROR WITH SHUTTERS,24,7,1530.0,4,2,4,424,Inactive product or newly launched
REGENCY SUGAR BOWL GREEN,2,268,11567.24,1,5,5,155,Inactive product or newly launched
REGENCY SUGAR TONGS,2,134,3949.7000000000003,1,4,5,145,Inactive product or newly launched
REGENCY TEA PLATE GREEN ,1,271,9184.9,1,5,5,155,Inactive product or newly launched
REGENCY TEA PLATE PINK,1,224,5793.28,1,5,5,155,Inactive product or newly launched
REGENCY TEA PLATE ROSES ,1,328,10170.99,1,5,5,155,Inactive product or newly launched
REGENCY TEA SPOON,14,60,1651.8,3,3,4,334,Potential products
REGENCY TEA STRAINER,4,142,4789.24,2,4,5,245,Potential products
REGENCY TEAPOT ROSES ,1,357,23033.52,1,5,5,155,Inactive product or newly launched
REINDEER HEART DECORATION GOLD,2,78,774.43,1,4,3,143,Inactive product or newly launched
REINDEER HEART DECORATION SILVER,2,114,1241.59,1,4,4,144,Inactive product or newly launched
RELAX LARGE WOOD LETTERS,120,26,743.7,4,2,3,423,Inactive product or newly launched
RESIN BRACELET W PASTEL BEADS,96,2,14.850000000000001,4,1,1,411,Inactive product or newly launched
RESIN NECKLACE W PASTEL BEADS,16,4,45.0,3,1,1,311,Inactive product or newly launched
RETO LEAVES MAGNETIC SHOPPING LIST,78,3,52.199999999999996,4,1,1,411,Inactive product or newly launched
"RETRO ""TEA FOR ONE"" ",221,11,54.3,5,2,1,521,Inactive product or newly launched
RETRO BROWN BALL ASHTRAY ,174,5,51.25,5,1,1,511,Inactive product or newly launched
RETRO COFFEE MUGS ASSORTED,18,116,2829.28,3,4,5,345,Selling consistently
RETRO LEAVES MAGNETIC NOTEPAD,143,19,149.35,5,2,2,522,Inactive product or newly launched
RETRO LONGBOARD IRONING BOARD COVER,2,45,250.0,1,3,2,132,Inactive product or newly launched
RETRO MOD TRAY,1,110,618.13,1,4,3,143,Inactive product or newly launched
"RETRO PILL BOX , REVOLUTIONARY",12,10,34.72,3,2,1,321,Inactive product or newly launched
"RETRO PILL BOX KEY CHAIN,THE KING",1,14,43.65,1,2,1,121,Inactive product or newly launched
RETRO PINK BALL ASHTRAY ,190,13,57.5,5,2,1,521,Inactive product or newly launched
RETRO PLASTIC 70'S TRAY,1,36,146.55,1,3,2,132,Inactive product or newly launched
RETRO PLASTIC DAISY TRAY,1,32,116.59,1,3,2,132,Inactive product or newly launched
RETRO PLASTIC ELEPHANT TRAY,4,65,812.53,2,3,3,233,Potential products
RETRO PLASTIC POLKA TRAY,1,61,376.0,1,3,3,133,Inactive product or newly launched
"RETRO TIN ASHTRAY,REVOLUTIONARY",115,4,19.4,4,1,1,411,Inactive product or newly launched
RETROSPOT BABUSHKA DOORSTOP,1,48,455.87,1,3,3,133,Inactive product or newly launched
RETROSPOT CANDLE  LARGE,1,18,279.37,1,2,2,122,Inactive product or newly launched
RETROSPOT CANDLE  MEDIUM,1,33,357.62,1,3,3,133,Inactive product or newly launched
RETROSPOT CANDLE  SMALL,1,25,311.84000000000003,1,2,2,122,Inactive product or newly launched
RETROSPOT CHILDRENS APRON,2,293,5585.92,1,5,5,155,Inactive product or newly launched
RETROSPOT CIGAR BOX MATCHES ,1,217,2135.32,1,5,4,154,Inactive product or newly launched
RETROSPOT GIANT TUBE MATCHES,2,135,3442.5,1,4,5,145,Inactive product or newly launched
RETROSPOT HEART HOT WATER BOTTLE,1,541,15827.18,1,5,5,155,Inactive product or newly launched
RETROSPOT LAMP,45,131,2922.85,4,4,5,445,MVP
RETROSPOT LARGE MILK JUG,1,311,6217.650000000001,1,5,5,155,Inactive product or newly launched
RETROSPOT PADDED SEAT CUSHION,17,65,2502.82,3,3,4,334,Potential products
RETROSPOT PARTY BAG + STICKER SET,3,270,6745.929999999999,2,5,5,255,Potential products
RETROSPOT RED WASHING UP GLOVES,19,242,2668.38,3,5,4,354,Selling consistently
RETROSPOT SMALL TUBE MATCHES,3,154,1743.35,2,4,4,244,Potential products
RETROSPOT TEA SET CERAMIC 11 PC ,1,825,20426.23,1,5,5,155,Inactive product or newly launched
RETROSPOT WOODEN HEART DECORATION,2,169,1552.2199999999998,1,5,4,154,Inactive product or newly launched
REVOLVER WOODEN RULER ,1,293,8944.439999999999,1,5,5,155,Inactive product or newly launched
REX CASH+CARRY JUMBO SHOPPER,1,897,1740.3999999999999,1,5,4,154,Inactive product or newly launched
RIBBON REEL CHRISTMAS PRESENT ,2,189,2073.74,1,5,4,154,Inactive product or newly launched
RIBBON REEL CHRISTMAS SOCK BAUBLE,2,207,2676.39,1,5,4,154,Inactive product or newly launched
RIBBON REEL FLORA + FAUNA ,1,90,978.37,1,4,4,144,Inactive product or newly launched
RIBBON REEL HEARTS DESIGN ,2,228,2808.89,1,5,5,155,Inactive product or newly launched
RIBBON REEL LACE DESIGN ,1,148,2584.8,1,4,4,144,Inactive product or newly launched
RIBBON REEL MAKING SNOWMEN ,1,152,1807.31,1,4,4,144,Inactive product or newly launched
RIBBON REEL POLKADOTS ,1,128,1877.55,1,4,4,144,Inactive product or newly launched
RIBBON REEL SNOWY VILLAGE,1,177,3193.03,1,5,5,155,Inactive product or newly launched
RIBBON REEL SOCKS AND MITTENS,4,88,1097.88,2,4,4,244,Potential products
RIBBON REEL STRIPES DESIGN ,2,340,4154.33,1,5,5,155,Inactive product or newly launched
RIBBONS PURSE ,2,24,228.83,1,2,2,122,Inactive product or newly launched
RIDGED BONNE JAM JAR T-LIGHT HOLDER,4,23,411.43999999999994,2,2,3,223,Inactive product or newly launched
RIDGED GLASS FINGER BOWL,83,48,427.86,4,3,3,433,Potential products
RIDGED GLASS POSY VASE ,232,17,169.64999999999998,5,2,2,522,Inactive product or newly launched
RIDGED GLASS STORAGE JAR CREAM LID,54,18,342.72,4,2,3,423,Inactive product or newly launched
RIDGED GLASS T-LIGHT HOLDER,4,33,249.60000000000002,2,3,2,232,Potential products
RING OF ROSES BIRTHDAY CARD,4,88,702.0,2,4,3,243,Potential products
RIVIERA NECKLACE,22,2,34.65,3,1,1,311,Inactive product or newly launched
ROBIN CHRISTMAS CARD,369,1,1.26,5,1,1,511,Inactive product or newly launched
ROBOT BIRTHDAY CARD,1,258,1552.96,1,5,4,154,Inactive product or newly launched
ROBOT MUG IN DISPLAY BOX,357,2,3.75,5,1,1,511,Inactive product or newly launched
ROCKING HORSE GREEN CHRISTMAS ,10,129,1039.24,3,4,4,344,Selling consistently
ROCKING HORSE RED CHRISTMAS ,1,180,1807.6,1,5,4,154,Inactive product or newly launched
ROCOCO WALL MIROR,50,1,39.9,4,1,1,411,Inactive product or newly launched
ROCOCO WALL MIRROR WHITE,1,43,1442.25,1,3,4,134,Inactive product or newly launched
ROLL WRAP 50'S CHRISTMAS,1,275,3694.02,1,5,5,155,Inactive product or newly launched
ROLL WRAP 50'S RED CHRISTMAS ,1,163,1961.01,1,5,4,154,Inactive product or newly launched
ROLL WRAP VINTAGE CHRISTMAS,1,252,3450.39,1,5,5,155,Inactive product or newly launched
ROLL WRAP VINTAGE SPOT ,1,252,3154.4,1,5,5,155,Inactive product or newly launched
ROMANTIC IMAGES GIFT WRAP SET,2,96,679.1500000000001,1,4,3,143,Inactive product or newly launched
ROMANTIC IMAGES NOTEBOOK SET,2,28,547.25,1,3,3,133,Inactive product or newly launched
ROMANTIC IMAGES SCRAP BOOK SET,240,7,45.9,5,2,1,521,Inactive product or newly launched
ROMANTIC PINKS RIBBONS ,2,210,1468.85,1,5,4,154,Inactive product or newly launched
ROSE 1 WICK MORRIS BOXED CANDLE,16,79,1013.52,3,4,4,344,Selling consistently
ROSE 3 WICK MORRIS BOX CANDLE,12,111,1592.7,3,4,4,344,Selling consistently
ROSE CARAVAN DOORSTOP,1,130,2567.61,1,4,4,144,Inactive product or newly launched
ROSE COLOUR PAIR HEART HAIR SLIDES,77,3,22.5,4,1,1,411,Inactive product or newly launched
ROSE COTTAGE KEEPSAKE BOX ,25,144,6565.0,4,4,5,445,MVP
ROSE DU SUD COSMETICS BAG,14,16,191.25,3,2,2,322,Inactive product or newly launched
ROSE DU SUD CUSHION COVER,93,6,82.55,4,1,2,412,Inactive product or newly launched
ROSE DU SUD CUSHION COVER ,100,5,74.25,4,1,2,412,Inactive product or newly launched
ROSE DU SUD DRAWSTRING BAG,48,5,55.25,4,1,1,411,Inactive product or newly launched
ROSE DU SUD OVEN GLOVE,56,28,348.25000000000006,4,3,3,433,Potential products
ROSE DU SUD WASHBAG ,32,12,142.8,4,2,2,422,Inactive product or newly launched
ROSE FLOWER CANDLE+INCENSE 16X16CM,6,2,15.0,3,1,1,311,Inactive product or newly launched
ROSE FOLKART HEART DECORATIONS,9,56,504.64,3,3,3,333,Potential products
ROSE PENDANT TRIPLE SHELL NECKLACE,145,1,14.850000000000001,5,1,1,511,Inactive product or newly launched
ROSE SCENT CANDLE IN JEWELLED BOX,9,56,1271.67,3,3,4,334,Potential products
ROSE SCENT CANDLE JEWELLED DRAWER,34,40,714.0,4,3,3,433,Potential products
ROSES REGENCY TEACUP AND SAUCER ,1,791,24827.25,1,5,5,155,Inactive product or newly launched
ROTATING LEAVES T-LIGHT HOLDER,1,129,1617.23,1,4,4,144,Inactive product or newly launched
ROTATING SILVER ANGELS T-LIGHT HLDR,1,320,17554.27,1,5,5,155,Inactive product or newly launched
ROUND ARTICULATED PINK CLOCK W/SUCK,142,3,5.32,5,1,1,511,Inactive product or newly launched
ROUND BLUE CLOCK WITH SUCKER,136,14,40.09,5,2,1,521,Inactive product or newly launched
ROUND CACTUS CANDLE,23,4,17.700000000000003,3,1,1,311,Inactive product or newly launched
ROUND CAKE TIN VINTAGE GREEN,2,200,3887.53,1,5,5,155,Inactive product or newly launched
ROUND CAKE TIN VINTAGE RED,1,250,6576.88,1,5,5,155,Inactive product or newly launched
ROUND CONTAINER SET OF 5 RETROSPOT,3,152,2181.2999999999997,2,4,4,244,Potential products
ROUND PINK HEART MIRROR,4,16,163.8,2,2,2,222,Inactive product or newly launched
ROUND PURPLE CLOCK WITH SUCKER,12,25,69.35,3,2,2,322,Inactive product or newly launched
ROUND SNACK BOXES SET OF 4 FRUITS ,1,461,17569.59,1,5,5,155,Inactive product or newly launched
ROUND SNACK BOXES SET OF 4 SKULLS,1,165,2325.9500000000003,1,5,4,154,Inactive product or newly launched
ROUND SNACK BOXES SET OF4 WOODLAND ,1,596,22101.77,1,5,5,155,Inactive product or newly launched
ROUND STORAGE TIN VINTAGE LEAF,3,96,1552.5099999999998,2,4,4,244,Potential products
ROUND WHITE CONFETTI IN TUBE,3,10,146.84999999999997,2,2,2,222,Inactive product or newly launched
RUBY DROP CHANDELIER EARRINGS,77,3,37.5,4,1,1,411,Inactive product or newly launched
RUBY GLASS CLUSTER BRACELET,31,3,47.6,4,1,1,411,Inactive product or newly launched
RUBY GLASS CLUSTER EARRINGS,61,1,1.25,4,1,1,411,Inactive product or newly launched
RUBY GLASS CLUSTER NECKLACE,37,1,15.0,4,1,1,411,Inactive product or newly launched
RUSTIC  SEVENTEEN DRAWER SIDEBOARD,22,26,5415.0,3,2,5,325,Inactive product or newly launched
RUSTIC MIRROR WITH LACE HEART,1,70,2155.51,1,4,4,144,Inactive product or newly launched
RUSTIC STRAWBERRY JAM POT LARGE ,12,33,531.84,3,3,3,333,Potential products
RUSTIC STRAWBERRY JAM POT SMALL,12,27,641.9999999999999,3,3,3,333,Potential products
RUSTIC STRAWBERRY JAMPOT LARGE ,64,6,238.56,4,1,2,412,Inactive product or newly launched
RUSTIC STRAWBERRY JAMPOT SMALL,64,3,59.39999999999999,4,1,1,411,Inactive product or newly launched
"RUSTIC WOODEN CABINET, GLASS DOORS",260,2,74.85,5,1,2,512,Inactive product or newly launched
S/12 MINI RABBIT EASTER,12,60,515.4,3,3,3,333,Potential products
S/12 VANILLA  BOTANICAL T-LIGHTS,43,38,632.7500000000001,4,3,3,433,Potential products
S/15 SILVER GLASS BAUBLES IN BAG,77,37,586.46,4,3,3,433,Potential products
S/2 BEACH HUT TREASURE CHESTS,220,2,9.95,5,1,1,511,Inactive product or newly launched
S/2 ZINC HEART DESIGN PLANTERS,39,28,388.04999999999995,4,3,3,433,Potential products
S/3 PINK SQUARE PLANTERS ROSES,275,2,21.9,5,1,1,511,Inactive product or newly launched
S/3 POT POURI CUSHIONS BLUE COLOURS,184,2,50.400000000000006,5,1,1,511,Inactive product or newly launched
S/4 BLACK MINI ROSE CANDLE IN BOWL,11,12,129.94,3,2,2,322,Inactive product or newly launched
S/4 CACTI CANDLES,1,80,1965.8700000000001,1,4,4,144,Inactive product or newly launched
S/4 GROOVY CAT MAGNETS,58,19,151.92,4,2,2,422,Inactive product or newly launched
"S/4 ICON COASTER,ELVIS LIVES",205,9,10.61,5,2,1,521,Inactive product or newly launched
S/4 IVORY MINI ROSE CANDLE IN BOWL,3,52,669.91,2,3,3,233,Potential products
S/4 PINK FLOWER CANDLES IN BOWL,3,130,1344.8899999999999,2,4,4,244,Potential products
S/4 VALENTINE DECOUPAGE HEART BOX,209,92,2025.1000000000001,5,4,4,544,MVP
S/6 SEW ON CROCHET FLOWERS,24,18,135.0,4,2,2,422,Inactive product or newly launched
S/6 WOODEN SKITTLES IN COTTON BAG,1,176,3247.16,1,5,5,155,Inactive product or newly launched
SALLE DE BAIN HOOK,130,62,653.8199999999999,4,3,3,433,Potential products
SANDALWOOD FAN,1,70,1132.3,1,4,4,144,Inactive product or newly launched
SANDWICH BATH SPONGE,207,41,698.25,5,3,3,533,Potential products
SAVE THE PLANET COTTON TOTE BAG,7,116,1235.25,3,4,4,344,Selling consistently
SAVE THE PLANET MUG,1,274,6150.13,1,5,5,155,Inactive product or newly launched
SAVOY ART DECO CLOCK,120,45,1251.25,4,3,4,434,Potential products
SCALLOP SHELL SOAP DISH,290,1,2.1,5,1,1,511,Inactive product or newly launched
SCANDINAVIAN 3 HEARTS NAPKIN RING,39,65,376.50000000000006,4,3,3,433,Potential products
SCANDINAVIAN PAISLEY PICNIC BAG,2,323,4357.06,1,5,5,155,Inactive product or newly launched
SCANDINAVIAN REDS RIBBONS,1,341,3492.2,1,5,5,155,Inactive product or newly launched
SCENTED CANDLE IN DIGITALIS TIN,60,10,109.20000000000002,4,2,2,422,Inactive product or newly launched
SCENTED VELVET LOUNGE CANDLE ,4,54,755.13,2,3,3,233,Potential products
SCHOOL DESK AND CHAIR ,44,13,1199.75,4,2,4,424,Inactive product or newly launched
SCOTTIE DOG HOT WATER BOTTLE,1,661,20049.9,1,5,5,155,Inactive product or newly launched
SCOTTIE DOGS BABY BIB,2,96,676.39,1,4,3,143,Inactive product or newly launched
SCOTTIES CHILDRENS APRON,320,10,62.699999999999996,5,2,1,521,Inactive product or newly launched
SCOTTIES DESIGN WASHBAG,32,30,177.45,4,3,2,432,Potential products
SEASIDE FLYING DISC,4,39,472.77,2,3,3,233,Potential products
SET 10 CARDS HANGING BAUBLES 17080,79,1,2.99,4,1,1,411,Inactive product or newly launched
SET 10 LIGHTS NIGHT OWL,211,78,2593.65,5,4,4,544,MVP
SET 10 NIGHT OWL LIGHTS,1,103,2510.34,1,4,4,144,Inactive product or newly launched
SET 12 COLOUR PENCILS DOILEY,49,3,31.200000000000003,4,1,1,411,Inactive product or newly launched
SET 12 COLOUR PENCILS DOLLY GIRL ,1,182,1396.4,1,5,4,154,Inactive product or newly launched
SET 12 COLOUR PENCILS LOVE LONDON,2,131,991.45,1,4,4,144,Inactive product or newly launched
SET 12 COLOUR PENCILS SPACEBOY ,1,234,1803.3000000000002,1,5,4,154,Inactive product or newly launched
SET 12 COLOURING PENCILS DOILEY,65,1,0.65,4,1,1,411,Inactive product or newly launched
SET 12 COLOURING PENCILS DOILY,1,140,1177.1000000000001,1,4,4,144,Inactive product or newly launched
SET 12 KIDS  WHITE CHALK STICKS,1,186,1651.14,1,5,4,154,Inactive product or newly launched
SET 12 KIDS COLOUR  CHALK STICKS,1,285,2814.2799999999997,1,5,5,155,Inactive product or newly launched
SET 12 LAVENDER  BOTANICAL T-LIGHTS,101,74,2069.2,4,4,4,444,MVP
SET 12 RETRO WHITE CHALK STICKS,1,254,1771.12,1,5,4,154,Inactive product or newly launched
SET 12 VINTAGE DOILY CHALK ,2,96,522.48,1,4,3,143,Inactive product or newly launched
SET 2 PANTRY DESIGN TEA TOWELS,1,317,8310.17,1,5,5,155,Inactive product or newly launched
SET 2 TEA TOWELS I LOVE LONDON ,1,181,5839.75,1,5,5,155,Inactive product or newly launched
SET 20 NAPKINS FAIRY CAKES DESIGN ,2,290,2141.43,1,5,4,154,Inactive product or newly launched
SET 3 PAPER VINTAGE CHICK PAPER EGG,71,198,4872.3,4,5,5,455,MVP
"SET 3 RETROSPOT TEA,COFFEE,SUGAR",1,245,8330.12,1,5,5,155,Inactive product or newly launched
SET 3 SONG BIRD PAPER EGGS ASSORTED,2,131,3224.65,1,4,5,145,Inactive product or newly launched
SET 3 WICKER OVAL BASKETS W LIDS,179,32,5922.12,5,3,5,535,Potential products
SET 3 WICKER STORAGE BASKETS ,3,74,3399.95,2,4,5,245,Potential products
SET 36 COLOUR PENCILS DOILEY,68,3,80.0,4,1,2,412,Inactive product or newly launched
SET 36 COLOUR PENCILS DOLLY GIRL,2,103,1520.22,1,4,4,144,Inactive product or newly launched
SET 36 COLOUR PENCILS LOVE LONDON,2,98,1053.29,1,4,4,144,Inactive product or newly launched
SET 36 COLOUR PENCILS SPACEBOY ,1,134,1775.22,1,4,4,144,Inactive product or newly launched
SET 36 COLOURING PENCILS DOILEY,65,1,1.25,4,1,1,411,Inactive product or newly launched
SET 36 COLOURING PENCILS DOILY,1,104,1562.6100000000001,1,4,4,144,Inactive product or newly launched
SET 4 NURSERY DES ROUND BOXES,226,9,57.25,5,2,1,521,Inactive product or newly launched
SET 4 PICNIC CUTLERY BLUEBERRY,4,9,159.9,2,2,2,222,Inactive product or newly launched
SET 4 PICNIC CUTLERY CHERRY ,4,9,138.45,2,2,2,222,Inactive product or newly launched
SET 4 PICNIC CUTLERY FONDANT,5,6,126.75,3,1,2,312,Inactive product or newly launched
SET 4 VALENTINE DECOUPAGE HEART BOX,4,45,441.53000000000003,2,3,3,233,Potential products
SET 40 HEART SHAPE PETIT FOUR CASES,17,142,6677.0,3,4,5,345,Selling consistently
SET 6 FOOTBALL CELEBRATION CANDLES,7,68,743.75,3,3,3,333,Potential products
SET 6 PAPER TABLE LANTERN HEARTS ,1,269,8110.68,1,5,5,155,Inactive product or newly launched
SET 6 PAPER TABLE LANTERN STARS ,1,212,6735.88,1,5,5,155,Inactive product or newly launched
SET 6 SCHOOL MILK BOTTLES IN CRATE,1,285,7495.29,1,5,5,155,Inactive product or newly launched
SET 7 BABUSHKA NESTING BOXES,1,299,12639.79,1,5,5,155,Inactive product or newly launched
SET 8 CANDLES VINTAGE DOILEY,64,7,216.29999999999998,4,2,2,422,Inactive product or newly launched
SET 8 CANDLES VINTAGE DOILY,2,102,1932.0,1,4,4,144,Inactive product or newly launched
SET OF 10 LANTERNS FAIRY LIGHT STAR,4,88,2248.1400000000003,2,4,4,244,Potential products
SET OF 10 LED DOLLY LIGHTS,1,352,12972.73,1,5,5,155,Inactive product or newly launched
SET OF 12  VINTAGE POSTCARD SET,1,113,1590.1200000000001,1,4,4,144,Inactive product or newly launched
SET OF 12 FAIRY CAKE BAKING CASES,1,467,6457.0,1,5,5,155,Inactive product or newly launched
SET OF 12 FORK CANDLES,1,114,3319.35,1,4,5,145,Inactive product or newly launched
SET OF 12 MINI BUNNIES IN A BUCKET,133,18,67.2,5,2,1,521,Inactive product or newly launched
SET OF 12 MINI LOAF BAKING CASES,1,365,4670.63,1,5,5,155,Inactive product or newly launched
SET OF 12 ROSE BOTANICAL T-LIGHTS,193,7,141.60000000000002,5,2,2,522,Inactive product or newly launched
SET OF 12 T-LIGHTS VINTAGE DOILEY,64,6,118.94999999999999,4,1,2,412,Inactive product or newly launched
SET OF 12 T-LIGHTS VINTAGE DOILY,1,70,1715.85,1,4,4,144,Inactive product or newly launched
SET OF 16 VINTAGE BLACK CUTLERY,2,22,1035.06,1,2,4,124,Inactive product or newly launched
SET OF 16 VINTAGE IVORY CUTLERY,248,2,25.5,5,1,1,511,Inactive product or newly launched
SET OF 16 VINTAGE PISTACHIO CUTLERY,17,48,1198.5,3,3,4,334,Potential products
SET OF 16 VINTAGE RED CUTLERY,3,31,814.92,2,3,3,233,Potential products
SET OF 16 VINTAGE ROSE CUTLERY,5,49,1787.85,3,3,4,334,Potential products
SET OF 16 VINTAGE SKY BLUE CUTLERY,27,30,951.3,4,3,4,434,Potential products
SET OF 2 CERAMIC CHRISTMAS REINDEER,20,79,1980.1799999999998,3,4,4,344,Selling consistently
SET OF 2 CERAMIC CHRISTMAS TREES,1,77,1065.3999999999999,1,4,4,144,Inactive product or newly launched
SET OF 2 CERAMIC PAINTED HEARTS ,1,122,1612.85,1,4,4,144,Inactive product or newly launched
SET OF 2 CHRISTMAS DECOUPAGE CANDLE,16,96,961.4,3,4,4,344,Selling consistently
SET OF 2 ROUND TINS CAMEMBERT ,1,65,512.23,1,3,3,133,Inactive product or newly launched
SET OF 2 ROUND TINS DUTCH CHEESE,1,69,474.14000000000004,1,4,3,143,Inactive product or newly launched
SET OF 2 TEA TOWELS APPLE AND PEARS,2,240,5839.59,1,5,5,155,Inactive product or newly launched
SET OF 2 TEA TOWELS PING MICROWAVE,1,23,127.42,1,2,2,122,Inactive product or newly launched
SET OF 2 TINS JARDIN DE PROVENCE,1,85,826.5500000000001,1,4,3,143,Inactive product or newly launched
SET OF 2 TINS VINTAGE BATHROOM ,4,59,752.25,2,3,3,233,Potential products
SET OF 2 TRAYS HOME SWEET HOME,1,119,2426.72,1,4,4,144,Inactive product or newly launched
SET OF 2 WOODEN MARKET CRATES,1,165,5652.9,1,5,5,155,Inactive product or newly launched
SET OF 20 KIDS COOKIE CUTTERS,2,419,8676.27,1,5,5,155,Inactive product or newly launched
SET OF 20 VINTAGE CHRISTMAS NAPKINS,1,502,6520.91,1,5,5,155,Inactive product or newly launched
SET OF 3 BABUSHKA STACKING TINS,301,9,1321.6499999999999,5,2,4,524,Inactive product or newly launched
SET OF 3 BIRD LIGHT PINK FEATHER ,1,145,690.0,1,4,3,143,Inactive product or newly launched
SET OF 3 BLACK FLYING DUCKS,1,48,2251.15,1,3,4,134,Inactive product or newly launched
SET OF 3 BUTTERFLY COOKIE CUTTERS,1,503,6711.0,1,5,5,155,Inactive product or newly launched
SET OF 3 CAKE TINS PANTRY DESIGN ,1,1152,33298.3,1,5,5,155,Inactive product or newly launched
SET OF 3 CAKE TINS SKETCHBOOK,1,247,3942.82,1,5,5,155,Inactive product or newly launched
SET OF 3 COLOURED  FLYING DUCKS,277,38,1882.65,5,3,4,534,Potential products
SET OF 3 CONEY ISLAND OVAL BOXES,243,7,55.95,5,2,1,521,Inactive product or newly launched
SET OF 3 GOLD FLYING DUCKS,2,20,448.3,1,2,3,123,Inactive product or newly launched
SET OF 3 HANGING OWLS OLLIE BEAK,1,278,4291.17,1,5,5,155,Inactive product or newly launched
SET OF 3 HEART COOKIE CUTTERS,1,528,7719.34,1,5,5,155,Inactive product or newly launched
SET OF 3 MINI HANGING PORTRAITS,24,2,123.2,4,1,2,412,Inactive product or newly launched
SET OF 3 NOTEBOOKS IN PARCEL,10,327,8267.25,3,5,5,355,Selling consistently
SET OF 3 PANTRY WOODEN SPOONS,3,24,240.0,2,2,2,222,Inactive product or newly launched
SET OF 3 PINK FLYING DUCKS,364,1,5.45,5,1,1,511,Inactive product or newly launched
SET OF 3 REGENCY CAKE TINS,1,721,26566.280000000002,1,5,5,155,Inactive product or newly launched
SET OF 3 WOODEN HEART DECORATIONS,1,418,4791.58,1,5,5,155,Inactive product or newly launched
SET OF 3 WOODEN SLEIGH DECORATIONS,1,264,2396.7,1,5,4,154,Inactive product or newly launched
SET OF 3 WOODEN STOCKING DECORATION,1,292,2529.64,1,5,4,154,Inactive product or newly launched
SET OF 3 WOODEN TREE DECORATIONS,1,258,2153.71,1,5,4,154,Inactive product or newly launched
SET OF 36 DINOSAUR PAPER DOILIES,10,39,423.4,3,3,3,333,Potential products
SET OF 36 DOILIES PANTRY DESIGN,33,196,3761.9199999999996,4,5,5,455,MVP
SET OF 36 DOILIES SPACEBOY DESIGN ,46,56,1102.3999999999999,4,3,4,434,Potential products
SET OF 36 DOLLY GIRL PAPER DOILIES,11,12,60.9,3,2,1,321,Inactive product or newly launched
SET OF 36 MUSHROOM PAPER DOILIES,12,30,230.54999999999998,3,3,2,332,Potential products
SET OF 36 PAISLEY FLOWER DOILIES,2,229,2942.5099999999998,1,5,5,155,Inactive product or newly launched
SET OF 36 PANTRY PAPER DOILIES,6,15,58.019999999999996,3,2,1,321,Inactive product or newly launched
SET OF 36 SPACEBOY PAPER DOILIES,6,7,72.5,3,2,2,322,Inactive product or newly launched
SET OF 36 TEATIME PAPER DOILIES,4,240,4075.7799999999997,2,5,5,255,Potential products
SET OF 36 VINTAGE CHRISTMAS DOILIES,43,6,39.15,4,1,1,411,Inactive product or newly launched
SET OF 4 BLACK LOVEBIRD COASTERS,2,32,318.44,1,3,2,132,Inactive product or newly launched
SET OF 4 CAROUSEL PLACEMATS ,2,8,101.06,1,2,2,122,Inactive product or newly launched
SET OF 4 DIAMOND NAPKIN RINGS,3,22,1146.97,2,2,4,224,Inactive product or newly launched
SET OF 4 ENGLISH ROSE COASTERS,1,146,1289.34,1,4,4,144,Inactive product or newly launched
SET OF 4 ENGLISH ROSE PLACEMATS,4,139,2194.64,2,4,4,244,Potential products
SET OF 4 FAIRY CAKE PLACEMATS,1,49,585.0,1,3,3,133,Inactive product or newly launched
SET OF 4 FAIRY CAKE PLACEMATS ,1,46,856.25,1,3,3,133,Inactive product or newly launched
SET OF 4 GREEN CAROUSEL COASTERS,4,9,26.05,2,2,1,221,Inactive product or newly launched
SET OF 4 JAM JAR MAGNETS,2,219,4922.01,1,5,5,155,Inactive product or newly launched
SET OF 4 KNICK KNACK TINS  DOILEY ,122,1,24.900000000000002,4,1,1,411,Inactive product or newly launched
SET OF 4 KNICK KNACK TINS DOILEY ,64,175,7132.700000000001,4,5,5,455,MVP
SET OF 4 KNICK KNACK TINS DOILY ,1,318,9237.300000000001,1,5,5,155,Inactive product or newly launched
SET OF 4 KNICK KNACK TINS LEAF,1,116,2970.8500000000004,1,4,5,145,Inactive product or newly launched
SET OF 4 KNICK KNACK TINS LEAVES ,71,53,1237.2,4,3,4,434,Potential products
SET OF 4 KNICK KNACK TINS LONDON ,1,237,7116.650000000001,1,5,5,155,Inactive product or newly launched
SET OF 4 KNICK KNACK TINS POPPIES,1,158,3142.4,1,5,5,155,Inactive product or newly launched
SET OF 4 NAPKIN CHARMS 3 KEYS ,4,41,341.66999999999996,2,3,3,233,Potential products
SET OF 4 NAPKIN CHARMS CROWNS ,1,38,394.41999999999996,1,3,3,133,Inactive product or newly launched
SET OF 4 NAPKIN CHARMS CUTLERY,2,112,2642.86,1,4,4,144,Inactive product or newly launched
SET OF 4 NAPKIN CHARMS HEARTS,3,130,1730.82,2,4,4,244,Potential products
SET OF 4 NAPKIN CHARMS INSTRUMENT,2,24,225.92,1,2,2,122,Inactive product or newly launched
SET OF 4 NAPKIN CHARMS LEAVES   ,1,30,331.28999999999996,1,3,2,132,Inactive product or newly launched
SET OF 4 NAPKIN CHARMS STARS   ,1,45,516.8,1,3,3,133,Inactive product or newly launched
SET OF 4 PANTRY JELLY MOULDS,1,881,14151.42,1,5,5,155,Inactive product or newly launched
SET OF 4 PISTACHIO LOVEBIRD COASTER,4,33,314.27,2,3,2,232,Potential products
SET OF 4 POLKADOT COASTERS,8,32,122.42,3,3,2,332,Potential products
SET OF 4 POLKADOT PLACEMATS ,15,23,269.55,3,2,2,322,Inactive product or newly launched
SET OF 4 ROSE BOTANICAL CANDLES,1,126,1188.75,1,4,4,144,Inactive product or newly launched
SET OF 4 SANTA PLACE SETTINGS,1,94,1427.34,1,4,4,144,Inactive product or newly launched
SET OF 5 LUCKY CAT MAGNETS ,1,187,5117.32,1,5,5,155,Inactive product or newly launched
SET OF 5 MINI GROCERY MAGNETS,1,186,3297.2200000000003,1,5,5,155,Inactive product or newly launched
SET OF 5 PANCAKE DAY MAGNETS,11,196,4562.7300000000005,3,5,5,355,Selling consistently
SET OF 6 3D KIT CARDS FOR KIDS,4,151,1097.73,2,4,4,244,Potential products
SET OF 6 CAKE CHOPSTICKS,4,55,541.82,2,3,3,233,Potential products
SET OF 6 EASTER RAINBOW CHICKS,24,1,15.0,4,1,1,411,Inactive product or newly launched
SET OF 6 FUNKY BEAKERS,4,52,854.0400000000001,2,3,3,233,Potential products
SET OF 6 GIRLS CELEBRATION CANDLES,8,68,604.19,3,3,3,333,Potential products
SET OF 6 HALLOWEEN GHOST T-LIGHTS,18,37,262.08,3,3,2,332,Potential products
SET OF 6 HEART CHOPSTICKS,3,86,741.48,2,4,3,243,Potential products
SET OF 6 HERB TINS SKETCHBOOK,1,238,3686.1400000000003,1,5,5,155,Inactive product or newly launched
SET OF 6 ICE CREAM SKITTLES,240,3,47.2,5,1,1,511,Inactive product or newly launched
SET OF 6 KASHMIR FOLKART BAUBLES,35,72,1014.7499999999999,4,4,4,444,MVP
SET OF 6 NATIVITY MAGNETS ,11,152,5031.55,3,4,5,345,Selling consistently
SET OF 6 RIBBONS COUNTRY STYLE,2,20,447.07,1,2,3,123,Inactive product or newly launched
SET OF 6 RIBBONS PARTY,1,13,458.63,1,2,3,123,Inactive product or newly launched
SET OF 6 RIBBONS PERFECTLY PRETTY  ,1,37,678.27,1,3,3,133,Inactive product or newly launched
SET OF 6 RIBBONS VINTAGE CHRISTMAS,1,339,8040.27,1,5,5,155,Inactive product or newly launched
SET OF 6 SNACK LOAF BAKING CASES,2,295,3336.94,1,5,5,155,Inactive product or newly launched
SET OF 6 SOLDIER SKITTLES,1,343,8571.25,1,5,5,155,Inactive product or newly launched
SET OF 6 SPICE TINS PANTRY DESIGN,1,663,20482.600000000002,1,5,5,155,Inactive product or newly launched
SET OF 6 STRAWBERRY CHOPSTICKS,4,59,725.49,2,3,3,233,Potential products
SET OF 6 T-LIGHTS CACTI ,1,56,1987.9299999999998,1,3,4,134,Inactive product or newly launched
SET OF 6 T-LIGHTS EASTER CHICKS,1,54,899.8000000000002,1,3,3,133,Inactive product or newly launched
SET OF 6 T-LIGHTS SANTA,1,175,3476.36,1,5,5,155,Inactive product or newly launched
SET OF 6 T-LIGHTS SNOWMEN,4,138,2768.48,2,4,5,245,Potential products
SET OF 6 T-LIGHTS TOADSTOOLS,1,109,1786.1900000000003,1,4,4,144,Inactive product or newly launched
SET OF 6 T-LIGHTS WEDDING CAKE ,2,28,595.6500000000001,1,3,3,133,Inactive product or newly launched
SET OF 6 TEA TIME BAKING CASES,1,323,5684.650000000001,1,5,5,155,Inactive product or newly launched
SET OF 6 VINTAGE NOTELETS KIT,193,25,459.0,5,2,3,523,Inactive product or newly launched
SET OF 60 I LOVE LONDON CAKE CASES ,1,307,3697.7000000000003,1,5,5,155,Inactive product or newly launched
SET OF 60 PANTRY DESIGN CAKE CASES ,1,516,5974.39,1,5,5,155,Inactive product or newly launched
SET OF 60 VINTAGE LEAF CAKE CASES ,1,312,3091.61,1,5,5,155,Inactive product or newly launched
SET OF 72 GREEN PAPER DOILIES,283,19,59.449999999999996,5,2,1,521,Inactive product or newly launched
SET OF 72 PINK HEART PAPER DOILIES,4,308,5565.23,2,5,5,255,Potential products
SET OF 72 RETROSPOT PAPER  DOILIES,1,365,7943.0199999999995,1,5,5,155,Inactive product or newly launched
SET OF 72 SKULL PAPER  DOILIES,11,67,1143.35,3,3,4,334,Potential products
SET OF 9 BLACK SKULL BALLOONS,2,175,2261.65,1,5,4,154,Inactive product or newly launched
SET OF 9 HEART SHAPED BALLOONS,2,215,3245.79,1,5,5,155,Inactive product or newly launched
SET OF PICTURE FRAME  STICKERS,1,16,189.59000000000003,1,2,2,122,Inactive product or newly launched
SET OF SALT AND PEPPER TOADSTOOLS,18,196,3000.35,3,5,5,355,Selling consistently
SET OF SKULL WALL STICKERS,22,17,257.0,3,2,2,322,Inactive product or newly launched
SET OF TEA COFFEE SUGAR TINS PANTRY,1,386,22109.08,1,5,5,155,Inactive product or newly launched
SET/10 BLUE POLKADOT PARTY CANDLES,1,228,4793.34,1,5,5,155,Inactive product or newly launched
SET/10 IVORY POLKADOT PARTY CANDLES,1,100,1213.31,1,4,4,144,Inactive product or newly launched
SET/10 PINK POLKADOT PARTY CANDLES,1,310,6346.08,1,5,5,155,Inactive product or newly launched
SET/10 RED POLKADOT PARTY CANDLES,1,340,7794.18,1,5,5,155,Inactive product or newly launched
SET/12 FUNKY FELT FLOWER PEG IN BAG,11,24,296.64000000000004,3,2,2,322,Inactive product or newly launched
SET/12 TAPER CANDLES,1,43,364.95,1,3,3,133,Inactive product or newly launched
SET/2 RED RETROSPOT TEA TOWELS ,2,221,6807.01,1,5,5,155,Inactive product or newly launched
SET/20 RED RETROSPOT PAPER NAPKINS ,1,746,9649.99,1,5,5,155,Inactive product or newly launched
SET/20 STRAWBERRY PAPER NAPKINS ,59,202,1972.73,4,5,4,454,MVP
SET/3 CHRISTMAS DECOUPAGE CANDLES,53,31,841.56,4,3,3,433,Potential products
SET/3 DECOUPAGE STACKING TINS,2,53,827.7,1,3,3,133,Inactive product or newly launched
SET/3 FLORAL GARDEN TOOLS IN BAG,372,1,7.95,5,1,1,511,Inactive product or newly launched
SET/3 OCEAN SCENT CANDLE JEWEL BOX,16,80,1435.0,3,4,4,344,Selling consistently
SET/3 POLKADOT STACKING TINS,186,25,349.5,5,2,3,523,Inactive product or newly launched
SET/3 POT PLANT CANDLES,35,20,294.3,4,2,2,422,Inactive product or newly launched
SET/3 RABBITS FLOWER SKIPPPING ROPE,30,22,101.14999999999999,4,2,2,422,Inactive product or newly launched
SET/3 RED GINGHAM ROSE STORAGE BOX,1,321,9401.82,1,5,5,155,Inactive product or newly launched
SET/3 ROSE CANDLE IN JEWELLED BOX,16,67,1402.03,3,3,4,334,Potential products
SET/3 TALL GLASS CANDLE HOLDER PINK,366,1,12.75,5,1,1,511,Inactive product or newly launched
SET/3 VANILLA SCENTED CANDLE IN BOX,16,112,2727.97,3,4,5,345,Selling consistently
SET/4 BADGES BALLOON GIRL,3,43,408.59,2,3,3,233,Potential products
SET/4 BADGES BEETLES,1,36,252.18,1,3,2,132,Inactive product or newly launched
SET/4 BADGES CUTE CREATURES,3,24,262.14,2,2,2,222,Inactive product or newly launched
SET/4 BADGES DOGS,1,41,299.56,1,3,2,132,Inactive product or newly launched
SET/4 BIRD MIRROR MAGNETS ,5,45,158.23,3,3,2,332,Potential products
SET/4 BLUE FLOWER CANDLES IN BOWL,243,35,222.74999999999997,5,3,2,532,Potential products
SET/4 BUTTERFLY MIRROR MAGNETS,150,13,39.199999999999996,5,2,1,521,Inactive product or newly launched
SET/4 COLOURFUL MIXING BOWLS,7,29,522.16,3,3,3,333,Potential products
SET/4 DAISY MIRROR MAGNETS,5,36,166.27999999999997,3,3,2,332,Potential products
SET/4 GARDEN ROSE DINNER CANDLE,310,3,11.549999999999999,5,1,1,511,Inactive product or newly launched
SET/4 MODERN VINTAGE COTTON NAPKINS,219,23,86.75,5,2,2,522,Inactive product or newly launched
SET/4 RED MINI ROSE CANDLE IN BOWL,2,40,583.2499999999999,1,3,3,133,Inactive product or newly launched
SET/4 SKULL BADGES,1,83,913.7,1,4,3,143,Inactive product or newly launched
SET/4 SPRING FLOWER DECORATION,9,94,1151.8,3,4,4,344,Selling consistently
SET/4 WHITE RETRO STORAGE CUBES ,6,106,13007.150000000001,3,4,5,345,Selling consistently
SET/5 RED RETROSPOT LID GLASS BOWLS,1,773,16537.13,1,5,5,155,Inactive product or newly launched
SET/5 RED SPOTTY LID GLASS BOWLS,329,1,734.4,5,1,3,513,Inactive product or newly launched
SET/6 BEAD COASTERS GAUZE BAG GOLD,170,15,230.39999999999998,5,2,2,522,Inactive product or newly launched
SET/6 BLACK BIRD T-LIGHT CANDLES,10,23,195.9,3,2,2,322,Inactive product or newly launched
SET/6 COLLAGE PAPER CUPS,3,106,463.85,2,4,3,243,Potential products
SET/6 COLLAGE PAPER PLATES,3,117,704.26,2,4,3,243,Potential products
SET/6 EAU DE NIL BIRD T-LIGHTS,10,29,366.23,3,3,3,333,Potential products
SET/6 FROG PRINCE T-LIGHT CANDLES,1,50,628.4699999999999,1,3,3,133,Inactive product or newly launched
SET/6 FRUIT SALAD  PAPER PLATES,20,70,479.25,3,4,3,343,Selling consistently
SET/6 FRUIT SALAD PAPER CUPS,2,74,345.42,1,4,3,143,Inactive product or newly launched
SET/6 GREEN SPRING PAPER CUPS,114,24,45.730000000000004,4,2,1,421,Inactive product or newly launched
SET/6 IVORY BIRD T-LIGHT CANDLES,367,1,2.1,5,1,1,511,Inactive product or newly launched
SET/6 PINK  BUTTERFLY T-LIGHTS,2,157,3856.04,1,5,5,155,Inactive product or newly launched
SET/6 PINK BIRD T-LIGHT CANDLES,4,51,497.21000000000004,2,3,3,233,Potential products
SET/6 POSIES PAPER CUPS,234,10,62.120000000000005,5,2,1,521,Inactive product or newly launched
SET/6 POSIES PAPER PLATES,176,9,80.75,5,2,2,522,Inactive product or newly launched
SET/6 PURPLE BUTTERFLY T-LIGHTS,1,93,1314.78,1,4,4,144,Inactive product or newly launched
SET/6 RED SPOTTY PAPER CUPS,3,292,3999.09,2,5,5,255,Potential products
SET/6 RED SPOTTY PAPER PLATES,3,328,5496.53,2,5,5,255,Potential products
SET/6 TURQUOISE BUTTERFLY T-LIGHTS,2,136,2384.76,1,4,4,144,Inactive product or newly launched
SET/9 CHRISTMAS T-LIGHTS SCENTED ,369,7,30.0,5,2,1,521,Inactive product or newly launched
SET3 BOOK BOX GREEN GINGHAM FLOWER ,3,182,4259.3,2,5,5,255,Potential products
SEWING BOX RETROSPOT DESIGN ,1,80,1923.85,1,4,4,144,Inactive product or newly launched
SEWING SUSAN 21 NEEDLE SET,1,75,542.24,1,4,3,143,Inactive product or newly launched
SHELF WITH 4 HOOKS HOME SWEET HOME,2,96,2247.36,1,4,4,144,Inactive product or newly launched
SHOE SHINE BOX ,99,38,507.44999999999993,4,3,3,433,Potential products
"SILICON CUBE 25W, BLUE",11,2,4.62,3,1,1,311,Inactive product or newly launched
SILICON STAR BULB  BLUE,4,8,7.56,2,2,1,221,Inactive product or newly launched
SILK PURSE BABUSHKA BLUE,11,53,610.6500000000001,3,3,3,333,Potential products
SILK PURSE BABUSHKA PINK,16,88,1214.3300000000002,3,4,4,344,Selling consistently
SILK PURSE BABUSHKA RED,211,38,654.1500000000001,5,3,3,533,Potential products
SILVER  CANDLEPOT JARDIN ,313,8,82.5,5,2,2,522,Inactive product or newly launched
SILVER 2 STRAND NECKLACE-LEAF CHARM,21,2,15.0,3,1,1,311,Inactive product or newly launched
SILVER AND BLACK ORBIT NECKLACE,12,1,2.95,3,1,1,311,Inactive product or newly launched
SILVER APERITIF GLASS,206,8,128.4,5,2,2,522,Inactive product or newly launched
SILVER BELLS TABLE DECORATION,1,219,2562.1,1,5,4,154,Inactive product or newly launched
SILVER BLACK ORBIT BRACELET,12,3,19.8,3,1,1,311,Inactive product or newly launched
SILVER BLACK ORBIT DROP EARRINGS,77,3,25.5,4,1,1,411,Inactive product or newly launched
SILVER BOOK MARK WITH BEADS,163,1,8.5,5,1,1,511,Inactive product or newly launched
SILVER BRACELET W PASTEL FLOWER,75,7,135.0,4,2,2,422,Inactive product or newly launched
SILVER CHRISTMAS TREE BAUBLE STAND ,79,22,543.35,4,2,3,423,Inactive product or newly launched
SILVER DIAMANTE PEN IN GIFT BOX,5,24,250.84000000000003,3,2,2,322,Inactive product or newly launched
SILVER DISCO HANDBAG,15,31,248.20999999999998,3,3,2,332,Potential products
SILVER DROP EARRINGS WITH FLOWER,190,3,26.25,5,1,1,511,Inactive product or newly launched
SILVER FABRIC MIRROR,1,31,159.26000000000002,1,3,2,132,Inactive product or newly launched
SILVER FISHING GNOME ,11,20,332.3,3,2,2,322,Inactive product or newly launched
SILVER FLOWR PINK SHELL NECKLACE,70,3,335.28000000000003,4,1,3,413,Inactive product or newly launched
SILVER GLASS T-LIGHT SET,4,14,502.47999999999996,2,2,3,223,Inactive product or newly launched
SILVER GLITTER FLOWER VOTIVE HOLDER,1,52,416.07,1,3,3,133,Inactive product or newly launched
SILVER HANGING T-LIGHT HOLDER,1,252,7173.449999999999,1,5,5,155,Inactive product or newly launched
SILVER HEARTS TABLE DECORATION,5,141,995.3299999999999,3,4,4,344,Selling consistently
SILVER HOOP EARRINGS WITH FLOWER,11,11,124.95,3,2,2,322,Inactive product or newly launched
SILVER JEWELLED MIRROR TRINKET TRAY,1,25,440.73999999999995,1,2,3,123,Inactive product or newly launched
SILVER LARIAT 40CM,37,7,113.9,4,2,2,422,Inactive product or newly launched
SILVER LARIAT BLACK STONE EARRINGS,51,6,51.0,4,1,1,411,Inactive product or newly launched
SILVER LATTICE VANILLA CANDLE POT,288,8,63.75,5,2,1,521,Inactive product or newly launched
SILVER LOOKING MIRROR,283,2,24.75,5,1,1,511,Inactive product or newly launched
SILVER M.O.P ORBIT BRACELET,22,9,89.10000000000001,3,2,2,322,Inactive product or newly launched
SILVER M.O.P ORBIT DROP EARRINGS,32,9,72.25,4,2,2,422,Inactive product or newly launched
SILVER M.O.P. ORBIT NECKLACE,31,3,23.6,4,1,1,411,Inactive product or newly launched
SILVER MUG BONE CHINA TREE OF LIFE,4,101,1290.5700000000002,2,4,4,244,Potential products
SILVER OVAL SHAPE TRINKET BOX,6,7,139.29999999999998,3,2,2,322,Inactive product or newly launched
SILVER PHOTO FRAME,68,20,157.5,4,2,2,422,Inactive product or newly launched
SILVER PLATE CANDLE BOWL SMALL,10,39,932.2000000000002,3,3,3,333,Potential products
SILVER RECORD COVER FRAME,3,19,955.86,2,2,4,224,Inactive product or newly launched
SILVER ROCCOCO CHANDELIER,18,6,329.45,3,1,2,312,Inactive product or newly launched
SILVER ROCOCO CANDLE STICK,36,14,340.7,4,2,3,423,Inactive product or newly launched
SILVER STANDING GNOME   ,1,16,142.75,1,2,2,122,Inactive product or newly launched
SILVER STARS TABLE DECORATION,2,191,1569.62,1,5,4,154,Inactive product or newly launched
SILVER T-LIGHT SETTING,144,6,545.45,5,1,3,513,Inactive product or newly launched
SILVER TEDDY BEAR,10,16,183.71,3,2,2,322,Inactive product or newly launched
SILVER VANILLA  FLOWER CANDLE POT,4,23,345.0,2,2,3,223,Inactive product or newly launched
SILVER/AMETHYST DROP EARRINGS LEAF,11,4,14.75,3,1,1,311,Inactive product or newly launched
SILVER/BLACK ORBIT NECKLACE,113,2,29.849999999999998,4,1,1,411,Inactive product or newly launched
SILVER/CRYSTAL DROP EARRINGS W LEAF,179,1,17.700000000000003,5,1,1,511,Inactive product or newly launched
SILVER/M.O.P PENDANT ORBIT NECKLACE,45,4,80.75,4,1,2,412,Inactive product or newly launched
SILVER/MOP ORBIT NECKLACE,77,7,79.6,4,2,2,422,Inactive product or newly launched
SILVER/NAT SHELL NECKLACE W PENDANT,71,3,17.85,4,1,1,411,Inactive product or newly launched
SILVER/NATURAL SHELL NECKLACE,12,4,68.0,3,1,1,311,Inactive product or newly launched
SINGLE ANTIQUE ROSE HOOK IVORY,1,254,2669.95,1,5,4,154,Inactive product or newly launched
SINGLE HEART ZINC T-LIGHT HOLDER,1,337,5663.53,1,5,5,155,Inactive product or newly launched
SINGLE WIRE HOOK IVORY HEART,17,77,1201.8999999999999,3,4,4,344,Selling consistently
SINGLE WIRE HOOK PINK HEART,2,23,502.38,1,2,3,123,Inactive product or newly launched
SIX DRAWER OFFICE TIDY,7,26,596.0,3,3,3,333,Potential products
SKETCHBOOK MAGNETIC SHOPPING LIST,1,181,1900.9399999999998,1,5,4,154,Inactive product or newly launched
SKULL AND CROSSBONES  GARLAND ,8,85,1532.2499999999998,3,4,4,344,Selling consistently
SKULL DESIGN TV DINNER TRAY,1,110,1211.1000000000001,1,4,4,144,Inactive product or newly launched
SKULL LUNCH BOX WITH CUTLERY ,4,269,4609.5,2,5,5,255,Potential products
SKULL SHOULDER BAG,3,143,2081.2,2,4,4,244,Potential products
SKULLS  DESIGN  COTTON TOTE BAG,14,40,371.25,3,3,3,333,Potential products
SKULLS  STICKERS,2,87,891.2199999999999,1,4,3,143,Inactive product or newly launched
SKULLS  WATER TRANSFER TATTOOS ,2,114,1519.85,1,4,4,144,Inactive product or newly launched
SKULLS AND CROSSBONES WRAP,1,165,2356.0,1,5,4,154,Inactive product or newly launched
SKULLS DESIGN FLANNEL,4,23,134.54999999999998,2,2,2,222,Inactive product or newly launched
SKULLS GREETING CARD,2,96,753.12,1,4,3,143,Inactive product or newly launched
SKULLS PARTY BAG + STICKER SET,5,130,1561.05,3,4,4,344,Selling consistently
SKULLS SQUARE TISSUE BOX,4,38,304.17,2,3,2,232,Potential products
SKULLS STORAGE BOX LARGE,3,16,188.05,2,2,2,222,Inactive product or newly launched
SKULLS STORAGE BOX SMALL,3,25,161.70000000000002,2,2,2,222,Inactive product or newly launched
SKULLS TAPE,11,39,189.98000000000002,3,3,2,332,Potential products
SKULLS WRITING SET ,2,148,887.6999999999999,1,4,3,143,Inactive product or newly launched
SLATE TILE NATURAL HANGING,1,128,1974.1999999999998,1,4,4,144,Inactive product or newly launched
SLEEPING CAT ERASERS,1,166,885.45,1,5,3,153,Inactive product or newly launched
SMALL APOTHECARY MEASURING JAR ,2,28,629.0500000000001,1,3,3,133,Inactive product or newly launched
SMALL BLUE PROVENCAL CERAMIC BALL,30,8,100.64999999999999,4,2,2,422,Inactive product or newly launched
SMALL BONNE JAM JAR  T-LIGHT HOLDER,4,23,795.6800000000001,2,2,3,223,Inactive product or newly launched
SMALL CAMPHOR WOOD FIELD  MUSHROOM,2,19,123.20999999999998,1,2,2,122,Inactive product or newly launched
SMALL CERAMIC TOP STORAGE JAR ,1,184,4184.179999999999,1,5,5,155,Inactive product or newly launched
SMALL CHINESE STYLE SCISSOR,1,54,4335.76,1,3,5,135,Inactive product or newly launched
SMALL CHOCOLATES PINK BOWL,1,160,774.18,1,5,3,153,Inactive product or newly launched
SMALL CHUNKY GLASS ROMAN  BOWL,243,9,153.64000000000001,5,2,2,522,Inactive product or newly launched
SMALL DECO JEWELLERY STAND,63,70,1831.65,4,4,4,444,MVP
SMALL DOLLY MIX DESIGN ORANGE BOWL,1,368,2040.19,1,5,4,154,Inactive product or newly launched
SMALL FOLDING SCISSOR(POINTED EDGE),1,70,360.71,1,4,3,143,Inactive product or newly launched
SMALL FOLKART STAR CHRISTMAS DEC,30,33,244.23000000000002,4,3,2,432,Potential products
SMALL GLASS HEART TRINKET POT,1,343,7399.960000000001,1,5,5,155,Inactive product or newly launched
SMALL GLASS SUNDAE DISH CLEAR,12,44,730.4399999999999,3,3,3,333,Potential products
SMALL HAMMERED SILVER CANDLEPOT ,4,43,1020.7000000000002,2,3,4,234,Potential products
SMALL HANGING GLASS+ZINC LANTERN,211,9,62.349999999999994,5,2,1,521,Inactive product or newly launched
SMALL HANGING IVORY/RED WOOD BIRD,1,164,943.13,1,5,4,154,Inactive product or newly launched
SMALL HEART FLOWERS HOOK ,1,115,1365.5,1,4,4,144,Inactive product or newly launched
SMALL HEART MEASURING SPOONS,1,253,2008.6299999999999,1,5,4,154,Inactive product or newly launched
SMALL IVORY HEART WALL ORGANISER,1,141,4989.08,1,4,5,145,Inactive product or newly launched
SMALL JEWELLERY STAND,202,6,132.0,5,1,2,512,Inactive product or newly launched
SMALL KITCHEN FLOWER POTS PLAQUE,51,12,132.05,4,2,2,422,Inactive product or newly launched
SMALL LICORICE DES PINK BOWL,253,35,252.63,5,3,2,532,Potential products
SMALL MARSHMALLOWS PINK BOWL,1,297,1553.25,1,5,4,154,Inactive product or newly launched
SMALL MEDINA STAMPED METAL BOWL ,1,36,565.21,1,3,3,133,Inactive product or newly launched
SMALL PARISIENNE HEART PHOTO FRAME ,8,123,2122.67,3,4,4,344,Selling consistently
SMALL PARLOUR FRAME,24,2,106.98000000000002,4,1,2,412,Inactive product or newly launched
SMALL PARLOUR PICTURE FRAME,2,33,459.56,1,3,3,133,Inactive product or newly launched
SMALL PINK GLASS SUNDAE DISH,222,31,383.91,5,3,3,533,Potential products
SMALL PINK MAGIC CHRISTMAS TREE,24,34,252.23,4,3,2,432,Potential products
SMALL POLKADOT CHOCOLATE GIFT BAG ,11,40,782.0,3,3,3,333,Potential products
SMALL POP BOX FUNKY MONKEY,3,35,210.48,2,3,2,232,Potential products
"SMALL POP BOX,FUNKY MONKEY",199,13,116.25,5,2,2,522,Inactive product or newly launched
SMALL POPCORN HOLDER,82,407,13789.369999999999,4,5,5,455,MVP
SMALL PURPLE BABUSHKA NOTEBOOK ,1,195,1010.2299999999999,1,5,4,154,Inactive product or newly launched
SMALL RED BABUSHKA NOTEBOOK ,1,194,1104.74,1,5,4,154,Inactive product or newly launched
SMALL RED RETROSPOT MUG IN BOX ,1,85,2030.68,1,4,4,144,Inactive product or newly launched
SMALL RED RETROSPOT WINDMILL,11,187,3521.7000000000003,3,5,5,355,Selling consistently
SMALL REGAL  SILVER CANDLEPOT ,4,20,817.0500000000001,2,2,3,223,Inactive product or newly launched
SMALL ROUND CUT GLASS CANDLESTICK,13,18,574.75,3,2,3,323,Inactive product or newly launched
SMALL SILVER FLOWER CANDLE POT,10,35,817.1500000000001,3,3,3,333,Potential products
SMALL SILVER TRELLIS CANDLEPOT,16,29,649.0000000000001,3,3,3,333,Potential products
SMALL SINGLE FLAME CANDLE HOLDER,7,6,11.549999999999999,3,1,1,311,Inactive product or newly launched
SMALL SKULL WINDMILL,9,42,527.53,3,3,3,333,Potential products
SMALL SQUARE CUT GLASS CANDLESTICK,16,20,396.0,3,2,3,323,Inactive product or newly launched
SMALL STRIPES CHOCOLATE GIFT BAG ,3,26,591.25,2,3,3,233,Potential products
SMALL TALL CAMPHOR WOOD TOADSTOOL,2,22,175.04999999999998,1,2,2,122,Inactive product or newly launched
SMALL WHITE HEART OF WICKER,1,596,6798.099999999999,1,5,5,155,Inactive product or newly launched
SMALL WHITE RETROSPOT MUG IN BOX ,1,74,1295.04,1,4,4,144,Inactive product or newly launched
SMALL WHITE/PINK ROSE ART FLOWER,89,9,120.07000000000001,4,2,2,422,Inactive product or newly launched
SMALL YELLOW BABUSHKA NOTEBOOK ,1,167,613.78,1,5,3,153,Inactive product or newly launched
SMALL ZINC HEART WALL ORGANISER,1,42,5378.8,1,3,5,135,Inactive product or newly launched
SMALL ZINC/GLASS CANDLEHOLDER,2,6,67.25,1,1,1,111,Inactive product or newly launched
SMALLFOLKART BAUBLE CHRISTMAS DEC,339,7,146.04000000000002,5,2,2,522,Inactive product or newly launched
SMOKEY GREY COLOUR D.O.F. GLASS,104,27,204.79,4,3,2,432,Potential products
SMOKEY GREY COLOUR GLASS,3,11,56.83999999999999,2,2,1,221,Inactive product or newly launched
SNACK TRAY HAPPY FOREST  ,2,21,214.5,1,2,2,122,Inactive product or newly launched
SNACK TRAY I LOVE LONDON,1,24,276.15,1,2,2,122,Inactive product or newly launched
SNACK TRAY PAISLEY PARK,1,24,305.4,1,2,2,122,Inactive product or newly launched
SNACK TRAY RED GINGHAM,2,11,109.2,1,2,2,122,Inactive product or newly launched
SNACK TRAY RED VINTAGE DOILY,1,30,346.34999999999997,1,3,3,133,Inactive product or newly launched
SNOWFLAKE PORTABLE TABLE LIGHT ,15,82,1122.19,3,4,4,344,Selling consistently
SNOWSTORM PHOTO FRAME FRIDGE MAGNET,10,46,477.96999999999997,3,3,3,333,Potential products
SOAP DISH BROCANTE,4,93,1942.45,2,4,4,244,Potential products
SOFT PINK ROSE TOWEL ,32,10,172.05,4,2,2,422,Inactive product or newly launched
SOLDIERS EGG CUP ,1,330,10070.220000000001,1,5,5,155,Inactive product or newly launched
SOMBRERO ,3,59,5691.5,2,3,5,235,Potential products
SPACE BOY CHILDRENS CUP,169,5,143.3,5,1,2,512,Inactive product or newly launched
SPACE CADET BLACK,24,10,49.96,4,2,1,421,Inactive product or newly launched
SPACE CADET RED,19,22,141.17,3,2,2,322,Inactive product or newly launched
SPACE CADET WHITE,10,15,83.63,3,2,2,322,Inactive product or newly launched
SPACE FROG,11,16,127.25,3,2,2,322,Inactive product or newly launched
SPACE OWL,10,22,173.62,3,2,2,322,Inactive product or newly launched
SPACEBOY BEAKER,1,140,2970.75,1,4,5,145,Inactive product or newly launched
SPACEBOY BIRTHDAY CARD,1,395,3120.14,1,5,5,155,Inactive product or newly launched
SPACEBOY CHILDRENS BOWL,1,174,2757.15,1,5,5,155,Inactive product or newly launched
SPACEBOY CHILDRENS CUP,1,160,2343.07,1,5,4,154,Inactive product or newly launched
SPACEBOY CHILDRENS EGG CUP,2,144,1405.97,1,4,4,144,Inactive product or newly launched
SPACEBOY GIFT WRAP,2,206,2652.34,1,5,4,154,Inactive product or newly launched
SPACEBOY LUNCH BOX ,1,709,24673.14,1,5,5,155,Inactive product or newly launched
SPACEBOY MINI BACKPACK,1,203,4134.5,1,5,5,155,Inactive product or newly launched
SPACEBOY MINI RUCKSACK,53,4,53.95,4,1,1,411,Inactive product or newly launched
SPACEBOY ROCKET LOLLY MAKERS,2,79,1165.28,1,4,4,144,Inactive product or newly launched
SPACEBOY TV DINNER TRAY,1,83,1009.0400000000001,1,4,4,144,Inactive product or newly launched
SPACEBOY WALL ART,30,13,885.9000000000001,4,2,3,423,Inactive product or newly launched
SPOTS ON RED BOOKCOVER TAPE,33,5,6.72,4,1,1,411,Inactive product or newly launched
SPOTTED WHITE NATURAL SEED NECKLACE,11,7,72.0,3,2,2,322,Inactive product or newly launched
SPOTTY BUNTING,1,1014,35509.55,1,5,5,155,Inactive product or newly launched
SPOTTY PINK DUCK DOORSTOP,1,65,752.51,1,3,3,133,Inactive product or newly launched
SPRIG LAVENDER ARTIFICIAL FLOWER,283,9,155.48,5,2,2,522,Inactive product or newly launched
SQUARE CHERRY BLOSSOM CABINET,31,21,719.5500000000001,4,2,3,423,Inactive product or newly launched
SQUARE FLOOR CUSHION VINTAGE RED,1,25,395.45000000000005,1,2,3,123,Inactive product or newly launched
SQUARE METAL CANDLEHOLDER BASE,15,8,36.519999999999996,3,2,1,321,Inactive product or newly launched
SQUARE MINI PORTRAIT FRAME,1,45,519.0,1,3,3,133,Inactive product or newly launched
SQUARECUSHION COVER PINK UNION FLAG,240,25,415.3,5,2,3,523,Inactive product or newly launched
SQUARECUSHION COVER PINK UNION JACK,1,29,382.14,1,3,3,133,Inactive product or newly launched
ST GEORGE SET OF 10 PARTY LIGHTS,17,2,5.9,3,1,1,311,Inactive product or newly launched
ST TROPEZ NECKLACE,22,6,69.30000000000001,3,1,1,311,Inactive product or newly launched
STANDING FAIRY POLE SUPPORT ,19,22,278.5,3,2,2,322,Inactive product or newly launched
STAR  T-LIGHT HOLDER ,16,19,189.95,3,2,2,322,Inactive product or newly launched
STAR DECORATION PAINTED ZINC ,1,120,924.95,1,4,3,143,Inactive product or newly launched
STAR DECORATION RUSTIC,1,92,924.42,1,4,3,143,Inactive product or newly launched
STAR PORTABLE TABLE LIGHT ,88,31,750.7,4,3,3,433,Potential products
STAR T-LIGHT HOLDER WILLIE WINKIE,1,99,1870.1099999999997,1,4,4,144,Inactive product or newly launched
STAR WOODEN CHRISTMAS DECORATION,1,155,2036.56,1,4,4,144,Inactive product or newly launched
STAR WREATH DECORATION WITH BELL,1,124,1921.94,1,4,4,144,Inactive product or newly launched
STARFISH SOAP DISH,2,13,115.25,1,2,2,122,Inactive product or newly launched
STARS GIFT TAPE ,2,93,581.0600000000001,1,4,3,143,Inactive product or newly launched
STEEL SWEETHEART ROUND TABLE CREAM,51,18,463.45,4,2,3,423,Inactive product or newly launched
STOOL HOME SWEET HOME ,2,107,2635.9,1,4,4,144,Inactive product or newly launched
STOP FOR TEA WALL ART,6,41,2572.7,3,3,4,334,Potential products
STORAGE TIN HOME SWEET HOME,1,35,435.43,1,3,3,133,Inactive product or newly launched
STORAGE TIN VINTAGE DOILEY ,122,1,17.34,4,1,1,411,Inactive product or newly launched
STORAGE TIN VINTAGE DOILY ,1,160,3502.15,1,5,5,155,Inactive product or newly launched
STORAGE TIN VINTAGE LEAF,1,100,1948.1000000000001,1,4,4,144,Inactive product or newly launched
STRAWBERRIES  DESIGN FLANNEL ,3,30,190.79,2,3,2,232,Potential products
STRAWBERRY   PICNIC BAG,6,207,4430.5,3,5,5,355,Selling consistently
STRAWBERRY BATH SPONGE ,1,128,1301.86,1,4,4,144,Inactive product or newly launched
STRAWBERRY CERAMIC TRINKET BOX,9,511,10883.02,3,5,5,355,Selling consistently
STRAWBERRY CERAMIC TRINKET POT,1,76,1312.04,1,4,4,144,Inactive product or newly launched
STRAWBERRY CHARLOTTE BAG,3,496,5516.7,2,5,5,255,Potential products
STRAWBERRY DREAM CHILDS UMBRELLA,141,32,250.25,5,3,2,532,Potential products
STRAWBERRY FAIRY CAKE TEAPOT,5,164,3638.9,3,5,5,355,Selling consistently
STRAWBERRY HONEYCOMB  GARLAND ,16,77,1446.6,3,4,4,344,Selling consistently
STRAWBERRY LUNCH BOX WITH CUTLERY,1,433,8721.89,1,5,5,155,Inactive product or newly launched
STRAWBERRY RAFFIA FOOD COVER,16,92,1695.15,3,4,4,344,Selling consistently
STRAWBERRY SHOPPER BAG,1,235,2453.38,1,5,4,154,Inactive product or newly launched
STRAWBRY SCENTED VOTIVE CANDLE,89,24,267.45,4,2,2,422,Inactive product or newly launched
"STRING OF 8 BUTTERFLIES,PINK",327,7,41.24999999999999,5,2,1,521,Inactive product or newly launched
STRING OF STARS CARD HOLDER,12,12,209.45000000000005,3,2,2,322,Inactive product or newly launched
STRIPES DESIGN MONKEY DOLL,94,14,79.05,4,2,2,422,Inactive product or newly launched
STRIPES DESIGN TEDDY,12,30,142.79999999999998,3,3,2,332,Potential products
STRIPEY CHOCOLATE NESTING BOXES,11,40,707.95,3,3,3,333,Potential products
STRIPY DESIGN SHOWER CAP,227,15,70.57,5,2,2,522,Inactive product or newly launched
SUKI  SHOULDER BAG,2,205,2824.37,1,5,5,155,Inactive product or newly launched
SUMMER DAISIES BAG CHARM,4,11,168.29999999999998,2,2,2,222,Inactive product or newly launched
SUMMER FUN DESIGN SHOWER CAP,227,18,116.32999999999998,5,2,2,522,Inactive product or newly launched
SUNFLOWER DECORATIVE PARASOL,19,14,528.45,3,2,3,323,Inactive product or newly launched
SUNSET CHECK HAMMOCK,32,40,1249.65,4,3,4,434,Potential products
SUNSET COLOUR CHUNKY KNITTED THROW,5,13,406.79999999999995,3,2,3,323,Inactive product or newly launched
SWALLOW SQUARE TISSUE BOX,1,140,685.5500000000001,1,4,3,143,Inactive product or newly launched
SWALLOW WOODEN CHRISTMAS DECORATION,1,129,1217.78,1,4,4,144,Inactive product or newly launched
SWALLOWS GREETING CARD,1,243,2120.55,1,5,4,154,Inactive product or newly launched
SWEET HEART CAKE CARRIER,1,42,753.9999999999999,1,3,3,133,Inactive product or newly launched
SWEET PUDDING STICKER SHEET,11,15,55.24999999999999,3,2,1,321,Inactive product or newly launched
SWEETHEART 3 TIER CAKE STAND ,1,123,2174.1,1,4,4,144,Inactive product or newly launched
SWEETHEART BIRD HOUSE,2,89,2908.55,1,4,5,145,Inactive product or newly launched
SWEETHEART CAKESTAND 3 TIER,60,326,8366.65,4,5,5,455,MVP
SWEETHEART CARRY-ALL BASKET,260,3,25.5,5,1,1,511,Inactive product or newly launched
SWEETHEART CERAMIC TRINKET BOX,1,383,6864.610000000001,1,5,5,155,Inactive product or newly launched
SWEETHEART CREAM STEEL TABLE RECT,19,18,438.9,3,2,3,323,Inactive product or newly launched
SWEETHEART RECIPE BOOK STAND,1,290,7077.900000000001,1,5,5,155,Inactive product or newly launched
SWEETHEART WALL TIDY ,4,43,1007.0799999999999,2,3,4,234,Potential products
SWEETHEART WIRE FRUIT BOWL,4,79,1489.3,2,4,4,244,Potential products
SWEETHEART WIRE MAGAZINE RACK,1,157,2373.0,1,5,4,154,Inactive product or newly launched
SWEETHEART WIRE WALL TIDY,28,97,2046.85,4,4,4,444,MVP
SWEETIES  STICKERS,22,32,232.89999999999998,3,3,2,332,Potential products
SWIRLY CIRCULAR RUBBERS IN BAG,2,38,156.53,1,3,2,132,Inactive product or newly launched
SWISS CHALET TREE DECORATION ,16,70,455.56999999999994,3,4,3,343,Selling consistently
SWISS ROLL TOWEL PINK  SPOTS,15,27,1782.1799999999998,3,3,4,334,Potential products
"SWISS ROLL TOWEL, CHOCOLATE  SPOTS",1,51,1290.3,1,3,4,134,Inactive product or newly launched
"SWISS ROLL TOWEL, PINK  SPOTS",319,19,769.65,5,2,3,523,Inactive product or newly launched
T-LIGHT GLASS FLUTED ANTIQUE,1,261,8288.890000000001,1,5,5,155,Inactive product or newly launched
T-LIGHT HOLDER HANGING LACE,1,64,646.26,1,3,3,133,Inactive product or newly launched
T-LIGHT HOLDER HANGING LOVE BIRD,1,95,1965.63,1,4,4,144,Inactive product or newly launched
T-LIGHT HOLDER SILVER HEART HANDLE,5,23,370.79999999999995,3,2,3,323,Inactive product or newly launched
T-LIGHT HOLDER SILVER PETIT FOUR ,4,15,227.5,2,2,2,222,Inactive product or newly launched
T-LIGHT HOLDER SILVER SAUCER,4,6,38.029999999999994,2,1,1,211,Inactive product or newly launched
T-LIGHT HOLDER SWEETHEART HANGING,1,127,1574.6399999999999,1,4,4,144,Inactive product or newly launched
T-LIGHT HOLDER WHITE LACE,1,20,182.31,1,2,2,122,Inactive product or newly launched
TABLE LAMP WHITE SHADE WOOD BASE,4,17,388.3,2,2,3,223,Inactive product or newly launched
TABLECLOTH RED APPLES DESIGN ,1,110,2821.95,1,4,5,145,Inactive product or newly launched
TALL ROCOCO CANDLE HOLDER,4,17,720.0,2,2,3,223,Inactive product or newly launched
TEA BAG PLATE RED RETROSPOT,1,257,3221.79,1,5,5,155,Inactive product or newly launched
TEA COSY BLUE STRIPE,1,36,356.89,1,3,3,133,Inactive product or newly launched
TEA COSY RED  STRIPE,1,65,706.8299999999999,1,3,3,133,Inactive product or newly launched
TEA FOR ONE POLKADOT,2,104,1502.01,1,4,4,144,Inactive product or newly launched
TEA PARTY  WRAPPING PAPER ,2,75,929.0,1,4,3,143,Inactive product or newly launched
TEA PARTY BIRTHDAY CARD,1,263,1692.71,1,5,4,154,Inactive product or newly launched
TEA TIME BREAKFAST BASKET,369,1,2.1,5,1,1,511,Inactive product or newly launched
TEA TIME DES TEA COSY,1,76,813.6099999999999,1,4,3,143,Inactive product or newly launched
TEA TIME KITCHEN APRON,4,121,3248.07,2,4,5,245,Potential products
TEA TIME OVEN GLOVE,1,243,2412.92,1,5,4,154,Inactive product or newly launched
TEA TIME PARTY BUNTING,5,314,10430.400000000001,3,5,5,355,Selling consistently
TEA TIME TABLE CLOTH,255,26,1642.68,5,3,4,534,Potential products
TEA TIME TEA SET IN GIFT BOX,121,29,708.9000000000001,4,3,3,433,Potential products
TEA TIME TEA TOWELS ,235,2,6045.0,5,1,5,515,Inactive product or newly launched
TEA TIME TEAPOT IN GIFT BOX,1,80,1972.46,1,4,4,144,Inactive product or newly launched
TEAL/FUSCHIA COL BEAD NECKLACE,22,3,44.55,3,1,1,311,Inactive product or newly launched
TEATIME FUNKY FLOWER BACKPACK FOR 2,136,3,50.849999999999994,5,1,1,511,Inactive product or newly launched
TEATIME GEL PENS ASST,199,5,82.08,5,1,2,512,Inactive product or newly launched
TEATIME PEN CASE & PENS,12,14,54.4,3,2,1,321,Inactive product or newly launched
TEATIME PUSH DOWN RUBBER,183,6,105.28999999999999,5,1,2,512,Inactive product or newly launched
TEATIME ROUND PENCIL SHARPENER ,15,48,186.72,3,3,2,332,Potential products
THE KING GIFT BAG,88,6,11.05,4,1,1,411,Inactive product or newly launched
THE KING GIFT BAG 25x24x12cm,12,7,10.92,3,2,1,321,Inactive product or newly launched
THREE CANVAS LUGGAGE TAGS,4,10,128.26,2,2,2,222,Inactive product or newly launched
THREE MINI HANGING FRAMES,1,47,535.35,1,3,3,133,Inactive product or newly launched
TIGRIS EYE CHUNKY CHARM BRACELET,243,2,26.849999999999998,5,1,1,511,Inactive product or newly launched
TINY CRYSTAL BRACELET GREEN,309,1,15.299999999999999,5,1,1,511,Inactive product or newly launched
TOADSTOOL BEDSIDE LIGHT ,2,104,2180.7,1,4,4,144,Inactive product or newly launched
TOADSTOOL MONEY BOX,2,135,2140.15,1,4,4,144,Inactive product or newly launched
TOAST ITS - BEST MUM,9,68,885.95,3,3,3,333,Potential products
TOAST ITS - DINOSAUR,256,11,23.75,5,2,1,521,Inactive product or newly launched
TOAST ITS - FAIRY FLOWER,4,54,361.9,2,3,3,233,Potential products
TOAST ITS - HAPPY BIRTHDAY,3,59,408.75,2,3,3,233,Potential products
TOAST ITS - I LOVE YOU ,1,110,955.4,1,4,4,144,Inactive product or newly launched
TOILET METAL SIGN,1,303,1997.13,1,5,4,154,Inactive product or newly launched
TOILET SIGN OCCUPIED OR VACANT,1,258,2807.6899999999996,1,5,5,155,Inactive product or newly launched
TOMATO CHARLIE+LOLA COASTER SET,1,61,739.1899999999999,1,3,3,133,Inactive product or newly launched
TOOL BOX SOFT TOY ,1,82,1350.24,1,4,4,144,Inactive product or newly launched
TOOTHPASTE TUBE PEN,1,76,396.6,1,4,3,143,Inactive product or newly launched
TOP SECRET PEN SET,148,10,57.5,5,2,1,521,Inactive product or newly launched
TOTE BAG I LOVE LONDON,6,94,2289.78,3,4,4,344,Selling consistently
TOXIC AREA  DOOR HANGER ,1,139,695.23,1,4,3,143,Inactive product or newly launched
TOY TIDY DOLLY GIRL DESIGN,1,102,1178.18,1,4,4,144,Inactive product or newly launched
TOY TIDY PINK POLKADOT,4,293,6225.38,2,5,5,255,Potential products
TOY TIDY SPACEBOY  ,1,196,2266.35,1,5,4,154,Inactive product or newly launched
TOYBOX  WRAP ,9,23,288.92,3,2,2,322,Inactive product or newly launched
TRADITIONAL CHRISTMAS RIBBONS,1,271,3602.8,1,5,5,155,Inactive product or newly launched
TRADITIONAL KNITTING NANCY,1,519,9294.57,1,5,5,155,Inactive product or newly launched
TRADITIONAL MODELLING CLAY,1,336,9281.47,1,5,5,155,Inactive product or newly launched
TRADITIONAL NAUGHTS & CROSSES,1,221,3300.8999999999996,1,5,5,155,Inactive product or newly launched
TRADITIONAL PICK UP STICKS GAME ,1,241,2295.0,1,5,4,154,Inactive product or newly launched
TRADITIONAL WOODEN CATCH CUP GAME ,3,301,3651.75,2,5,5,255,Potential products
TRADITIONAL WOODEN SKIPPING ROPE,1,346,9998.32,1,5,5,155,Inactive product or newly launched
TRADTIONAL ALPHABET STAMP SET,1,178,4497.3,1,5,5,155,Inactive product or newly launched
TRANQUILITY MASALA INCENSE,87,7,42.0,4,2,1,421,Inactive product or newly launched
TRANSPARENT ACRYLIC TAPE DISPENSER,9,9,27.91,3,2,1,321,Inactive product or newly launched
TRAVEL CARD WALLET FLOWER MEADOW,3,130,709.62,2,4,3,243,Potential products
TRAVEL CARD WALLET I LOVE LONDON,1,178,1767.72,1,5,4,154,Inactive product or newly launched
TRAVEL CARD WALLET KEEP CALM,1,440,4641.32,1,5,5,155,Inactive product or newly launched
TRAVEL CARD WALLET PANTRY,1,126,779.9,1,4,3,143,Inactive product or newly launched
TRAVEL CARD WALLET RETRO PETALS,169,91,623.94,5,4,3,543,Selling consistently
TRAVEL CARD WALLET RETROSPOT,1,161,882.24,1,5,3,153,Inactive product or newly launched
TRAVEL CARD WALLET SKULLS,1,142,860.4,1,4,3,143,Inactive product or newly launched
TRAVEL CARD WALLET SUKI,1,185,932.88,1,5,4,154,Inactive product or newly launched
TRAVEL CARD WALLET TRANSPORT,1,206,1274.76,1,5,4,154,Inactive product or newly launched
TRAVEL CARD WALLET UNION JACK,3,182,1038.9,2,5,4,254,Potential products
TRAVEL CARD WALLET VINTAGE LEAF,1,97,554.4,1,4,3,143,Inactive product or newly launched
TRAVEL CARD WALLET VINTAGE ROSE ,181,53,225.78,5,3,2,532,Potential products
TRAVEL CARD WALLET VINTAGE TICKET,1,298,1875.12,1,5,4,154,Inactive product or newly launched
TRAVEL SEWING KIT,24,397,7779.11,4,5,5,455,MVP
"TRAY, BREAKFAST IN BED",96,66,3089.85,4,3,5,435,Potential products
TREASURE AHOY WALL ART,23,16,833.46,3,2,3,323,Inactive product or newly launched
TREASURE ISLAND BOOK BOX,4,217,5029.8,2,5,5,255,Potential products
TREASURE TIN BUFFALO BILL ,2,190,2886.0800000000004,1,5,5,155,Inactive product or newly launched
TREASURE TIN GYMKHANA DESIGN,2,287,4060.0,1,5,5,155,Inactive product or newly launched
TREE T-LIGHT HOLDER WILLIE WINKIE,1,35,522.7399999999999,1,3,3,133,Inactive product or newly launched
TRIANGULAR POUFFE VINTAGE ,2,16,605.4499999999999,1,2,3,123,Inactive product or newly launched
TRIPLE HOOK ANTIQUE IVORY ROSE,4,214,2526.02,2,5,4,254,Potential products
TRIPLE PHOTO FRAME CORNICE ,1,208,6932.83,1,5,5,155,Inactive product or newly launched
TRIPLE WIRE HOOK IVORY HEART,26,35,658.5400000000001,4,3,3,433,Potential products
TRIPLE WIRE HOOK PINK HEART,1,18,215.00000000000003,1,2,2,122,Inactive product or newly launched
TROPICAL  HONEYCOMB PAPER GARLAND ,5,75,2672.25,3,4,4,344,Selling consistently
TROPICAL HOLIDAY PURSE ,353,3,17.700000000000003,5,1,1,511,Inactive product or newly launched
TROPICAL LUGGAGE TAG,33,22,76.39,4,2,2,422,Inactive product or newly launched
TROPICAL PASSPORT COVER ,11,22,206.23000000000002,3,2,2,322,Inactive product or newly launched
TUB 24 PINK FLOWER PEGS,121,43,169.95,4,3,2,432,Potential products
TUMBLER BAROQUE,29,25,156.78,4,2,2,422,Inactive product or newly launched
TUMBLER NEW ENGLAND,191,41,475.8,5,3,3,533,Potential products
"TUMBLER, BAROQUE",253,5,58.85999999999999,5,1,1,511,Inactive product or newly launched
"TUMBLER, NEW ENGLAND",243,11,131.94,5,2,2,522,Inactive product or newly launched
TURQ ICE CREAM BUM BAG ,317,3,33.15,5,1,1,511,Inactive product or newly launched
TURQ PENDANT TRIPLE SHELL NECKLACE,145,2,19.8,5,1,1,511,Inactive product or newly launched
TURQ STONE/CRYSTAL EARRINGS,11,3,26.55,3,1,1,311,Inactive product or newly launched
TURQ+RED BOUDICCA LARGE BRACELET,22,16,284.95000000000005,3,2,2,322,Inactive product or newly launched
TURQUOISE BERTIE GLASS BEAD CHARM,197,3,63.3,5,1,1,511,Inactive product or newly launched
TURQUOISE CHRISTMAS TREE ,20,4,6.25,3,1,1,311,Inactive product or newly launched
TURQUOISE CRYSTAL+GLASS BRACELET,62,5,84.15,4,1,2,412,Inactive product or newly launched
TURQUOISE GLASS TASSLE BAG CHARM ,2,6,61.95000000000001,1,1,1,111,Inactive product or newly launched
TURQUOISE HEART OF GLASS BRACELET,130,4,47.6,4,1,1,411,Inactive product or newly launched
TUSCAN VILLA BIRD FEEDER,15,8,132.0,3,2,2,322,Inactive product or newly launched
TUSCAN VILLA BIRD TABLE ,16,11,156.75,3,2,2,322,Inactive product or newly launched
TUSCAN VILLA DOVECOTE,50,4,99.0,4,1,2,412,Inactive product or newly launched
TUSCAN VILLA DOVECOTE BIRD FEEDER,2,17,299.25,1,2,2,122,Inactive product or newly launched
TUSCAN VILLA FEEDING STATION,44,7,99.0,4,2,2,422,Inactive product or newly launched
TV DINNER TRAY AIR HOSTESS ,2,64,1092.73,1,3,4,134,Inactive product or newly launched
TV DINNER TRAY DOLLY GIRL,1,80,1224.17,1,4,4,144,Inactive product or newly launched
TV DINNER TRAY VINTAGE PAISLEY,1,79,1239.39,1,4,4,144,Inactive product or newly launched
TWO DOOR CURIO CABINET,84,82,2551.95,4,4,4,444,MVP
UBO-LIGHT TRIOBASE BLUE,4,2,3.4,2,1,1,211,Inactive product or newly launched
UBO-LIGHT TRIOBASE PURPLE,36,3,4.25,4,1,1,411,Inactive product or newly launched
UNION FLAG WINDSOCK,264,20,421.97,5,2,3,523,Inactive product or newly launched
UNION JACK FLAG LUGGAGE TAG,2,107,666.71,1,4,3,143,Inactive product or newly launched
UNION JACK FLAG PASSPORT COVER ,2,98,1190.3400000000001,1,4,4,144,Inactive product or newly launched
UNION JACK HOT WATER BOTTLE ,16,1,23.8,3,1,1,311,Inactive product or newly launched
UNION STRIPE CUSHION COVER ,3,66,503.75,2,3,3,233,Potential products
UNION STRIPE WITH FRINGE  HAMMOCK,4,168,5674.14,2,5,5,255,Potential products
URBAN BLACK RIBBONS ,4,76,519.22,2,4,3,243,Potential products
UTILTY CABINET WITH HOOKS,327,6,2610.29,5,1,4,514,Inactive product or newly launched
VANILLA INCENSE 40 CONES IN TIN,152,13,36.25,5,2,1,521,Inactive product or newly launched
VANILLA INCENSE IN TIN,1,91,876.34,1,4,3,143,Inactive product or newly launched
VANILLA SCENT CANDLE JEWELLED BOX,35,90,2541.12,4,4,4,444,MVP
VEGETABLE GARDEN CHOPPING BOARD,4,17,317.70000000000005,2,2,2,222,Inactive product or newly launched
VEGETABLE MAGNETIC  SHOPPING LIST,134,3,49.8,5,1,1,511,Inactive product or newly launched
VICTORIAN  METAL POSTCARD SPRING,2,167,2973.55,1,5,5,155,Inactive product or newly launched
VICTORIAN GLASS HANGING T-LIGHT,1,819,28735.36,1,5,5,155,Inactive product or newly launched
VICTORIAN SEWING BOX LARGE,1,106,5014.23,1,4,5,145,Inactive product or newly launched
VICTORIAN SEWING BOX MEDIUM,1,153,3727.44,1,4,5,145,Inactive product or newly launched
VICTORIAN SEWING BOX SMALL ,2,237,6402.360000000001,1,5,5,155,Inactive product or newly launched
VICTORIAN SEWING KIT,4,99,2640.94,2,4,4,244,Potential products
VILLAGE SHOW WALL ART,23,18,2072.42,3,2,4,324,Inactive product or newly launched
VINTAGE  2 METER FOLDING RULER,32,157,2902.47,4,5,5,455,MVP
VINTAGE  2 METRE FOLDING RULER,1,129,2197.6899999999996,1,4,4,144,Inactive product or newly launched
VINTAGE BEAD COSMETIC BAG ,30,7,51.82,4,2,1,421,Inactive product or newly launched
VINTAGE BEAD NOTEBOOK,121,17,138.65,4,2,2,422,Inactive product or newly launched
VINTAGE BEAD PINK EVENING BAG,9,46,668.88,3,3,3,333,Potential products
VINTAGE BEAD PINK JEWEL BOX,50,3,17.0,4,1,1,411,Inactive product or newly launched
VINTAGE BEAD PINK JEWEL STAND,131,1,4.95,4,1,1,411,Inactive product or newly launched
VINTAGE BEAD PINK PURSE ,1,63,774.76,1,3,3,133,Inactive product or newly launched
VINTAGE BEAD PINK SCARF ,29,34,557.0999999999999,4,3,3,433,Potential products
VINTAGE BEAD PINK SHADE ,274,2,16.25,5,1,1,511,Inactive product or newly launched
VINTAGE BELLS GARLAND,1,133,2246.56,1,4,4,144,Inactive product or newly launched
VINTAGE BILLBOARD DRINK ME MUG,51,109,1020.98,4,4,4,444,MVP
VINTAGE BILLBOARD LOVE/HATE MUG,1,126,1637.71,1,4,4,144,Inactive product or newly launched
VINTAGE BILLBOARD MUG ,4,78,1058.54,2,4,4,244,Potential products
VINTAGE BILLBOARD TEA MUG,114,51,2047.8000000000002,4,3,4,434,Potential products
VINTAGE BLUE KITCHEN CABINET,58,20,3685.0,4,2,5,425,Inactive product or newly launched
VINTAGE BLUE TINSEL REEL,372,1,0.84,5,1,1,511,Inactive product or newly launched
VINTAGE CARAVAN GIFT WRAP,151,23,239.82,5,2,2,522,Inactive product or newly launched
VINTAGE CARAVAN GREETING CARD ,53,87,569.02,4,4,3,443,Selling consistently
VINTAGE CHRISTMAS BUNTING,1,366,12960.12,1,5,5,155,Inactive product or newly launched
VINTAGE CHRISTMAS CAKE FRILL,1,123,3879.45,1,4,5,145,Inactive product or newly launched
VINTAGE CHRISTMAS GIFT BAG LARGE ,5,83,2066.65,3,4,4,344,Selling consistently
VINTAGE CHRISTMAS GIFT SACK,3,197,5523.0,2,5,5,255,Potential products
VINTAGE CHRISTMAS PAPER GIFT BAG,5,88,1241.6599999999999,3,4,4,344,Selling consistently
VINTAGE CHRISTMAS STOCKING ,2,284,5564.25,1,5,5,155,Inactive product or newly launched
VINTAGE CHRISTMAS TABLECLOTH,1,105,4638.52,1,4,5,145,Inactive product or newly launched
VINTAGE COFFEE GRINDER BOX,50,23,485.70000000000005,4,2,3,423,Inactive product or newly launched
VINTAGE CREAM 3 BASKET CAKE STAND,1,135,3667.2299999999996,1,4,5,145,Inactive product or newly launched
VINTAGE CREAM CAT FOOD CONTAINER,1,236,4201.74,1,5,5,155,Inactive product or newly launched
VINTAGE CREAM DOG FOOD CONTAINER,1,293,6753.85,1,5,5,155,Inactive product or newly launched
VINTAGE DOILY DELUXE SEWING KIT ,1,177,4194.900000000001,1,5,5,155,Inactive product or newly launched
VINTAGE DOILY JUMBO BAG RED ,1,237,8508.220000000001,1,5,5,155,Inactive product or newly launched
VINTAGE DOILY TRAVEL SEWING KIT,1,358,6736.2,1,5,5,155,Inactive product or newly launched
VINTAGE DONKEY TAIL GAME ,1,215,6146.89,1,5,5,155,Inactive product or newly launched
VINTAGE EMBOSSED HEART,3,84,1102.46,2,4,4,244,Potential products
VINTAGE ENAMEL & CRYSTAL EARRINGS,2,4,64.35000000000001,1,1,1,111,Inactive product or newly launched
VINTAGE ENAMEL & CRYSTAL NECKLACE,61,2,24.75,4,1,1,411,Inactive product or newly launched
VINTAGE ENGRAVED HEART,184,4,75.0,5,1,2,512,Inactive product or newly launched
VINTAGE GLASS COFFEE CADDY,116,16,416.3,4,2,3,423,Inactive product or newly launched
VINTAGE GLASS T-LIGHT HOLDER,2,125,1722.79,1,4,4,144,Inactive product or newly launched
VINTAGE GLASS TEA CADDY,290,3,17.85,5,1,1,511,Inactive product or newly launched
VINTAGE HEADS AND TAILS CARD GAME ,1,489,8500.16,1,5,5,155,Inactive product or newly launched
VINTAGE JINGLE BELLS HEART,2,77,1864.5,1,4,4,144,Inactive product or newly launched
VINTAGE JINGLE BELLS WREATH,5,26,610.5,3,3,3,333,Potential products
VINTAGE KEEPSAKE BOX PARIS DAYS,129,6,190.35,4,1,2,412,Inactive product or newly launched
VINTAGE KEEPSAKE BOX PINK FLOWER,25,2,19.049999999999997,4,1,1,411,Inactive product or newly launched
VINTAGE KEEPSAKE BOX TRAVELOGUE,47,10,127.0,4,2,2,422,Inactive product or newly launched
VINTAGE KID DOLLY CARD ,2,145,966.07,1,4,4,144,Inactive product or newly launched
VINTAGE KITCHEN PRINT FRUITS,5,12,165.75,3,2,2,322,Inactive product or newly launched
VINTAGE KITCHEN PRINT PUDDINGS,147,7,79.05,5,2,2,522,Inactive product or newly launched
VINTAGE KITCHEN PRINT SEAFOOD,30,6,89.24999999999999,4,1,2,412,Inactive product or newly launched
VINTAGE KITCHEN PRINT VEGETABLES,30,12,165.75,4,2,2,422,Inactive product or newly launched
VINTAGE LEAF CHOPPING BOARD  ,3,41,684.0000000000001,2,3,3,233,Potential products
VINTAGE LEAF MAGNETIC NOTEPAD,1,215,2242.65,1,5,4,154,Inactive product or newly launched
VINTAGE NOTEBOOK BEAUTY GIRL,250,2,8.850000000000001,5,1,1,511,Inactive product or newly launched
VINTAGE NOTEBOOK PARIS DAYS,127,8,230.35,4,2,2,422,Inactive product or newly launched
VINTAGE NOTEBOOK TRAVELOGUE,47,5,73.75,4,1,2,412,Inactive product or newly launched
VINTAGE PAISLEY STATIONERY SET,24,205,1640.29,4,5,4,454,MVP
VINTAGE PHOTO ALBUM PARIS DAYS,359,3,50.8,5,1,1,511,Inactive product or newly launched
VINTAGE PINK DECORATIVE PARASOL,339,5,237.00000000000003,5,1,2,512,Inactive product or newly launched
VINTAGE POST OFFICE CABINET,367,2,607.6500000000001,5,1,3,513,Inactive product or newly launched
VINTAGE RED ENAMEL TRIM JUG ,1,123,2123.34,1,4,4,144,Inactive product or newly launched
VINTAGE RED ENAMEL TRIM MUG ,1,101,1940.45,1,4,4,144,Inactive product or newly launched
VINTAGE RED ENAMEL TRIM PLATE,2,67,1254.8999999999999,1,3,4,134,Inactive product or newly launched
VINTAGE RED KITCHEN CABINET,38,38,8125.0,4,3,5,435,Potential products
VINTAGE RED MUG,9,41,656.37,3,3,3,333,Potential products
VINTAGE RED TEATIME MUG,66,42,246.88,4,3,2,432,Potential products
VINTAGE RED TRIM ENAMEL BOWL ,1,87,1328.59,1,4,4,144,Inactive product or newly launched
VINTAGE ROSE BEAD BRACELET BLACK,6,11,127.5,3,2,2,322,Inactive product or newly launched
VINTAGE ROSE BEAD BRACELET RASPBERR,22,10,144.5,3,2,2,322,Inactive product or newly launched
VINTAGE SEASIDE JIGSAW PUZZLES,2,89,1142.53,1,4,4,144,Inactive product or newly launched
VINTAGE SHELLS PRINT,24,14,202.4,4,2,2,422,Inactive product or newly launched
VINTAGE SNAKES & LADDERS,1,268,5508.53,1,5,5,155,Inactive product or newly launched
VINTAGE SNAP CARDS,1,731,10441.47,1,5,5,155,Inactive product or newly launched
VINTAGE UNION JACK APRON,2,114,2112.3900000000003,1,4,4,144,Inactive product or newly launched
VINTAGE UNION JACK BUNTING,3,400,20945.16,2,5,5,255,Potential products
VINTAGE UNION JACK CUSHION COVER,2,92,1755.3000000000002,1,4,4,144,Inactive product or newly launched
VINTAGE UNION JACK DOORSTOP,5,84,1184.8500000000001,3,4,4,344,Selling consistently
VINTAGE UNION JACK MEMOBOARD,1,205,22679.28,1,5,5,155,Inactive product or newly launched
VINTAGE UNION JACK PENNANT,18,75,1444.95,3,4,4,344,Selling consistently
VINTAGE UNION JACK SHOPPING BAG,15,41,1016.85,3,3,4,334,Potential products
VINTAGE WOODEN BAR STOOL,156,4,169.75,5,1,2,512,Inactive product or newly launched
VINTAGE ZINC PLANTER  ,3,5,75.67,2,1,2,212,Inactive product or newly launched
VINTAGE ZINC WATERING CAN,1,7,119.39999999999999,1,2,2,122,Inactive product or newly launched
VINTAGE ZINC WATERING CAN SMALL,1,6,79.2,1,1,2,112,Inactive product or newly launched
VINYL RECORD FRAME SILVER,19,87,4275.22,3,4,5,345,Selling consistently
VIP HOLIDAY PURSE,24,6,29.28,4,1,1,411,Inactive product or newly launched
VIP PASSPORT COVER ,12,11,73.5,3,2,2,322,Inactive product or newly launched
VIPPASSPORT COVER ,171,21,164.58,5,2,2,522,Inactive product or newly launched
WAKE UP COCKEREL CALENDAR SIGN ,7,24,281.13,3,2,2,322,Inactive product or newly launched
WAKE UP COCKEREL TILE COASTER,9,31,198.08999999999997,3,3,2,332,Potential products
WAKE UP COCKEREL TILE HOOK,122,14,53.85,4,2,1,421,Inactive product or newly launched
"WALL ART , LOVES' SECRET ",64,2,47.6,4,1,1,411,Inactive product or newly launched
"WALL ART , THE MAGIC FOREST ",60,1,13.9,4,1,1,411,Inactive product or newly launched
"WALL ART ,PUDDINGS ",50,2,61.2,4,1,1,411,Inactive product or newly launched
WALL ART 70'S ALPHABET ,1,55,2399.58,1,3,4,134,Inactive product or newly launched
WALL ART ANIMALS AND NATURE ,1,26,471.0,1,3,3,133,Inactive product or newly launched
WALL ART BICYCLE SAFETY,1,121,3412.52,1,4,5,145,Inactive product or newly launched
WALL ART BICYCLE SAFTEY ,66,3,114.15,4,1,2,412,Inactive product or newly launched
WALL ART BIG LOVE ,1,98,5319.36,1,4,5,145,Inactive product or newly launched
WALL ART BUFFALO BILL ,1,29,932.6700000000001,1,3,3,133,Inactive product or newly launched
WALL ART CAT AND BIRD ,4,18,324.98,2,2,2,222,Inactive product or newly launched
WALL ART CLASSIC PUDDINGS ,9,118,6093.49,3,4,5,345,Selling consistently
WALL ART DOG AND BALL ,1,17,226.29000000000002,1,2,2,122,Inactive product or newly launched
WALL ART DOG LICENCE ,1,63,2265.18,1,3,4,134,Inactive product or newly launched
WALL ART DOLLY GIRL ,4,19,896.3700000000001,2,2,3,223,Inactive product or newly launched
WALL ART GARDEN HAVEN ,1,31,936.34,1,3,4,134,Inactive product or newly launched
WALL ART HORSE & PONY ,1,34,644.6700000000001,1,3,3,133,Inactive product or newly launched
WALL ART I LOVE LONDON ,1,19,387.3,1,2,3,123,Inactive product or newly launched
WALL ART KEEP CALM ,1,76,4853.5,1,4,5,145,Inactive product or newly launched
WALL ART LOVES' SECRET ,4,33,1082.1100000000001,2,3,4,234,Potential products
WALL ART MID CENTURY MODERN ,4,20,1015.78,2,2,4,224,Inactive product or newly launched
WALL ART ONLY ONE PERSON ,1,73,4211.55,1,4,5,145,Inactive product or newly launched
WALL ART SPACEBOY,8,21,495.48,3,2,3,323,Inactive product or newly launched
WALL ART STOP FOR TEA ,1,154,3748.1800000000003,1,4,5,145,Inactive product or newly launched
WALL ART THE MAGIC FOREST ,4,9,876.64,2,2,3,223,Inactive product or newly launched
WALL ART TREASURE AHOY ,1,22,317.97,1,2,2,122,Inactive product or newly launched
WALL ART VILLAGE SHOW ,2,56,1201.6100000000001,1,3,4,134,Inactive product or newly launched
WALL ART VINTAGE HEART,1,27,1273.92,1,3,4,134,Inactive product or newly launched
WALL ART WORK REST AND PLAY  ,2,26,853.47,1,3,3,133,Inactive product or newly launched
"WALL ART,ONLY ONE PERSON ",64,1,29.700000000000003,4,1,1,411,Inactive product or newly launched
WALL MIRROR RECTANGLE DIAMANTE PINK,3,16,489.9000000000001,2,2,3,223,Inactive product or newly launched
WALL TIDY RETROSPOT ,4,104,2082.06,2,4,4,244,Potential products
WASH BAG VINTAGE ROSE PAISLEY,1,62,645.15,1,3,3,133,Inactive product or newly launched
WASHROOM METAL SIGN,4,296,4456.57,2,5,5,255,Potential products
WATERING CAN BLUE ELEPHANT,1,277,3682.7499999999995,1,5,5,155,Inactive product or newly launched
WATERING CAN GARDEN MARKER,11,70,1765.6,3,4,4,344,Selling consistently
WATERING CAN GREEN DINOSAUR,1,191,2487.5299999999997,1,5,4,154,Inactive product or newly launched
WATERING CAN PINK BUNNY,1,236,3092.7799999999997,1,5,5,155,Inactive product or newly launched
WAY OUT METAL SIGN ,296,8,59.39999999999999,5,2,1,521,Inactive product or newly launched
WEEKEND BAG VINTAGE ROSE PAISLEY,372,1,527.85,5,1,3,513,Inactive product or newly launched
WELCOME  WOODEN BLOCK LETTERS,6,167,4826.67,3,5,5,355,Selling consistently
WHEELBARROW FOR CHILDREN ,9,67,1406.4,3,3,4,334,Potential products
WHITE  ROSEBUD PEARL BRACELET,9,7,65.7,3,2,1,321,Inactive product or newly launched
WHITE 3 FRAME BIRDS AND TREE ,137,10,150.0,5,2,2,522,Inactive product or newly launched
WHITE ALLIUM  ARTIFICIAL FLOWER,267,3,25.35,5,1,1,511,Inactive product or newly launched
WHITE AND BLUE CERAMIC OIL BURNER,63,15,153.1,4,2,2,422,Inactive product or newly launched
WHITE ANEMONE ARTIFICIAL FLOWER,355,1,3.38,5,1,1,511,Inactive product or newly launched
WHITE BAMBOO RIBS LAMPSHADE,32,46,728.66,4,3,3,433,Potential products
WHITE BAROQUE WALL CLOCK ,16,18,349.95,3,2,3,323,Inactive product or newly launched
WHITE BEADED GARLAND STRING 20LIGHT,316,2,19.049999999999997,5,1,1,511,Inactive product or newly launched
WHITE BELL HONEYCOMB PAPER ,12,42,1390.1999999999998,3,3,4,334,Potential products
WHITE BELL HONEYCOMB PAPER GARLAND ,135,34,522.0,5,3,3,533,Potential products
WHITE BROCANTE SOAP DISH,8,106,1960.2000000000003,3,4,4,344,Selling consistently
WHITE CANDYSTUFT ARTIFICIAL FLOWER,4,19,394.15999999999997,2,2,3,223,Inactive product or newly launched
WHITE CHRISTMAS FLOCK DROPLET ,362,1,30.0,5,1,1,511,Inactive product or newly launched
WHITE CHRISTMAS GARLAND STARS TREES,8,41,656.7,3,3,3,333,Potential products
WHITE CHRISTMAS STAR DECORATION,39,29,173.88,4,3,2,432,Potential products
WHITE CHRISTMAS TREE 60CM,16,2,5.9,3,1,1,311,Inactive product or newly launched
WHITE CHRYSANTHEMUMS ART FLOWER,202,5,79.80000000000001,5,1,2,512,Inactive product or newly launched
WHITE ENAMEL FLOWER HAIR TIE,77,2,20.650000000000002,4,1,1,411,Inactive product or newly launched
WHITE FRANGIPANI HAIR CLIP,186,1,8.5,5,1,1,511,Inactive product or newly launched
WHITE FRANGIPANI NECKLACE,29,4,38.25,4,1,1,411,Inactive product or newly launched
WHITE GLASS CHUNKY CHARM BRACELET,188,8,80.55,5,2,2,522,Inactive product or newly launched
WHITE GOOSE FEATHER CHRISTMAS TREE ,2,50,781.7500000000001,1,3,3,133,Inactive product or newly launched
WHITE GOOSE FEATHER TREE 60CM ,3,42,495.29999999999995,2,3,3,233,Potential products
WHITE HAND TOWEL WITH BUTTERFLY,220,14,400.5,5,2,3,523,Inactive product or newly launched
WHITE HANGING BEADS CANDLE HOLDER,12,48,1239.5,3,3,4,334,Potential products
WHITE HANGING HEART T-LIGHT HOLDER,1,2016,100392.1,1,5,5,155,Inactive product or newly launched
WHITE HEART CONFETTI IN TUBE,3,50,929.9099999999999,2,3,3,233,Potential products
WHITE HEART OF GLASS BRACELET,243,2,17.85,5,1,1,511,Inactive product or newly launched
WHITE HEARTS WIRE PLANT POT HOLDER,1,59,873.5600000000001,1,3,3,133,Inactive product or newly launched
WHITE HONEYCOMB PAPER GARLAND ,2,29,272.25,1,3,2,132,Inactive product or newly launched
WHITE HYDRANGEA ART FLOWER,247,3,46.2,5,1,1,511,Inactive product or newly launched
WHITE JEWELLED HEART DECORATION,1,115,1594.5,1,4,4,144,Inactive product or newly launched
WHITE LOVEBIRD LANTERN,2,116,1970.65,1,4,4,144,Inactive product or newly launched
WHITE METAL LANTERN,23,245,5694.28,3,5,5,355,Selling consistently
WHITE MOROCCAN METAL LANTERN,2,12,199.17,1,2,2,122,Inactive product or newly launched
WHITE MURANO TWIST BRACELET,303,2,8.5,5,1,1,511,Inactive product or newly launched
WHITE ROCKING HORSE HAND PAINTED,1,164,3311.5,1,5,5,155,Inactive product or newly launched
WHITE ROSEBUD  PEARL EARRINGS,351,1,2.55,5,1,1,511,Inactive product or newly launched
WHITE ROSEBUD & PEARL NECKLACE,228,1,15.0,5,1,1,511,Inactive product or newly launched
WHITE SAGE INCENSE,1,25,264.6,1,2,2,122,Inactive product or newly launched
WHITE SKULL HOT WATER BOTTLE ,1,388,10215.47,1,5,5,155,Inactive product or newly launched
WHITE SOAP RACK WITH 2 BOTTLES,2,42,864.35,1,3,3,133,Inactive product or newly launched
WHITE SPOT BLUE CERAMIC DRAWER KNOB,1,279,4929.95,1,5,5,155,Inactive product or newly launched
WHITE SPOT RED CERAMIC DRAWER KNOB,3,311,5578.14,2,5,5,255,Potential products
WHITE SQUARE TABLE CLOCK,3,11,132.99,2,2,2,222,Inactive product or newly launched
WHITE STITCHED CUSHION COVER,3,17,308.48,2,2,2,222,Inactive product or newly launched
WHITE STITCHED WALL CLOCK,67,36,761.9,4,3,3,433,Potential products
WHITE STONE/CRYSTAL EARRINGS,15,1,2.95,3,1,1,311,Inactive product or newly launched
WHITE TALL PORCELAIN T-LIGHT HOLDER,22,52,1461.15,3,3,4,334,Potential products
"WHITE TEA,COFFEE,SUGAR JARS",9,59,1134.5,3,3,4,334,Potential products
WHITE TISSUE REAM,318,13,151.05,5,2,2,522,Inactive product or newly launched
WHITE TRAVEL ALARM CLOCK,19,22,314.31,3,2,2,322,Inactive product or newly launched
WHITE VINT ART DECO CRYSTAL NECKLAC,37,7,93.5,4,2,2,422,Inactive product or newly launched
WHITE VINTAGE CRYSTAL BRACELET,166,3,40.5,5,1,1,511,Inactive product or newly launched
WHITE VINTAGE CRYSTAL EARRINGS,212,3,26.25,5,1,1,511,Inactive product or newly launched
WHITE WICKER STAR ,1,278,2954.7000000000003,1,5,5,155,Inactive product or newly launched
WHITE WIRE EGG HOLDER,2,66,1881.15,1,3,4,134,Inactive product or newly launched
WHITE WIRE PLANT POT HOLDER,198,2,46.24,5,1,1,511,Inactive product or newly launched
WHITE WITH BLACK CATS PLATE,267,3,33.18,5,1,1,511,Inactive product or newly launched
WHITE WITH METAL BAG CHARM,155,1,14.850000000000001,5,1,1,511,Inactive product or newly launched
WHITE WOOD GARDEN PLANT LADDER,2,379,6768.86,1,5,5,155,Inactive product or newly launched
WHITE/PINK CHICK DECORATION,41,18,283.89,4,2,2,422,Inactive product or newly launched
WHITE/PINK CHICK EASTER DECORATION,34,9,28.9,4,2,1,421,Inactive product or newly launched
WHITE/PINK MINI CRYSTALS NECKLACE,228,1,19.8,5,1,1,511,Inactive product or newly launched
WICKER STAR ,1,308,3328.8,1,5,5,155,Inactive product or newly launched
WICKER WREATH LARGE,3,128,1303.4599999999998,2,4,4,244,Potential products
WICKER WREATH SMALL,1,98,850.87,1,4,3,143,Inactive product or newly launched
WINE BOTTLE DRESSING DARK BLUE,172,7,5.5,5,2,1,521,Inactive product or newly launched
WINE BOTTLE DRESSING LT.BLUE,234,4,3.0399999999999996,5,1,1,511,Inactive product or newly launched
WIRE EGG BASKET ,1,40,819.65,1,3,3,133,Inactive product or newly launched
WISE MAN STAR SHAPE EGG PAN,234,6,13.14,5,1,1,511,Inactive product or newly launched
WOOD 2 DRAWER CABINET WHITE FINISH,2,512,14573.720000000001,1,5,5,155,Inactive product or newly launched
WOOD AND GLASS MEDICINE CABINET,5,10,299.5,3,2,2,322,Inactive product or newly launched
WOOD BLACK BOARD ANT WHITE FINISH,1,604,34414.71,1,5,5,155,Inactive product or newly launched
WOOD S/3 CABINET ANT WHITE FINISH,60,375,11343.2,4,5,5,455,MVP
WOOD STAMP SET BEST WISHES,1,148,820.91,1,4,3,143,Inactive product or newly launched
WOOD STAMP SET FLOWERS,1,131,806.7299999999999,1,4,3,143,Inactive product or newly launched
WOOD STAMP SET HAPPY BIRTHDAY,1,122,798.67,1,4,3,143,Inactive product or newly launched
WOOD STAMP SET THANK YOU,1,205,1229.12,1,5,4,154,Inactive product or newly launched
WOOD STOCKING CHRISTMAS SCANDISPOT,1,102,704.02,1,4,3,143,Inactive product or newly launched
WOODEN ADVENT CALENDAR CREAM,1,90,5323.05,1,4,5,145,Inactive product or newly launched
WOODEN ADVENT CALENDAR RED,10,104,5047.6,3,4,5,345,Selling consistently
WOODEN BOX ADVENT CALENDAR ,16,5,89.5,3,1,2,312,Inactive product or newly launched
WOODEN BOX OF DOMINOES,1,461,7200.95,1,5,5,155,Inactive product or newly launched
WOODEN CROQUET GARDEN SET,1,241,9555.98,1,5,5,155,Inactive product or newly launched
WOODEN FRAME ANTIQUE WHITE ,1,816,17583.77,1,5,5,155,Inactive product or newly launched
WOODEN HAPPY BIRTHDAY GARLAND,8,232,5901.3,3,5,5,355,Selling consistently
WOODEN HEART CHRISTMAS SCANDINAVIAN,1,479,3415.8999999999996,1,5,5,155,Inactive product or newly launched
WOODEN OWLS LIGHT GARLAND ,1,149,5768.6,1,4,5,145,Inactive product or newly launched
WOODEN PICTURE FRAME WHITE FINISH,1,882,19945.45,1,5,5,155,Inactive product or newly launched
WOODEN REGATTA BUNTING,2,96,1356.6000000000001,1,4,4,144,Inactive product or newly launched
WOODEN ROUNDERS GARDEN SET ,1,304,11561.34,1,5,5,155,Inactive product or newly launched
WOODEN SCHOOL COLOURING SET,1,404,9064.619999999999,1,5,5,155,Inactive product or newly launched
WOODEN SKITTLES GARDEN SET,1,133,4304.849999999999,1,4,5,145,Inactive product or newly launched
WOODEN STAR CHRISTMAS SCANDINAVIAN,2,451,3164.0799999999995,1,5,5,155,Inactive product or newly launched
WOODEN TREE CHRISTMAS SCANDINAVIAN,11,287,1664.2899999999997,3,5,4,354,Selling consistently
WOODEN UNION JACK BUNTING,3,299,9928.83,2,5,5,255,Potential products
WOODLAND  HEIGHT CHART STICKERS ,4,79,1874.4,2,4,4,244,Potential products
WOODLAND  STICKERS,3,53,683.4,2,3,3,233,Potential products
WOODLAND BUNNIES LOLLY MAKERS,2,75,1129.28,1,4,4,144,Inactive product or newly launched
WOODLAND CHARLOTTE BAG,1,538,7261.94,1,5,5,155,Inactive product or newly launched
WOODLAND DESIGN  COTTON TOTE BAG,34,82,1311.75,4,4,4,444,MVP
WOODLAND LARGE BLUE FELT HEART,9,8,106.25,3,2,2,322,Inactive product or newly launched
WOODLAND LARGE PINK FELT HEART,8,10,307.18,3,2,2,322,Inactive product or newly launched
WOODLAND LARGE RED FELT HEART,9,18,247.5,3,2,2,322,Inactive product or newly launched
WOODLAND MINI BACKPACK,1,133,3133.6000000000004,1,4,5,145,Inactive product or newly launched
WOODLAND MINI RUCKSACK ,53,2,20.75,4,1,1,411,Inactive product or newly launched
WOODLAND PARTY BAG + STICKER SET,1,143,2750.96,1,4,5,145,Inactive product or newly launched
WOODLAND SMALL BLUE FELT HEART,2,28,246.51,1,3,2,132,Inactive product or newly launched
WOODLAND SMALL PINK FELT HEART,2,26,232.39999999999998,1,3,2,132,Inactive product or newly launched
WOODLAND SMALL RED FELT HEART,2,43,530.8299999999999,1,3,3,133,Inactive product or newly launched
WOODLAND STORAGE BOX LARGE ,45,22,612.05,4,2,3,423,Inactive product or newly launched
WOODLAND STORAGE BOX SMALL,10,18,411.30000000000007,3,2,3,323,Inactive product or newly launched
WORLD WAR 2 GLIDERS ASSTD DESIGNS,1,472,13558.409999999998,1,5,5,155,Inactive product or newly launched
WOVEN BERRIES CUSHION COVER ,4,7,74.25,2,2,2,222,Inactive product or newly launched
WOVEN BUBBLE GUM CUSHION COVER,31,6,69.30000000000001,4,1,1,411,Inactive product or newly launched
WOVEN CANDY CUSHION COVER ,12,5,69.3,3,1,1,311,Inactive product or newly launched
WOVEN FROST CUSHION COVER,8,6,54.45,3,1,1,311,Inactive product or newly launched
WOVEN ROSE GARDEN CUSHION COVER ,8,8,94.05000000000001,3,2,2,322,Inactive product or newly launched
WOVEN SUNSET CUSHION COVER ,83,3,59.400000000000006,4,1,1,411,Inactive product or newly launched
WRAP  PINK FLOCK,372,1,10.5,5,1,1,511,Inactive product or newly launched
WRAP  VINTAGE DOILEY ,122,2,42.0,4,1,1,411,Inactive product or newly launched
WRAP  VINTAGE DOILY ,1,93,1029.0,1,4,4,144,Inactive product or newly launched
WRAP 50'S  CHRISTMAS,1,150,1892.46,1,4,4,144,Inactive product or newly launched
WRAP A PRETTY THANK YOU,10,2,21.0,3,1,1,311,Inactive product or newly launched
WRAP ALPHABET DESIGN,1,232,3196.5,1,5,5,155,Inactive product or newly launched
WRAP ALPHABET POSTER  ,1,63,761.0,1,3,3,133,Inactive product or newly launched
WRAP BAD HAIR DAY,16,22,70.0,3,2,2,322,Inactive product or newly launched
WRAP BILLBOARD FONTS DESIGN,1,62,756.0,1,3,3,133,Inactive product or newly launched
WRAP BIRD GARDEN ,9,51,546.0,3,3,3,333,Potential products
WRAP BLUE RUSSIAN FOLKART,369,1,10.5,5,1,1,511,Inactive product or newly launched
WRAP CAROUSEL,8,14,157.5,3,2,2,322,Inactive product or newly launched
WRAP CHRISTMAS SCREEN PRINT,51,31,270.5,4,3,2,432,Potential products
WRAP CHRISTMAS VILLAGE,2,140,2003.92,1,4,4,144,Inactive product or newly launched
WRAP CIRCUS PARADE,1,100,1171.34,1,4,4,144,Inactive product or newly launched
WRAP COWBOYS  ,3,69,845.0,2,4,3,243,Potential products
WRAP DAISY CARPET ,8,26,277.2,3,3,2,332,Potential products
WRAP DOILEY DESIGN,114,162,1915.5,4,5,4,454,MVP
WRAP DOLLY GIRL,2,99,1149.5,1,4,4,144,Inactive product or newly launched
WRAP ENGLISH ROSE ,3,248,2980.42,2,5,5,255,Potential products
WRAP FLOWER SHOP  ,3,62,661.5,2,3,3,233,Potential products
WRAP FOLK ART,72,8,84.0,4,2,2,422,Inactive product or newly launched
WRAP GINGHAM ROSE ,2,82,943.92,1,4,4,144,Inactive product or newly launched
WRAP GREEN PEARS ,4,74,787.5,2,4,3,243,Potential products
WRAP GREEN RUSSIAN FOLKART ,356,2,21.0,5,1,1,511,Inactive product or newly launched
WRAP I LOVE LONDON ,4,100,1742.5,2,4,4,244,Potential products
WRAP KEEP CALM BIRTHDAY,2,36,460.5,1,3,3,133,Inactive product or newly launched
WRAP MAGIC FOREST ,2,43,451.5,1,3,3,133,Inactive product or newly launched
WRAP MONSTER FUN ,8,47,525.0,3,3,3,333,Potential products
WRAP PAISLEY PARK ,1,120,1365.0,1,4,4,144,Inactive product or newly launched
WRAP PINK FAIRY CAKES ,2,167,2331.0,1,5,4,154,Inactive product or newly launched
WRAP POPPIES  DESIGN,2,159,2105.5,1,5,4,154,Inactive product or newly launched
WRAP RED APPLES ,1,173,2157.0,1,5,4,154,Inactive product or newly launched
WRAP RED DOILEY,124,15,157.5,4,2,2,422,Inactive product or newly launched
WRAP RED VINTAGE DOILY,1,69,866.0,1,4,3,143,Inactive product or newly launched
WRAP SUKI AND FRIENDS,7,134,1687.5,3,4,4,344,Selling consistently
WRAP SUMMER ROSE DESIGN,99,4,42.0,4,1,1,411,Inactive product or newly launched
WRAP VINTAGE LEAF DESIGN,1,135,2109.42,1,4,4,144,Inactive product or newly launched
WRAP VINTAGE PETALS  DESIGN,138,104,1327.5,5,4,4,544,MVP
WRAP WEDDING DAY,2,39,528.5,1,3,3,133,Inactive product or newly launched
"WRAP, BILLBOARD FONTS DESIGN",214,34,731.0,5,3,3,533,Potential products
"WRAP, CAROUSEL",281,4,42.0,5,1,1,511,Inactive product or newly launched
YELLOW BREAKFAST CUP AND SAUCER,150,14,31.130000000000003,5,2,1,521,Inactive product or newly launched
YELLOW COAT RACK PARIS FASHION,11,91,1222.74,3,4,4,344,Selling consistently
YELLOW DRAGONFLY HELICOPTER,15,6,119.25,3,1,2,312,Inactive product or newly launched
YELLOW EASTER EGG HUNT START POST,235,18,146.25,5,2,2,522,Inactive product or newly launched
YELLOW FELT HANGING HEART W FLOWER,111,3,17.0,4,1,1,411,Inactive product or newly launched
YELLOW FLOWERS FELT HANDBAG KIT,260,18,94.50000000000001,5,2,2,522,Inactive product or newly launched
YELLOW GIANT GARDEN THERMOMETER,1,88,1535.5700000000002,1,4,4,144,Inactive product or newly launched
YELLOW METAL CHICKEN HEART ,246,61,938.12,5,3,4,534,Potential products
YELLOW PINK FLOWER DESIGN BIG BOWL,241,3,10.92,5,1,1,511,Inactive product or newly launched
YELLOW POT PLANT CANDLE,2,9,71.05,1,2,2,122,Inactive product or newly launched
YELLOW SHARK HELICOPTER,4,38,397.5,2,3,3,233,Potential products
YELLOW/BLUE RETRO RADIO,3,8,47.2,2,2,1,221,Inactive product or newly launched
YELLOW/ORANGE FLOWER DESIGN PLATE,241,2,19.72,5,1,1,511,Inactive product or newly launched
YELLOW/PINK FLOWER DESIGN BIG MUG,19,15,14.43,3,2,1,321,Inactive product or newly launched
YOU'RE CONFUSING ME METAL SIGN ,1,348,6743.98,1,5,5,155,Inactive product or newly launched
YULETIDE IMAGES GIFT WRAP SET,64,59,467.50000000000006,4,3,3,433,Potential products
YULETIDE IMAGES S/6 PAPER BOXES,329,7,30.599999999999998,5,2,1,521,Inactive product or newly launched
ZINC  HEART T-LIGHT HOLDER,14,49,997.1800000000001,3,3,4,334,Potential products
ZINC  STAR T-LIGHT HOLDER ,5,35,1357.79,3,3,4,334,Potential products
ZINC BOX SIGN HOME,9,62,1348.01,3,3,4,334,Potential products
ZINC FINISH 15CM PLANTER POTS,196,49,679.01,5,3,3,533,Potential products
ZINC FOLKART SLEIGH BELLS,1,344,7631.31,1,5,5,155,Inactive product or newly launched
ZINC HEART FLOWER T-LIGHT HOLDER,3,57,947.18,2,3,4,234,Potential products
ZINC HEART LATTICE 2 WALL PLANTER,115,11,120.64999999999999,4,2,2,422,Inactive product or newly launched
ZINC HEART LATTICE CHARGER LARGE,15,14,172.5,3,2,2,322,Inactive product or newly launched
ZINC HEART LATTICE CHARGER SMALL,33,8,61.95,4,2,1,421,Inactive product or newly launched
ZINC HEART LATTICE T-LIGHT HOLDER,3,63,784.22,2,3,3,233,Potential products
ZINC HEART LATTICE TRAY OVAL ,226,7,53.550000000000004,5,2,1,521,Inactive product or newly launched
ZINC HEARTS PLANT POT HOLDER,2,49,746.15,1,3,3,133,Inactive product or newly launched
ZINC HERB GARDEN CONTAINER,29,188,3279.82,4,5,5,455,MVP
ZINC METAL HEART DECORATION,1,486,7099.93,1,5,5,155,Inactive product or newly launched
ZINC PLANT POT HOLDER,211,1,23.12,5,1,1,511,Inactive product or newly launched
ZINC STAR T-LIGHT HOLDER ,197,1,10.0,5,1,1,511,Inactive product or newly launched
ZINC SWEETHEART SOAP DISH,1,19,104.41000000000001,1,2,2,122,Inactive product or newly launched
ZINC SWEETHEART WIRE LETTER RACK,1,78,923.63,1,4,3,143,Inactive product or newly launched
ZINC T-LIGHT HOLDER STAR LARGE,1,149,1896.5399999999997,1,4,4,144,Inactive product or newly launched
ZINC T-LIGHT HOLDER STARS LARGE,145,2,22.799999999999997,5,1,1,511,Inactive product or newly launched
ZINC T-LIGHT HOLDER STARS SMALL,1,238,3879.9799999999996,1,5,5,155,Inactive product or newly launched
ZINC TOP  2 DOOR WOODEN SHELF ,29,9,169.5,4,2,2,422,Inactive product or newly launched
ZINC WILLIE WINKIE  CANDLE STICK,1,191,2176.1,1,5,4,154,Inactive product or newly launched
ZINC WIRE KITCHEN ORGANISER,1,12,156.8,1,2,2,122,Inactive product or newly launched
ZINC WIRE SWEETHEART LETTER TRAY,3,20,253.24,2,2,2,222,Inactive product or newly launched
